[21Nov2025 00:19:30.823] [Server thread/INFO] [net.minecraft.server.MinecraftServer/]: [___________12345: Teleported ___________12345 to 3315.500000, 64.500000, -1908.500000]
[21Nov2025 00:19:30.842] [Server thread/WARN] [net.minecraft.server.network.ServerGamePacketListenerImpl/]: ___________12345 moved too quickly! -316.3983632106547,-50.5,718.9199488566924
[21Nov2025 00:31:02.387] [Server thread/INFO] [net.minecraft.server.MinecraftServer/]: [___________12345: Teleported ___________12345 to 2664.500000, 66.500000, -2017.500000]
[21Nov2025 00:31:02.406] [Server thread/WARN] [net.minecraft.server.network.ServerGamePacketListenerImpl/]: ___________12345 moved too quickly! -657.336090257415,0.5,-251.58407840615087
[21Nov2025 00:35:30.506] [Server thread/INFO] [net.minecraft.world.entity.LivingEntity/]: Named entity NPC['Aaron'/29702, l='ServerLevel[world]', x=2737.50, y=50.00, z=-1962.50] died: Aaron drowned
[21Nov2025 00:36:14.509] [Server thread/INFO] [net.minecraft.server.MinecraftServer/]: [___________12345: Teleported ___________12345 to Dulmin]
[21Nov2025 00:38:38.057] [Server thread/INFO] [net.minecraft.server.MinecraftServer/]: [___________12345: Teleported ___________12345 to 5942.500000, 46.500000, -2489.500000]
[21Nov2025 00:38:38.351] [Server thread/INFO] [net.minecraft.server.MinecraftServer/]: [Pixelmon] Lunala has appeared in a den in a Ultra Deep Sea biome!
[21Nov2025 00:38:38.352] [Server thread/INFO] [net.minecraft.server.MinecraftServer/]: Spawned Lunala at: pixelmon:ultra_space x:5845, y:53, z:-2565
[21Nov2025 00:39:06.440] [Server thread/INFO] [net.minecraft.server.MinecraftServer/]: [___________12345: Teleported ___________12345 to 3590.500000, 52.500000, -5325.500000]
[21Nov2025 00:39:06.858] [Server thread/INFO] [net.minecraft.server.MinecraftServer/]: [Pixelmon] Necrozma has appeared in a den in a Ultra Plant biome!
[21Nov2025 00:39:06.858] [Server thread/INFO] [net.minecraft.server.MinecraftServer/]: Spawned Necrozma at: pixelmon:ultra_space x:3691, y:59, z:-5205
[21Nov2025 00:46:28.080] [Server thread/INFO] [net.minecraft.server.MinecraftServer/]: [Pixelmon] Necrozma has appeared in a den in a Ultra Jungle biome!
[21Nov2025 00:46:28.081] [Server thread/INFO] [net.minecraft.server.MinecraftServer/]: Spawned Necrozma at: pixelmon:ultra_space x:2340, y:61, z:31476
[21Nov2025 01:11:01.565] [pixelmon_async_storage_3/ERROR] [com.pixelmonmod.pixelmon.Pixelmon/]: Missing context for key: pixelmon:pokemon_entity
[21Nov2025 01:12:53.110] [Server thread/WARN] [net.minecraft.server.network.ServerGamePacketListenerImpl/]: ___________12345 moved wrongly!
[21Nov2025 01:17:48.855] [Server thread/WARN] [net.minecraft.server.network.ServerGamePacketListenerImpl/]: ___________12345 moved wrongly!
[21Nov2025 01:20:35.367] [Server thread/INFO] [net.minecraft.server.MinecraftServer/]: [___________12345: Teleported ___________12345 to 2863.500000, 58.500000, -4581.500000]
[21Nov2025 01:22:30.988] [Server thread/INFO] [net.minecraft.server.MinecraftServer/]: [Pixelmon] Solgaleo has appeared in a den in a Ultra Crater biome!
[21Nov2025 01:22:30.989] [Server thread/INFO] [net.minecraft.server.MinecraftServer/]: Spawned Solgaleo at: pixelmon:ultra_space x:2636, y:59, z:-4644
[21Nov2025 01:23:17.230] [Server thread/INFO] [net.minecraft.server.network.ServerGamePacketListenerImpl/]: ___________12345 lost connection: Disconnected
[21Nov2025 01:23:17.230] [Server thread/INFO] [net.minecraft.server.MinecraftServer/]: ___________12345 left the game
[21Nov2025 01:23:17.231] [Server thread/INFO] [voicechat/]: [voicechat] Disconnecting client ___________12345
[21Nov2025 01:26:47.469] [User Authenticator #60/INFO] [net.minecraft.server.network.ServerLoginPacketListenerImpl/]: UUID of player ___________12345 is 97610a1d-b4f7-4884-8782-bc4959586510
[21Nov2025 01:26:51.161] [Server thread/INFO] [net.minecraft.server.players.PlayerList/]: ___________12345[/172.19.0.1:58622] logged in with entity id 31604 at (2775.5925274324118, 46.946715428795244, -4558.929193232172)
[21Nov2025 01:26:51.164] [Server thread/INFO] [net.minecraft.server.MinecraftServer/]: ___________12345 joined the game
[21Nov2025 01:27:16.588] [Server thread/WARN] [net.minecraft.server.MinecraftServer/]: Can't keep up! Is the server overloaded? Running 25477ms or 509 ticks behind
[21Nov2025 01:27:16.634] [Server thread/INFO] [com.b1n_ry.yigd.Yigd/]: Priority overwritten for player ___________12345. Claiming: GRAVE / Robbing: INVENTORY
[21Nov2025 01:27:16.637] [Server thread/INFO] [voicechat/]: [voicechat] Received secret request of ___________12345 (20)
[21Nov2025 01:27:16.638] [Server thread/INFO] [voicechat/]: [voicechat] Sent secret to ___________12345
[21Nov2025 01:29:34.417] [Server thread/INFO] [net.minecraft.server.MinecraftServer/]: [Pixelmon] Solgaleo has appeared in a den in a Ultra Crater biome!
[21Nov2025 01:29:34.417] [Server thread/INFO] [net.minecraft.server.MinecraftServer/]: Spawned Solgaleo at: pixelmon:ultra_space x:2564, y:38, z:-4637
[21Nov2025 01:41:34.876] [Server thread/WARN] [net.minecraft.server.network.ServerGamePacketListenerImpl/]: ___________12345 moved wrongly!
[21Nov2025 01:47:22.508] [Server thread/INFO] [net.minecraft.server.network.ServerGamePacketListenerImpl/]: ___________12345 lost connection: Disconnected
[21Nov2025 01:47:22.509] [Server thread/INFO] [net.minecraft.server.MinecraftServer/]: ___________12345 left the game
[21Nov2025 01:47:22.510] [Server thread/INFO] [voicechat/]: [voicechat] Disconnecting client ___________12345
[21Nov2025 02:14:23.314] [User Authenticator #61/INFO] [net.minecraft.server.network.ServerLoginPacketListenerImpl/]: UUID of player ___________12345 is 97610a1d-b4f7-4884-8782-bc4959586510
[21Nov2025 02:14:25.599] [Server thread/INFO] [net.minecraft.server.players.PlayerList/]: ___________12345[/172.19.0.1:32836] logged in with entity id 32735 at (2730.4538170068076, 53.5, -4705.192101052706)
[21Nov2025 02:14:25.603] [Server thread/INFO] [net.minecraft.server.MinecraftServer/]: ___________12345 joined the game
[21Nov2025 02:14:53.333] [Server thread/WARN] [net.minecraft.server.MinecraftServer/]: Can't keep up! Is the server overloaded? Running 27762ms or 555 ticks behind
[21Nov2025 02:14:53.376] [Server thread/INFO] [com.b1n_ry.yigd.Yigd/]: Priority overwritten for player ___________12345. Claiming: GRAVE / Robbing: INVENTORY
[21Nov2025 02:14:53.379] [Server thread/INFO] [voicechat/]: [voicechat] Received secret request of ___________12345 (20)
[21Nov2025 02:14:53.381] [Server thread/INFO] [voicechat/]: [voicechat] Sent secret to ___________12345
[21Nov2025 02:27:20.994] [Server thread/INFO] [net.minecraft.server.MinecraftServer/]: [Pixelmon] Solgaleo has appeared in a den in a Ultra Desert biome!
[21Nov2025 02:27:20.994] [Server thread/INFO] [net.minecraft.server.MinecraftServer/]: Spawned Solgaleo at: pixelmon:ultra_space x:2820, y:43, z:-4620
[21Nov2025 02:28:42.690] [Server thread/INFO] [net.minecraft.server.MinecraftServer/]: [Pixelmon] Solgaleo has appeared in a den in a Ultra Desert biome!
[21Nov2025 02:28:42.691] [Server thread/INFO] [net.minecraft.server.MinecraftServer/]: Spawned Solgaleo at: pixelmon:ultra_space x:2956, y:56, z:-4628
[21Nov2025 02:29:24.148] [Netty Epoll Server IO #7/ERROR] [com.pixelmonmod.pixelmon.Pixelmon/]: Failed to encode packet: com.pixelmonmod.pixelmon.battles.tasks.RaidDropsTask
io.netty.handler.codec.EncoderException: Failed to encode: Value must be within range [1;99]: 0; Item must not be minecraft:air 0 minecraft:air
	at TRANSFORMER/minecraft@1.21.1/net.minecraft.network.FriendlyByteBuf.lambda$writeJsonWithCodec$3(FriendlyByteBuf.java:110) ~[server-1.21.1-20240808.144430-srg.jar%23130!/:?]
	at MC-BOOTSTRAP/datafixerupper@8.0.16/com.mojang.serialization.DataResult$Error.getOrThrow(DataResult.java:287) ~[datafixerupper-8.0.16.jar%23100!/:?]
	at TRANSFORMER/minecraft@1.21.1/net.minecraft.network.FriendlyByteBuf.writeJsonWithCodec(FriendlyByteBuf.java:110) ~[server-1.21.1-20240808.144430-srg.jar%23130!/:?]
	at TRANSFORMER/pixelmon@9.3.9/com.pixelmonmod.pixelmon.battles.tasks.RaidDropsTask.encode(RaidDropsTask.java:109) ~[Pixelmon-1.21.1-9.3.9-universal.jar%23138!/:9.3.9-PIPE28826]
	at TRANSFORMER/pixelmon@9.3.9/com.pixelmonmod.pixelmon.comm.data.PixelmonPacket.encode(PixelmonPacket.java:23) ~[Pixelmon-1.21.1-9.3.9-universal.jar%23138!/:9.3.9-PIPE28826]
	at TRANSFORMER/pixelmon@9.3.9/com.pixelmonmod.pixelmon.comm.PacketRegistry.encode(PacketRegistry.java:702) ~[Pixelmon-1.21.1-9.3.9-universal.jar%23138!/:9.3.9-PIPE28826]
	at TRANSFORMER/minecraft@1.21.1/net.minecraft.network.codec.StreamCodec$1.encode(StreamCodec.java:25) ~[server-1.21.1-20240808.144430-srg.jar%23130!/:?]
	at TRANSFORMER/minecraft@1.21.1/net.minecraft.network.protocol.common.custom.CustomPacketPayload$1.writeCap(CustomPacketPayload.java:40) ~[server-1.21.1-20240808.144430-srg.jar%23130!/:?]
	at TRANSFORMER/minecraft@1.21.1/net.minecraft.network.protocol.common.custom.CustomPacketPayload$1.encode(CustomPacketPayload.java:47) ~[server-1.21.1-20240808.144430-srg.jar%23130!/:?]
	at TRANSFORMER/minecraft@1.21.1/net.minecraft.network.protocol.common.custom.CustomPacketPayload$1.encode(CustomPacketPayload.java:29) ~[server-1.21.1-20240808.144430-srg.jar%23130!/:?]
	at TRANSFORMER/minecraft@1.21.1/net.minecraft.network.codec.StreamCodec$4.encode(StreamCodec.java:81) ~[server-1.21.1-20240808.144430-srg.jar%23130!/:?]
	at TRANSFORMER/minecraft@1.21.1/net.minecraft.network.codec.StreamCodec$5.encode(StreamCodec.java:97) ~[server-1.21.1-20240808.144430-srg.jar%23130!/:?]
	at TRANSFORMER/minecraft@1.21.1/net.minecraft.network.codec.StreamCodec$5.encode(StreamCodec.java:87) ~[server-1.21.1-20240808.144430-srg.jar%23130!/:?]
	at TRANSFORMER/minecraft@1.21.1/net.minecraft.network.codec.IdDispatchCodec.encode(IdDispatchCodec.java:53) ~[server-1.21.1-20240808.144430-srg.jar%23130!/:?]
	at TRANSFORMER/minecraft@1.21.1/net.minecraft.network.codec.IdDispatchCodec.encode(IdDispatchCodec.java:14) ~[server-1.21.1-20240808.144430-srg.jar%23130!/:?]
	at TRANSFORMER/neoforge@21.1.209/net.neoforged.neoforge.network.filters.GenericPacketSplitter.encode(GenericPacketSplitter.java:104) ~[neoforge-21.1.209-universal.jar%23131!/:?]
	at TRANSFORMER/neoforge@21.1.209/net.neoforged.neoforge.network.filters.GenericPacketSplitter.encode(GenericPacketSplitter.java:39) ~[neoforge-21.1.209-universal.jar%23131!/:?]
	at MC-BOOTSTRAP/io.netty.codec@4.1.97.Final/io.netty.handler.codec.MessageToMessageEncoder.write(MessageToMessageEncoder.java:90) ~[netty-codec-4.1.97.Final.jar%23102!/:4.1.97.Final]
	at MC-BOOTSTRAP/io.netty.transport@4.1.97.Final/io.netty.channel.AbstractChannelHandlerContext.invokeWrite0(AbstractChannelHandlerContext.java:881) ~[netty-transport-4.1.97.Final.jar%23106!/:4.1.97.Final]
	at MC-BOOTSTRAP/io.netty.transport@4.1.97.Final/io.netty.channel.AbstractChannelHandlerContext.invokeWrite(AbstractChannelHandlerContext.java:863) ~[netty-transport-4.1.97.Final.jar%23106!/:4.1.97.Final]
	at MC-BOOTSTRAP/io.netty.transport@4.1.97.Final/io.netty.channel.AbstractChannelHandlerContext.write(AbstractChannelHandlerContext.java:968) ~[netty-transport-4.1.97.Final.jar%23106!/:4.1.97.Final]
	at MC-BOOTSTRAP/io.netty.transport@4.1.97.Final/io.netty.channel.AbstractChannelHandlerContext.write(AbstractChannelHandlerContext.java:856) ~[netty-transport-4.1.97.Final.jar%23106!/:4.1.97.Final]
	at MC-BOOTSTRAP/io.netty.codec@4.1.97.Final/io.netty.handler.codec.MessageToMessageEncoder.write(MessageToMessageEncoder.java:113) ~[netty-codec-4.1.97.Final.jar%23102!/:4.1.97.Final]
	at MC-BOOTSTRAP/io.netty.transport@4.1.97.Final/io.netty.channel.AbstractChannelHandlerContext.invokeWrite0(AbstractChannelHandlerContext.java:881) ~[netty-transport-4.1.97.Final.jar%23106!/:4.1.97.Final]
	at MC-BOOTSTRAP/io.netty.transport@4.1.97.Final/io.netty.channel.AbstractChannelHandlerContext.invokeWrite(AbstractChannelHandlerContext.java:863) ~[netty-transport-4.1.97.Final.jar%23106!/:4.1.97.Final]
	at MC-BOOTSTRAP/io.netty.transport@4.1.97.Final/io.netty.channel.AbstractChannelHandlerContext.write(AbstractChannelHandlerContext.java:968) ~[netty-transport-4.1.97.Final.jar%23106!/:4.1.97.Final]
	at MC-BOOTSTRAP/io.netty.transport@4.1.97.Final/io.netty.channel.AbstractChannelHandlerContext.write(AbstractChannelHandlerContext.java:856) ~[netty-transport-4.1.97.Final.jar%23106!/:4.1.97.Final]
	at MC-BOOTSTRAP/io.netty.transport@4.1.97.Final/io.netty.channel.ChannelOutboundHandlerAdapter.write(ChannelOutboundHandlerAdapter.java:113) ~[netty-transport-4.1.97.Final.jar%23106!/:4.1.97.Final]
	at TRANSFORMER/minecraft@1.21.1/net.minecraft.network.Connection$2.write(Connection.java:528) ~[server-1.21.1-20240808.144430-srg.jar%23130!/:?]
	at MC-BOOTSTRAP/io.netty.transport@4.1.97.Final/io.netty.channel.AbstractChannelHandlerContext.invokeWrite0(AbstractChannelHandlerContext.java:881) ~[netty-transport-4.1.97.Final.jar%23106!/:4.1.97.Final]
	at MC-BOOTSTRAP/io.netty.transport@4.1.97.Final/io.netty.channel.AbstractChannelHandlerContext.invokeWriteAndFlush(AbstractChannelHandlerContext.java:940) ~[netty-transport-4.1.97.Final.jar%23106!/:4.1.97.Final]
	at MC-BOOTSTRAP/io.netty.transport@4.1.97.Final/io.netty.channel.AbstractChannelHandlerContext.write(AbstractChannelHandlerContext.java:966) ~[netty-transport-4.1.97.Final.jar%23106!/:4.1.97.Final]
	at MC-BOOTSTRAP/io.netty.transport@4.1.97.Final/io.netty.channel.AbstractChannelHandlerContext.writeAndFlush(AbstractChannelHandlerContext.java:934) ~[netty-transport-4.1.97.Final.jar%23106!/:4.1.97.Final]
	at MC-BOOTSTRAP/io.netty.transport@4.1.97.Final/io.netty.channel.AbstractChannelHandlerContext.writeAndFlush(AbstractChannelHandlerContext.java:984) ~[netty-transport-4.1.97.Final.jar%23106!/:4.1.97.Final]
	at MC-BOOTSTRAP/io.netty.transport@4.1.97.Final/io.netty.channel.DefaultChannelPipeline.writeAndFlush(DefaultChannelPipeline.java:1025) ~[netty-transport-4.1.97.Final.jar%23106!/:4.1.97.Final]
	at MC-BOOTSTRAP/io.netty.transport@4.1.97.Final/io.netty.channel.AbstractChannel.writeAndFlush(AbstractChannel.java:306) ~[netty-transport-4.1.97.Final.jar%23106!/:4.1.97.Final]
	at TRANSFORMER/minecraft@1.21.1/net.minecraft.network.Connection.doSendPacket$mixinextras$wrapped$77(Connection.java:364) ~[server-1.21.1-20240808.144430-srg.jar%23130!/:?]
	at TRANSFORMER/minecraft@1.21.1/net.minecraft.network.Connection.mixinextras$bridge$doSendPacket$mixinextras$wrapped$77$78(Connection.java) ~[server-1.21.1-20240808.144430-srg.jar%23130!/:?]
	at TRANSFORMER/minecraft@1.21.1/net.minecraft.network.Connection.wrapMethod$zcl000$modernfix$checkClientPresence(Connection.java:750) ~[server-1.21.1-20240808.144430-srg.jar%23130!/:?]
	at TRANSFORMER/minecraft@1.21.1/net.minecraft.network.Connection.doSendPacket(Connection.java) ~[server-1.21.1-20240808.144430-srg.jar%23130!/:?]
	at TRANSFORMER/minecraft@1.21.1/net.minecraft.network.Connection.lambda$sendPacket$12(Connection.java:359) ~[server-1.21.1-20240808.144430-srg.jar%23130!/:?]
	at MC-BOOTSTRAP/io.netty.common@4.1.97.Final/io.netty.util.concurrent.AbstractEventExecutor.runTask(AbstractEventExecutor.java:174) ~[netty-common-4.1.97.Final.jar%23103!/:4.1.97.Final]
	at MC-BOOTSTRAP/io.netty.common@4.1.97.Final/io.netty.util.concurrent.AbstractEventExecutor.safeExecute(AbstractEventExecutor.java:167) ~[netty-common-4.1.97.Final.jar%23103!/:4.1.97.Final]
	at MC-BOOTSTRAP/io.netty.common@4.1.97.Final/io.netty.util.concurrent.SingleThreadEventExecutor.runAllTasks(SingleThreadEventExecutor.java:470) ~[netty-common-4.1.97.Final.jar%23103!/:4.1.97.Final]
	at MC-BOOTSTRAP/io.netty.transport.classes.epoll@4.1.97.Final/io.netty.channel.epoll.EpollEventLoop.run(EpollEventLoop.java:413) ~[netty-transport-classes-epoll-4.1.97.Final.jar%23107!/:4.1.97.Final]
	at MC-BOOTSTRAP/io.netty.common@4.1.97.Final/io.netty.util.concurrent.SingleThreadEventExecutor$4.run(SingleThreadEventExecutor.java:997) ~[netty-common-4.1.97.Final.jar%23103!/:4.1.97.Final]
	at MC-BOOTSTRAP/io.netty.common@4.1.97.Final/io.netty.util.internal.ThreadExecutorMap$2.run(ThreadExecutorMap.java:74) ~[netty-common-4.1.97.Final.jar%23103!/:4.1.97.Final]
	at java.base/java.lang.Thread.run(Unknown Source) [?:?]
[21Nov2025 02:29:24.153] [Netty Epoll Server IO #7/ERROR] [net.minecraft.network.Connection/]: Exception caught in connection
io.netty.handler.codec.EncoderException: Failed to encode packet 'clientbound/minecraft:custom_payload'
	at TRANSFORMER/minecraft@1.21.1/net.minecraft.network.codec.IdDispatchCodec.encode(IdDispatchCodec.java:55) ~[server-1.21.1-20240808.144430-srg.jar%23130!/:?]
	at TRANSFORMER/minecraft@1.21.1/net.minecraft.network.codec.IdDispatchCodec.encode(IdDispatchCodec.java:14) ~[server-1.21.1-20240808.144430-srg.jar%23130!/:?]
	at TRANSFORMER/neoforge@21.1.209/net.neoforged.neoforge.network.filters.GenericPacketSplitter.encode(GenericPacketSplitter.java:104) ~[neoforge-21.1.209-universal.jar%23131!/:?]
	at TRANSFORMER/neoforge@21.1.209/net.neoforged.neoforge.network.filters.GenericPacketSplitter.encode(GenericPacketSplitter.java:39) ~[neoforge-21.1.209-universal.jar%23131!/:?]
	at MC-BOOTSTRAP/io.netty.codec@4.1.97.Final/io.netty.handler.codec.MessageToMessageEncoder.write(MessageToMessageEncoder.java:90) ~[netty-codec-4.1.97.Final.jar%23102!/:4.1.97.Final]
	at MC-BOOTSTRAP/io.netty.transport@4.1.97.Final/io.netty.channel.AbstractChannelHandlerContext.invokeWrite0(AbstractChannelHandlerContext.java:881) ~[netty-transport-4.1.97.Final.jar%23106!/:4.1.97.Final]
	at MC-BOOTSTRAP/io.netty.transport@4.1.97.Final/io.netty.channel.AbstractChannelHandlerContext.invokeWrite(AbstractChannelHandlerContext.java:863) ~[netty-transport-4.1.97.Final.jar%23106!/:4.1.97.Final]
	at MC-BOOTSTRAP/io.netty.transport@4.1.97.Final/io.netty.channel.AbstractChannelHandlerContext.write(AbstractChannelHandlerContext.java:968) ~[netty-transport-4.1.97.Final.jar%23106!/:4.1.97.Final]
	at MC-BOOTSTRAP/io.netty.transport@4.1.97.Final/io.netty.channel.AbstractChannelHandlerContext.write(AbstractChannelHandlerContext.java:856) ~[netty-transport-4.1.97.Final.jar%23106!/:4.1.97.Final]
	at MC-BOOTSTRAP/io.netty.codec@4.1.97.Final/io.netty.handler.codec.MessageToMessageEncoder.write(MessageToMessageEncoder.java:113) ~[netty-codec-4.1.97.Final.jar%23102!/:4.1.97.Final]
	at MC-BOOTSTRAP/io.netty.transport@4.1.97.Final/io.netty.channel.AbstractChannelHandlerContext.invokeWrite0(AbstractChannelHandlerContext.java:881) ~[netty-transport-4.1.97.Final.jar%23106!/:4.1.97.Final]
	at MC-BOOTSTRAP/io.netty.transport@4.1.97.Final/io.netty.channel.AbstractChannelHandlerContext.invokeWrite(AbstractChannelHandlerContext.java:863) ~[netty-transport-4.1.97.Final.jar%23106!/:4.1.97.Final]
	at MC-BOOTSTRAP/io.netty.transport@4.1.97.Final/io.netty.channel.AbstractChannelHandlerContext.write(AbstractChannelHandlerContext.java:968) ~[netty-transport-4.1.97.Final.jar%23106!/:4.1.97.Final]
	at MC-BOOTSTRAP/io.netty.transport@4.1.97.Final/io.netty.channel.AbstractChannelHandlerContext.write(AbstractChannelHandlerContext.java:856) ~[netty-transport-4.1.97.Final.jar%23106!/:4.1.97.Final]
	at MC-BOOTSTRAP/io.netty.transport@4.1.97.Final/io.netty.channel.ChannelOutboundHandlerAdapter.write(ChannelOutboundHandlerAdapter.java:113) ~[netty-transport-4.1.97.Final.jar%23106!/:4.1.97.Final]
	at TRANSFORMER/minecraft@1.21.1/net.minecraft.network.Connection$2.write(Connection.java:528) ~[server-1.21.1-20240808.144430-srg.jar%23130!/:?]
	at MC-BOOTSTRAP/io.netty.transport@4.1.97.Final/io.netty.channel.AbstractChannelHandlerContext.invokeWrite0(AbstractChannelHandlerContext.java:881) ~[netty-transport-4.1.97.Final.jar%23106!/:4.1.97.Final]
	at MC-BOOTSTRAP/io.netty.transport@4.1.97.Final/io.netty.channel.AbstractChannelHandlerContext.invokeWriteAndFlush(AbstractChannelHandlerContext.java:940) ~[netty-transport-4.1.97.Final.jar%23106!/:4.1.97.Final]
	at MC-BOOTSTRAP/io.netty.transport@4.1.97.Final/io.netty.channel.AbstractChannelHandlerContext.write(AbstractChannelHandlerContext.java:966) ~[netty-transport-4.1.97.Final.jar%23106!/:4.1.97.Final]
	at MC-BOOTSTRAP/io.netty.transport@4.1.97.Final/io.netty.channel.AbstractChannelHandlerContext.writeAndFlush(AbstractChannelHandlerContext.java:934) ~[netty-transport-4.1.97.Final.jar%23106!/:4.1.97.Final]
	at MC-BOOTSTRAP/io.netty.transport@4.1.97.Final/io.netty.channel.AbstractChannelHandlerContext.writeAndFlush(AbstractChannelHandlerContext.java:984) ~[netty-transport-4.1.97.Final.jar%23106!/:4.1.97.Final]
	at MC-BOOTSTRAP/io.netty.transport@4.1.97.Final/io.netty.channel.DefaultChannelPipeline.writeAndFlush(DefaultChannelPipeline.java:1025) ~[netty-transport-4.1.97.Final.jar%23106!/:4.1.97.Final]
	at MC-BOOTSTRAP/io.netty.transport@4.1.97.Final/io.netty.channel.AbstractChannel.writeAndFlush(AbstractChannel.java:306) ~[netty-transport-4.1.97.Final.jar%23106!/:4.1.97.Final]
	at TRANSFORMER/minecraft@1.21.1/net.minecraft.network.Connection.doSendPacket$mixinextras$wrapped$77(Connection.java:364) ~[server-1.21.1-20240808.144430-srg.jar%23130!/:?]
	at TRANSFORMER/minecraft@1.21.1/net.minecraft.network.Connection.mixinextras$bridge$doSendPacket$mixinextras$wrapped$77$78(Connection.java) ~[server-1.21.1-20240808.144430-srg.jar%23130!/:?]
	at TRANSFORMER/minecraft@1.21.1/net.minecraft.network.Connection.wrapMethod$zcl000$modernfix$checkClientPresence(Connection.java:750) ~[server-1.21.1-20240808.144430-srg.jar%23130!/:?]
	at TRANSFORMER/minecraft@1.21.1/net.minecraft.network.Connection.doSendPacket(Connection.java) ~[server-1.21.1-20240808.144430-srg.jar%23130!/:?]
	at TRANSFORMER/minecraft@1.21.1/net.minecraft.network.Connection.lambda$sendPacket$12(Connection.java:359) ~[server-1.21.1-20240808.144430-srg.jar%23130!/:?]
	at MC-BOOTSTRAP/io.netty.common@4.1.97.Final/io.netty.util.concurrent.AbstractEventExecutor.runTask(AbstractEventExecutor.java:174) ~[netty-common-4.1.97.Final.jar%23103!/:4.1.97.Final]
	at MC-BOOTSTRAP/io.netty.common@4.1.97.Final/io.netty.util.concurrent.AbstractEventExecutor.safeExecute(AbstractEventExecutor.java:167) ~[netty-common-4.1.97.Final.jar%23103!/:4.1.97.Final]
	at MC-BOOTSTRAP/io.netty.common@4.1.97.Final/io.netty.util.concurrent.SingleThreadEventExecutor.runAllTasks(SingleThreadEventExecutor.java:470) ~[netty-common-4.1.97.Final.jar%23103!/:4.1.97.Final]
	at MC-BOOTSTRAP/io.netty.transport.classes.epoll@4.1.97.Final/io.netty.channel.epoll.EpollEventLoop.run(EpollEventLoop.java:413) ~[netty-transport-classes-epoll-4.1.97.Final.jar%23107!/:4.1.97.Final]
	at MC-BOOTSTRAP/io.netty.common@4.1.97.Final/io.netty.util.concurrent.SingleThreadEventExecutor$4.run(SingleThreadEventExecutor.java:997) ~[netty-common-4.1.97.Final.jar%23103!/:4.1.97.Final]
	at MC-BOOTSTRAP/io.netty.common@4.1.97.Final/io.netty.util.internal.ThreadExecutorMap$2.run(ThreadExecutorMap.java:74) ~[netty-common-4.1.97.Final.jar%23103!/:4.1.97.Final]
	at java.base/java.lang.Thread.run(Unknown Source) [?:?]
Caused by: java.lang.RuntimeException: Failed encoding custom payload pixelmon:raiddropstask: java.lang.RuntimeException: Failed to encode packet: com.pixelmonmod.pixelmon.battles.tasks.RaidDropsTask
	at TRANSFORMER/minecraft@1.21.1/net.minecraft.network.protocol.common.custom.CustomPacketPayload$1.writeCap(CustomPacketPayload.java:42) ~[server-1.21.1-20240808.144430-srg.jar%23130!/:?]
	at TRANSFORMER/minecraft@1.21.1/net.minecraft.network.protocol.common.custom.CustomPacketPayload$1.encode(CustomPacketPayload.java:47) ~[server-1.21.1-20240808.144430-srg.jar%23130!/:?]
	at TRANSFORMER/minecraft@1.21.1/net.minecraft.network.protocol.common.custom.CustomPacketPayload$1.encode(CustomPacketPayload.java:29) ~[server-1.21.1-20240808.144430-srg.jar%23130!/:?]
	at TRANSFORMER/minecraft@1.21.1/net.minecraft.network.codec.StreamCodec$4.encode(StreamCodec.java:81) ~[server-1.21.1-20240808.144430-srg.jar%23130!/:?]
	at TRANSFORMER/minecraft@1.21.1/net.minecraft.network.codec.StreamCodec$5.encode(StreamCodec.java:97) ~[server-1.21.1-20240808.144430-srg.jar%23130!/:?]
	at TRANSFORMER/minecraft@1.21.1/net.minecraft.network.codec.StreamCodec$5.encode(StreamCodec.java:87) ~[server-1.21.1-20240808.144430-srg.jar%23130!/:?]
	at TRANSFORMER/minecraft@1.21.1/net.minecraft.network.codec.IdDispatchCodec.encode(IdDispatchCodec.java:53) ~[server-1.21.1-20240808.144430-srg.jar%23130!/:?]
	... 34 more
Caused by: java.lang.RuntimeException: Failed to encode packet: com.pixelmonmod.pixelmon.battles.tasks.RaidDropsTask
	at TRANSFORMER/pixelmon@9.3.9/com.pixelmonmod.pixelmon.comm.PacketRegistry.encode(PacketRegistry.java:705) ~[Pixelmon-1.21.1-9.3.9-universal.jar%23138!/:9.3.9-PIPE28826]
	at TRANSFORMER/minecraft@1.21.1/net.minecraft.network.codec.StreamCodec$1.encode(StreamCodec.java:25) ~[server-1.21.1-20240808.144430-srg.jar%23130!/:?]
	at TRANSFORMER/minecraft@1.21.1/net.minecraft.network.protocol.common.custom.CustomPacketPayload$1.writeCap(CustomPacketPayload.java:40) ~[server-1.21.1-20240808.144430-srg.jar%23130!/:?]
	at TRANSFORMER/minecraft@1.21.1/net.minecraft.network.protocol.common.custom.CustomPacketPayload$1.encode(CustomPacketPayload.java:47) ~[server-1.21.1-20240808.144430-srg.jar%23130!/:?]
	at TRANSFORMER/minecraft@1.21.1/net.minecraft.network.protocol.common.custom.CustomPacketPayload$1.encode(CustomPacketPayload.java:29) ~[server-1.21.1-20240808.144430-srg.jar%23130!/:?]
	at TRANSFORMER/minecraft@1.21.1/net.minecraft.network.codec.StreamCodec$4.encode(StreamCodec.java:81) ~[server-1.21.1-20240808.144430-srg.jar%23130!/:?]
	at TRANSFORMER/minecraft@1.21.1/net.minecraft.network.codec.StreamCodec$5.encode(StreamCodec.java:97) ~[server-1.21.1-20240808.144430-srg.jar%23130!/:?]
	at TRANSFORMER/minecraft@1.21.1/net.minecraft.network.codec.StreamCodec$5.encode(StreamCodec.java:87) ~[server-1.21.1-20240808.144430-srg.jar%23130!/:?]
	at TRANSFORMER/minecraft@1.21.1/net.minecraft.network.codec.IdDispatchCodec.encode(IdDispatchCodec.java:53) ~[server-1.21.1-20240808.144430-srg.jar%23130!/:?]
	... 34 more
Caused by: io.netty.handler.codec.EncoderException: Failed to encode: Value must be within range [1;99]: 0; Item must not be minecraft:air 0 minecraft:air
	at TRANSFORMER/minecraft@1.21.1/net.minecraft.network.FriendlyByteBuf.lambda$writeJsonWithCodec$3(FriendlyByteBuf.java:110) ~[server-1.21.1-20240808.144430-srg.jar%23130!/:?]
	at MC-BOOTSTRAP/datafixerupper@8.0.16/com.mojang.serialization.DataResult$Error.getOrThrow(DataResult.java:287) ~[datafixerupper-8.0.16.jar%23100!/:?]
	at TRANSFORMER/minecraft@1.21.1/net.minecraft.network.FriendlyByteBuf.writeJsonWithCodec(FriendlyByteBuf.java:110) ~[server-1.21.1-20240808.144430-srg.jar%23130!/:?]
	at TRANSFORMER/pixelmon@9.3.9/com.pixelmonmod.pixelmon.battles.tasks.RaidDropsTask.encode(RaidDropsTask.java:109) ~[Pixelmon-1.21.1-9.3.9-universal.jar%23138!/:9.3.9-PIPE28826]
	at TRANSFORMER/pixelmon@9.3.9/com.pixelmonmod.pixelmon.comm.data.PixelmonPacket.encode(PixelmonPacket.java:23) ~[Pixelmon-1.21.1-9.3.9-universal.jar%23138!/:9.3.9-PIPE28826]
	at TRANSFORMER/pixelmon@9.3.9/com.pixelmonmod.pixelmon.comm.PacketRegistry.encode(PacketRegistry.java:702) ~[Pixelmon-1.21.1-9.3.9-universal.jar%23138!/:9.3.9-PIPE28826]
	at TRANSFORMER/minecraft@1.21.1/net.minecraft.network.codec.StreamCodec$1.encode(StreamCodec.java:25) ~[server-1.21.1-20240808.144430-srg.jar%23130!/:?]
	at TRANSFORMER/minecraft@1.21.1/net.minecraft.network.protocol.common.custom.CustomPacketPayload$1.writeCap(CustomPacketPayload.java:40) ~[server-1.21.1-20240808.144430-srg.jar%23130!/:?]
	at TRANSFORMER/minecraft@1.21.1/net.minecraft.network.protocol.common.custom.CustomPacketPayload$1.encode(CustomPacketPayload.java:47) ~[server-1.21.1-20240808.144430-srg.jar%23130!/:?]
	at TRANSFORMER/minecraft@1.21.1/net.minecraft.network.protocol.common.custom.CustomPacketPayload$1.encode(CustomPacketPayload.java:29) ~[server-1.21.1-20240808.144430-srg.jar%23130!/:?]
	at TRANSFORMER/minecraft@1.21.1/net.minecraft.network.codec.StreamCodec$4.encode(StreamCodec.java:81) ~[server-1.21.1-20240808.144430-srg.jar%23130!/:?]
	at TRANSFORMER/minecraft@1.21.1/net.minecraft.network.codec.StreamCodec$5.encode(StreamCodec.java:97) ~[server-1.21.1-20240808.144430-srg.jar%23130!/:?]
	at TRANSFORMER/minecraft@1.21.1/net.minecraft.network.codec.StreamCodec$5.encode(StreamCodec.java:87) ~[server-1.21.1-20240808.144430-srg.jar%23130!/:?]
	at TRANSFORMER/minecraft@1.21.1/net.minecraft.network.codec.IdDispatchCodec.encode(IdDispatchCodec.java:53) ~[server-1.21.1-20240808.144430-srg.jar%23130!/:?]
	... 34 more
[21Nov2025 02:29:24.189] [Server thread/INFO] [net.minecraft.server.network.ServerGamePacketListenerImpl/]: ___________12345 lost connection: Internal Exception: io.netty.handler.codec.EncoderException: Failed to encode packet 'clientbound/minecraft:custom_payload'
[21Nov2025 02:29:24.190] [Server thread/INFO] [net.minecraft.server.MinecraftServer/]: ___________12345 left the game
[21Nov2025 02:29:24.191] [Server thread/INFO] [voicechat/]: [voicechat] Disconnecting client ___________12345
[21Nov2025 02:29:27.985] [User Authenticator #62/INFO] [net.minecraft.server.network.ServerLoginPacketListenerImpl/]: UUID of player ___________12345 is 97610a1d-b4f7-4884-8782-bc4959586510
[21Nov2025 02:29:30.374] [Server thread/INFO] [net.minecraft.server.players.PlayerList/]: ___________12345[/172.19.0.1:38678] logged in with entity id 34027 at (2803.4376562680454, 42.5, -4537.638702715905)
[21Nov2025 02:29:30.377] [Server thread/INFO] [net.minecraft.server.MinecraftServer/]: ___________12345 joined the game
[21Nov2025 02:29:59.175] [Server thread/WARN] [net.minecraft.server.MinecraftServer/]: Can't keep up! Is the server overloaded? Running 28846ms or 576 ticks behind
[21Nov2025 02:29:59.220] [Server thread/INFO] [com.b1n_ry.yigd.Yigd/]: Priority overwritten for player ___________12345. Claiming: GRAVE / Robbing: INVENTORY
[21Nov2025 02:29:59.224] [Server thread/INFO] [voicechat/]: [voicechat] Received secret request of ___________12345 (20)
[21Nov2025 02:29:59.225] [Server thread/INFO] [voicechat/]: [voicechat] Sent secret to ___________12345
[21Nov2025 02:32:13.383] [Server thread/WARN] [net.minecraft.server.network.ServerGamePacketListenerImpl/]: ___________12345 moved wrongly!
[21Nov2025 02:45:16.594] [Server thread/INFO] [net.minecraft.server.MinecraftServer/]: ___________12345 has made the advancement [Ground Pounding]
[21Nov2025 02:46:07.329] [Server thread/INFO] [net.minecraft.server.MinecraftServer/]: [___________12345: Teleported ___________12345 to 5001.500000, 113.500000, -2405.500000]
[21Nov2025 02:46:54.913] [Server thread/INFO] [net.minecraft.server.MinecraftServer/]: [___________12345: Teleported ___________12345 to 3613.500000, 65.500000, -1821.500000]
[21Nov2025 02:46:54.925] [Server thread/WARN] [net.minecraft.server.network.ServerGamePacketListenerImpl/]: ___________12345 moved too quickly! -1383.3463190898337,-43.5,604.7002223034738
[21Nov2025 02:46:55.702] [Server thread/WARN] [net.minecraft.network.syncher.SynchedEntityData/]: defineId called for: class com.pixelmonmod.pixelmon.entities.custom.PixelmonBoatEntity from class com.pixelmonmod.pixelmon.api.data.DataSync
[21Nov2025 02:47:21.237] [Server thread/INFO] [net.minecraft.server.MinecraftServer/]: [___________12345: Teleported ___________12345 to 1696.500000, 65.500000, -2701.500000]
[21Nov2025 02:47:25.309] [Server thread/INFO] [net.minecraft.server.MinecraftServer/]: [___________12345: Teleported ___________12345 to 1708.500000, 64.500000, -2633.500000]
[21Nov2025 02:47:43.758] [Server thread/INFO] [net.minecraft.server.MinecraftServer/]: [___________12345: Teleported ___________12345 to 889.500000, 71.500000, -3097.500000]
[21Nov2025 02:48:11.184] [Server thread/INFO] [net.minecraft.server.MinecraftServer/]: [___________12345: Teleported ___________12345 to 703.500000, 71.500000, -4187.500000]
[21Nov2025 02:48:48.845] [Server thread/INFO] [net.minecraft.server.MinecraftServer/]: [___________12345: Teleported ___________12345 to Dulmin]
[21Nov2025 02:50:19.675] [Server thread/INFO] [net.minecraft.server.MinecraftServer/]: [___________12345: Teleported ___________12345 to 3333.500000, 64.500000, -1902.500000]
[21Nov2025 02:50:49.233] [Server thread/INFO] [net.minecraft.server.MinecraftServer/]: [___________12345: Teleported ___________12345 to 3586.500000, 64.500000, -1808.500000]
[21Nov2025 02:51:16.635] [Server thread/INFO] [net.minecraft.world.entity.LivingEntity/]: Named entity NPC['Alex'/36679, l='ServerLevel[world]', x=3491.50, y=48.49, z=-1748.50] died: Alex drowned
[21Nov2025 02:51:36.972] [Server thread/INFO] [net.minecraft.world.entity.LivingEntity/]: Named entity NPC['Alen'/36742, l='ServerLevel[world]', x=3517.50, y=48.49, z=-1789.50] died: Alen drowned
[21Nov2025 02:51:43.302] [Server thread/INFO] [net.minecraft.server.MinecraftServer/]: [___________12345: Teleported ___________12345 to 5004.500000, 109.500000, -2425.500000]
[21Nov2025 02:53:43.704] [Server thread/INFO] [net.minecraft.server.MinecraftServer/]: [___________12345: Teleported ___________12345 to -293.500000, 71.500000, -196.500000]
[21Nov2025 02:53:56.834] [Server thread/INFO] [net.minecraft.server.MinecraftServer/]: [___________12345: Teleported ___________12345 to -1991.500000, 63.500000, -1607.500000]
[21Nov2025 02:54:10.979] [Server thread/INFO] [net.minecraft.server.MinecraftServer/]: [___________12345: Teleported ___________12345 to 3588.500000, 64.500000, -1806.500000]
[21Nov2025 02:54:21.418] [Server thread/INFO] [net.minecraft.server.MinecraftServer/]: [___________12345: Teleported ___________12345 to 3200.500000, 63.500000, -1597.500000]
[21Nov2025 02:54:26.822] [Server thread/ERROR] [com.pixelmonmod.pixelmon.Pixelmon/]: Invalid NPC preset provided: `pixelmon:old_fisherman`
[21Nov2025 02:54:30.139] [Server thread/INFO] [net.minecraft.server.MinecraftServer/]: [___________12345: Teleported ___________12345 to 3666.500000, 63.500000, -341.500000]
[21Nov2025 02:54:42.593] [Server thread/INFO] [net.minecraft.server.MinecraftServer/]: [___________12345: Teleported ___________12345 to 4867.500000, 100.500000, -2501.500000]
[21Nov2025 02:54:42.606] [Server thread/WARN] [net.minecraft.server.network.ServerGamePacketListenerImpl/]: ___________12345 moved too quickly! 1202.344143465993,36.4375,-2150.2344888290395
[21Nov2025 02:54:55.767] [Server thread/INFO] [net.minecraft.server.MinecraftServer/]: [___________12345: Teleported ___________12345 to -708.500000, 63.500000, -1810.500000]
[21Nov2025 02:56:43.908] [Server thread/INFO] [net.minecraft.world.entity.LivingEntity/]: Named entity NPC['Jeff'/37550, l='ServerLevel[world]', x=-654.50, y=48.49, z=-1714.50] died: Jeff drowned
[21Nov2025 02:56:43.908] [Server thread/INFO] [net.minecraft.world.entity.LivingEntity/]: Named entity NPC['Jeff'/37551, l='ServerLevel[world]', x=-655.50, y=48.49, z=-1720.50] died: Jeff drowned
[21Nov2025 02:59:12.451] [Server thread/INFO] [net.minecraft.world.entity.LivingEntity/]: Named entity NPC['Domonic'/37785, l='ServerLevel[world]', x=-653.50, y=48.49, z=-1742.50] died: Domonic drowned
[21Nov2025 03:00:36.097] [Server thread/INFO] [net.minecraft.world.entity.LivingEntity/]: Named entity NPC['Brad'/37983, l='ServerLevel[world]', x=-704.50, y=48.49, z=-1702.50] died: Brad drowned
[21Nov2025 03:01:04.995] [Server thread/INFO] [net.minecraft.world.entity.LivingEntity/]: Named entity NPC['Dennis'/38047, l='ServerLevel[world]', x=-710.50, y=48.49, z=-1721.50] died: Dennis drowned
[21Nov2025 03:01:16.195] [Server thread/INFO] [net.minecraft.world.entity.LivingEntity/]: Named entity NPC['Ian'/38070, l='ServerLevel[world]', x=-807.50, y=48.49, z=-1817.50] died: Ian drowned
[21Nov2025 03:01:27.545] [Server thread/INFO] [net.minecraft.world.entity.LivingEntity/]: Named entity NPC['Aaron'/38101, l='ServerLevel[world]', x=-641.50, y=48.49, z=-1723.50] died: Aaron drowned
[21Nov2025 03:02:22.792] [Server thread/INFO] [net.minecraft.world.entity.LivingEntity/]: Named entity NPC['George'/38252, l='ServerLevel[world]', x=-585.50, y=50.00, z=-1816.50] died: George drowned
[21Nov2025 03:03:01.739] [Server thread/INFO] [net.minecraft.world.entity.LivingEntity/]: Named entity NPC['Elliot'/38332, l='ServerLevel[world]', x=-581.50, y=51.00, z=-1815.50] died: Elliot drowned
[21Nov2025 03:03:20.689] [Server thread/INFO] [net.minecraft.world.entity.LivingEntity/]: Named entity NPC['Hayden'/38370, l='ServerLevel[world]', x=-639.50, y=48.49, z=-1743.50] died: Hayden drowned
[21Nov2025 03:03:25.438] [Server thread/INFO] [net.minecraft.world.entity.LivingEntity/]: Named entity NPC['Carlos'/38388, l='ServerLevel[world]', x=-591.50, y=49.00, z=-1841.50] died: Carlos drowned
[21Nov2025 03:03:33.589] [Server thread/INFO] [net.minecraft.world.entity.LivingEntity/]: Named entity NPC['Hayden'/38408, l='ServerLevel[world]', x=-814.50, y=48.49, z=-1838.50] died: Hayden drowned
[21Nov2025 03:03:48.589] [Server thread/INFO] [net.minecraft.world.entity.LivingEntity/]: Named entity NPC['Jim'/38447, l='ServerLevel[world]', x=-686.50, y=51.00, z=-1736.50] died: Jim drowned
[21Nov2025 03:05:58.182] [Server thread/INFO] [net.minecraft.world.entity.LivingEntity/]: Named entity NPC['Arnold'/38704, l='ServerLevel[world]', x=-801.50, y=50.00, z=-1820.50] died: Arnold drowned
[21Nov2025 03:06:12.782] [Server thread/INFO] [net.minecraft.world.entity.LivingEntity/]: Named entity NPC['Declan'/38774, l='ServerLevel[world]', x=-604.50, y=48.49, z=-1848.50] died: Declan drowned
[21Nov2025 03:06:20.332] [Server thread/INFO] [net.minecraft.world.entity.LivingEntity/]: Named entity NPC['Henry'/38808, l='ServerLevel[world]', x=-736.50, y=48.49, z=-1724.50] died: Henry drowned
[21Nov2025 03:09:10.724] [Server thread/INFO] [net.minecraft.world.entity.LivingEntity/]: Named entity NPC['Alen'/39304, l='ServerLevel[world]', x=-700.50, y=48.49, z=-1717.50] died: Alen drowned
[21Nov2025 03:09:51.476] [Server thread/INFO] [net.minecraft.server.network.ServerGamePacketListenerImpl/]: Dulmin lost connection: Disconnected
[21Nov2025 03:09:51.477] [Server thread/INFO] [net.minecraft.server.MinecraftServer/]: Dulmin left the game
[21Nov2025 03:09:51.478] [Server thread/INFO] [voicechat/]: [voicechat] Disconnecting client Dulmin
[21Nov2025 03:13:16.813] [Server thread/INFO] [net.minecraft.world.entity.LivingEntity/]: Named entity NPC['Jim'/39889, l='ServerLevel[world]', x=-801.50, y=49.00, z=-1833.50] died: Jim drowned
[21Nov2025 03:13:32.961] [Server thread/INFO] [net.minecraft.world.entity.LivingEntity/]: Named entity NPC['Ian'/39933, l='ServerLevel[world]', x=-605.50, y=48.49, z=-1865.50] died: Ian drowned
[21Nov2025 03:13:32.962] [Server thread/INFO] [net.minecraft.world.entity.LivingEntity/]: Named entity NPC['Eric'/39938, l='ServerLevel[world]', x=-603.50, y=48.49, z=-1859.50] died: Eric drowned
[21Nov2025 03:14:18.209] [Server thread/INFO] [net.minecraft.world.entity.LivingEntity/]: Named entity NPC['Glen'/40110, l='ServerLevel[world]', x=-730.50, y=48.49, z=-1742.50] died: Glen drowned
[21Nov2025 03:14:24.059] [Server thread/INFO] [net.minecraft.world.entity.LivingEntity/]: Named entity NPC['Arnold'/40116, l='ServerLevel[world]', x=-656.50, y=48.49, z=-1737.50] died: Arnold drowned
[21Nov2025 03:14:25.909] [Server thread/ERROR] [com.pixelmonmod.pixelmon.Pixelmon/]: Invalid NPC preset provided: `pixelmon:trainers/maleflaregrunt`
[21Nov2025 03:14:27.559] [Server thread/INFO] [net.minecraft.world.entity.LivingEntity/]: Named entity NPC['Aaron'/40141, l='ServerLevel[world]', x=-643.50, y=48.49, z=-1729.50] died: Aaron drowned
[21Nov2025 03:14:31.158] [Server thread/INFO] [net.minecraft.world.entity.LivingEntity/]: Named entity NPC['Arthur'/40152, l='ServerLevel[world]', x=-762.50, y=48.49, z=-1735.50] died: Arthur drowned
[21Nov2025 03:14:34.659] [Server thread/INFO] [net.minecraft.world.entity.LivingEntity/]: Named entity NPC['Cameron'/40164, l='ServerLevel[world]', x=-707.50, y=48.49, z=-1725.50] died: Cameron drowned
[21Nov2025 03:14:44.208] [Server thread/INFO] [net.minecraft.world.entity.LivingEntity/]: Named entity NPC['Cameron'/40207, l='ServerLevel[world]', x=-583.50, y=51.00, z=-1809.50] died: Cameron drowned
[21Nov2025 03:16:35.153] [Server thread/INFO] [net.minecraft.world.entity.LivingEntity/]: Named entity NPC['Cameron'/40501, l='ServerLevel[world]', x=-632.50, y=48.49, z=-1741.50] died: Cameron drowned
[21Nov2025 03:18:41.347] [Server thread/INFO] [net.minecraft.world.entity.LivingEntity/]: Named entity NPC['Alen'/40845, l='ServerLevel[world]', x=-806.50, y=48.49, z=-1843.50] died: Alen drowned
[21Nov2025 03:20:13.193] [Server thread/INFO] [net.minecraft.world.entity.LivingEntity/]: Named entity NPC['Jack'/41087, l='ServerLevel[world]', x=-724.50, y=48.49, z=-1731.50] died: Jack drowned
[21Nov2025 03:20:42.642] [Server thread/INFO] [net.minecraft.world.entity.LivingEntity/]: Named entity NPC['Eric'/41206, l='ServerLevel[world]', x=-810.50, y=48.49, z=-1843.50] died: Eric drowned
[21Nov2025 03:21:07.541] [Server thread/INFO] [net.minecraft.world.entity.LivingEntity/]: Named entity NPC['Carlos'/41269, l='ServerLevel[world]', x=-597.50, y=50.00, z=-1852.50] died: Carlos drowned
[21Nov2025 03:22:05.539] [Server thread/INFO] [net.minecraft.world.entity.LivingEntity/]: Named entity NPC['Arthur'/41411, l='ServerLevel[world]', x=-814.50, y=48.49, z=-1821.50] died: Arthur drowned
[21Nov2025 03:22:40.787] [Server thread/ERROR] [com.pixelmonmod.pixelmon.Pixelmon/]: Invalid NPC preset provided: `pixelmon:trainers/femaleflaregrunt`
[21Nov2025 03:22:47.087] [Server thread/INFO] [net.minecraft.world.entity.LivingEntity/]: Named entity NPC['Alex'/41498, l='ServerLevel[world]', x=-705.50, y=48.49, z=-1734.50] died: Alex drowned
[21Nov2025 03:23:05.186] [Server thread/INFO] [net.minecraft.world.entity.LivingEntity/]: Named entity NPC['Glen'/41547, l='ServerLevel[world]', x=-593.50, y=48.49, z=-1862.50] died: Glen drowned
[21Nov2025 03:23:22.186] [Server thread/INFO] [net.minecraft.world.entity.LivingEntity/]: Named entity NPC['George'/41583, l='ServerLevel[world]', x=-597.50, y=48.49, z=-1836.50] died: George drowned
[21Nov2025 03:23:59.433] [Server thread/INFO] [net.minecraft.world.entity.LivingEntity/]: Named entity NPC['Carlos'/41660, l='ServerLevel[world]', x=-792.50, y=52.00, z=-1813.50] died: Carlos drowned
[21Nov2025 03:24:05.133] [Server thread/INFO] [net.minecraft.world.entity.LivingEntity/]: Named entity NPC['Alex'/41666, l='ServerLevel[world]', x=-752.50, y=48.49, z=-1727.50] died: Alex drowned
[21Nov2025 03:24:14.184] [Server thread/INFO] [net.minecraft.world.entity.LivingEntity/]: Named entity NPC['Ashton'/41699, l='ServerLevel[world]', x=-629.50, y=48.49, z=-1742.50] died: Ashton drowned
[21Nov2025 03:24:24.134] [Server thread/ERROR] [com.pixelmonmod.pixelmon.Pixelmon/]: Invalid NPC preset provided: `pixelmon:trainers/femaleflaregrunt`
[21Nov2025 03:25:10.630] [Server thread/INFO] [net.minecraft.world.entity.LivingEntity/]: Named entity NPC['Blake'/41815, l='ServerLevel[world]', x=-786.50, y=52.00, z=-1810.50] died: Blake drowned
[21Nov2025 03:25:26.779] [Server thread/INFO] [net.minecraft.world.entity.LivingEntity/]: Named entity NPC['Byron'/41835, l='ServerLevel[world]', x=-604.50, y=49.00, z=-1787.50] died: Byron drowned
[21Nov2025 03:25:57.828] [Server thread/INFO] [net.minecraft.world.entity.LivingEntity/]: Named entity NPC['Kai'/41928, l='ServerLevel[world]', x=-725.50, y=48.49, z=-1732.50] died: Kai drowned
[21Nov2025 03:26:30.277] [Server thread/ERROR] [com.pixelmonmod.pixelmon.Pixelmon/]: Invalid NPC preset provided: `pixelmon:trainers/femaleflaregrunt`
[21Nov2025 03:26:44.076] [Server thread/INFO] [net.minecraft.world.entity.LivingEntity/]: Named entity NPC['Arthur'/42037, l='ServerLevel[world]', x=-811.50, y=48.49, z=-1815.50] died: Arthur drowned
[21Nov2025 03:29:07.319] [Server thread/INFO] [net.minecraft.world.entity.LivingEntity/]: Named entity NPC['Carlos'/42414, l='ServerLevel[world]', x=-607.50, y=48.49, z=-1782.50] died: Carlos drowned
[21Nov2025 03:31:44.463] [Server thread/INFO] [net.minecraft.world.entity.LivingEntity/]: Named entity NPC['Henry'/42797, l='ServerLevel[world]', x=-690.50, y=50.00, z=-1731.50] died: Henry drowned
[21Nov2025 03:31:44.464] [Server thread/INFO] [net.minecraft.world.entity.LivingEntity/]: Named entity NPC['Carlos'/42798, l='ServerLevel[world]', x=-694.50, y=49.00, z=-1732.50] died: Carlos drowned
[21Nov2025 03:33:31.109] [Server thread/INFO] [net.minecraft.world.entity.LivingEntity/]: Named entity NPC['Jack'/43175, l='ServerLevel[world]', x=-646.50, y=48.49, z=-1741.50] died: Jack drowned
[21Nov2025 03:33:50.007] [Server thread/INFO] [net.minecraft.world.entity.LivingEntity/]: Named entity NPC['Henry'/43234, l='ServerLevel[world]', x=-674.50, y=48.49, z=-1706.50] died: Henry drowned
[21Nov2025 03:34:12.207] [Server thread/INFO] [net.minecraft.world.entity.LivingEntity/]: Named entity NPC['Cameron'/43288, l='ServerLevel[world]', x=-664.50, y=48.49, z=-1736.50] died: Cameron drowned
[21Nov2025 03:34:55.754] [Server thread/INFO] [net.minecraft.world.entity.LivingEntity/]: Named entity NPC['Arnold'/43411, l='ServerLevel[world]', x=-725.50, y=48.49, z=-1720.50] died: Arnold drowned
[21Nov2025 03:34:59.455] [Server thread/INFO] [net.minecraft.world.entity.LivingEntity/]: Named entity NPC['Domonic'/43420, l='ServerLevel[world]', x=-810.50, y=49.00, z=-1807.50] died: Domonic drowned
[21Nov2025 03:35:18.204] [Server thread/INFO] [net.minecraft.world.entity.LivingEntity/]: Named entity NPC['Albert'/43472, l='ServerLevel[world]', x=-591.50, y=49.00, z=-1787.50] died: Albert drowned
[21Nov2025 03:35:33.553] [Server thread/INFO] [net.minecraft.world.entity.LivingEntity/]: Named entity NPC['Adam'/43546, l='ServerLevel[world]', x=-688.50, y=48.49, z=-1718.50] died: Adam drowned
[21Nov2025 03:36:19.151] [Server thread/INFO] [net.minecraft.world.entity.LivingEntity/]: Named entity NPC['Jeff'/43654, l='ServerLevel[world]', x=-590.50, y=48.49, z=-1834.50] died: Jeff drowned
[21Nov2025 03:36:19.152] [Server thread/INFO] [net.minecraft.world.entity.LivingEntity/]: Named entity NPC['Dennis'/43659, l='ServerLevel[world]', x=-591.50, y=48.49, z=-1839.50] died: Dennis drowned
[21Nov2025 03:36:56.199] [Server thread/INFO] [net.minecraft.world.entity.LivingEntity/]: Named entity NPC['Glen'/43721, l='ServerLevel[world]', x=-739.50, y=48.49, z=-1730.50] died: Glen drowned
[21Nov2025 03:37:05.449] [Server thread/INFO] [net.minecraft.world.entity.LivingEntity/]: Named entity NPC['Kai'/43746, l='ServerLevel[world]', x=-802.50, y=51.00, z=-1809.50] died: Kai drowned
[21Nov2025 03:37:25.397] [Server thread/INFO] [net.minecraft.world.entity.LivingEntity/]: Named entity NPC['Carter'/43813, l='ServerLevel[world]', x=-606.50, y=48.49, z=-1856.50] died: Carter drowned
[21Nov2025 03:37:32.498] [Server thread/INFO] [net.minecraft.world.entity.LivingEntity/]: Named entity NPC['Carter'/43833, l='ServerLevel[world]', x=-731.50, y=48.49, z=-1727.50] died: Carter drowned
[21Nov2025 03:39:59.691] [Server thread/INFO] [net.minecraft.world.entity.LivingEntity/]: Named entity NPC['Eric'/44110, l='ServerLevel[world]', x=-818.50, y=48.49, z=-1831.50] died: Eric drowned
[21Nov2025 03:40:08.541] [Server thread/INFO] [net.minecraft.world.entity.LivingEntity/]: Named entity NPC['Jerry'/44144, l='ServerLevel[world]', x=-800.50, y=50.00, z=-1823.50] died: Jerry drowned
[21Nov2025 03:40:44.190] [Server thread/INFO] [net.minecraft.world.entity.LivingEntity/]: Named entity NPC['Brendon'/44206, l='ServerLevel[world]', x=-603.50, y=48.49, z=-1859.50] died: Brendon drowned
[21Nov2025 03:41:04.138] [Server thread/INFO] [net.minecraft.world.entity.LivingEntity/]: Named entity NPC['Glen'/44261, l='ServerLevel[world]', x=-750.50, y=48.49, z=-1730.50] died: Glen drowned
[21Nov2025 03:41:09.589] [Server thread/INFO] [net.minecraft.world.entity.LivingEntity/]: Named entity NPC['Arnold'/44271, l='ServerLevel[world]', x=-587.50, y=51.00, z=-1814.50] died: Arnold drowned
[21Nov2025 03:41:19.238] [Server thread/INFO] [net.minecraft.world.entity.LivingEntity/]: Named entity NPC['Jaden'/44301, l='ServerLevel[world]', x=-598.50, y=48.49, z=-1861.50] died: Jaden drowned
[21Nov2025 03:42:12.386] [Server thread/INFO] [net.minecraft.world.entity.LivingEntity/]: Named entity NPC['Gilbert'/44399, l='ServerLevel[world]', x=-702.50, y=48.49, z=-1712.50] died: Gilbert drowned
[21Nov2025 03:42:30.384] [Server thread/INFO] [net.minecraft.world.entity.LivingEntity/]: Named entity NPC['Carter'/44466, l='ServerLevel[world]', x=-761.50, y=48.49, z=-1742.50] died: Carter drowned
[21Nov2025 03:42:49.984] [Server thread/INFO] [net.minecraft.world.entity.LivingEntity/]: Named entity NPC['Albert'/44533, l='ServerLevel[world]', x=-606.50, y=48.49, z=-1849.50] died: Albert drowned
[21Nov2025 03:42:56.483] [Server thread/INFO] [net.minecraft.world.entity.LivingEntity/]: Named entity NPC['Ashton'/44553, l='ServerLevel[world]', x=-725.50, y=48.49, z=-1715.50] died: Ashton drowned
[21Nov2025 03:44:04.680] [Server thread/INFO] [net.minecraft.world.entity.LivingEntity/]: Named entity NPC['Jack'/44663, l='ServerLevel[world]', x=-698.50, y=48.49, z=-1706.50] died: Jack drowned
[21Nov2025 03:44:28.829] [Server thread/INFO] [net.minecraft.world.entity.LivingEntity/]: Named entity NPC['Alex'/44728, l='ServerLevel[world]', x=-589.50, y=50.00, z=-1816.50] died: Alex drowned
[21Nov2025 03:44:35.879] [Server thread/INFO] [net.minecraft.world.entity.LivingEntity/]: Named entity NPC['Adam'/44772, l='ServerLevel[world]', x=-607.50, y=48.49, z=-1816.50] died: Adam drowned
[21Nov2025 03:44:46.729] [Server thread/INFO] [net.minecraft.world.entity.LivingEntity/]: Named entity NPC['Declan'/44824, l='ServerLevel[world]', x=-585.50, y=49.00, z=-1829.50] died: Declan drowned
[21Nov2025 03:45:01.928] [Server thread/INFO] [net.minecraft.world.entity.LivingEntity/]: Named entity NPC['Arthur'/44882, l='ServerLevel[world]', x=-751.50, y=48.49, z=-1731.50] died: Arthur drowned
[21Nov2025 03:45:06.427] [Server thread/INFO] [net.minecraft.world.entity.LivingEntity/]: Named entity NPC['Carlos'/44898, l='ServerLevel[world]', x=-724.50, y=48.49, z=-1741.50] died: Carlos drowned
[21Nov2025 03:45:24.776] [Server thread/INFO] [net.minecraft.world.entity.LivingEntity/]: Named entity NPC['Harry'/44939, l='ServerLevel[world]', x=-710.50, y=48.49, z=-1743.50] died: Harry drowned
[21Nov2025 03:45:50.926] [Server thread/INFO] [net.minecraft.world.entity.LivingEntity/]: Named entity NPC['Hayden'/45012, l='ServerLevel[world]', x=-705.50, y=48.49, z=-1733.50] died: Hayden drowned
[21Nov2025 03:45:50.927] [Server thread/INFO] [net.minecraft.world.entity.LivingEntity/]: Named entity NPC['Brad'/45019, l='ServerLevel[world]', x=-700.50, y=48.49, z=-1730.50] died: Brad drowned
[21Nov2025 03:45:59.525] [Server thread/INFO] [net.minecraft.world.entity.LivingEntity/]: Named entity NPC['Alen'/45047, l='ServerLevel[world]', x=-710.50, y=48.49, z=-1717.50] died: Alen drowned
[21Nov2025 03:46:13.726] [Server thread/INFO] [net.minecraft.world.entity.LivingEntity/]: Named entity NPC['Jack'/45097, l='ServerLevel[world]', x=-728.50, y=48.49, z=-1743.50] died: Jack drowned
[21Nov2025 03:46:13.727] [Server thread/INFO] [net.minecraft.world.entity.LivingEntity/]: Named entity NPC['Domonic'/45101, l='ServerLevel[world]', x=-727.50, y=48.49, z=-1738.50] died: Domonic drowned
[21Nov2025 03:46:19.775] [Server thread/INFO] [net.minecraft.world.entity.LivingEntity/]: Named entity NPC['Jeff'/45106, l='ServerLevel[world]', x=-784.50, y=48.49, z=-1782.50] died: Jeff drowned
[21Nov2025 03:46:19.776] [Server thread/INFO] [net.minecraft.world.entity.LivingEntity/]: Named entity NPC['Gary'/45111, l='ServerLevel[world]', x=-787.50, y=49.00, z=-1785.50] died: Gary drowned
[21Nov2025 03:48:05.371] [Server thread/ERROR] [com.pixelmonmod.pixelmon.Pixelmon/]: Invalid NPC preset provided: `pixelmon:trainers/maleflaregrunt`
[21Nov2025 03:49:47.967] [Server thread/INFO] [net.minecraft.world.entity.LivingEntity/]: Named entity NPC['Jeff'/45848, l='ServerLevel[world]', x=-607.50, y=48.49, z=-1856.50] died: Jeff drowned
[21Nov2025 03:54:39.452] [Server thread/INFO] [net.minecraft.world.entity.LivingEntity/]: Named entity NPC['Carlos'/46546, l='ServerLevel[world]', x=-717.50, y=48.49, z=-1709.50] died: Carlos drowned
[21Nov2025 03:54:56.302] [Server thread/INFO] [net.minecraft.world.entity.LivingEntity/]: Named entity NPC['Jacob'/46575, l='ServerLevel[world]', x=-599.50, y=50.00, z=-1790.50] died: Jacob drowned
[21Nov2025 03:55:14.052] [Server thread/INFO] [net.minecraft.world.entity.LivingEntity/]: Named entity NPC['Glen'/46623, l='ServerLevel[world]', x=-601.50, y=48.49, z=-1781.50] died: Glen drowned
[21Nov2025 03:55:21.602] [Server thread/INFO] [net.minecraft.world.entity.LivingEntity/]: Named entity NPC['Ian'/46652, l='ServerLevel[world]', x=-672.50, y=50.00, z=-1724.50] died: Ian drowned
[21Nov2025 03:55:32.251] [Server thread/INFO] [net.minecraft.world.entity.LivingEntity/]: Named entity NPC['Brendon'/46679, l='ServerLevel[world]', x=-606.50, y=48.49, z=-1857.50] died: Brendon drowned
[21Nov2025 03:55:57.649] [Server thread/INFO] [net.minecraft.world.entity.LivingEntity/]: Named entity NPC['Declan'/46725, l='ServerLevel[world]', x=-654.50, y=48.49, z=-1719.50] died: Declan drowned
[21Nov2025 03:56:10.149] [Server thread/INFO] [net.minecraft.world.entity.LivingEntity/]: Named entity NPC['Alex'/46762, l='ServerLevel[world]', x=-748.50, y=48.49, z=-1728.50] died: Alex drowned
[21Nov2025 03:56:10.150] [Server thread/INFO] [net.minecraft.world.entity.LivingEntity/]: Named entity NPC['Henry'/46763, l='ServerLevel[world]', x=-745.50, y=48.49, z=-1731.50] died: Henry drowned
[21Nov2025 03:58:32.044] [Server thread/ERROR] [com.pixelmonmod.pixelmon.Pixelmon/]: Invalid NPC preset provided: `pixelmon:trainers/maleskullgrunt`
[21Nov2025 03:59:46.440] [Server thread/INFO] [net.minecraft.world.entity.LivingEntity/]: Named entity NPC['Alen'/47237, l='ServerLevel[world]', x=-597.50, y=48.49, z=-1841.50] died: Alen drowned
[21Nov2025 04:00:02.538] [Server thread/INFO] [net.minecraft.world.entity.LivingEntity/]: Named entity NPC['Hayden'/47292, l='ServerLevel[world]', x=-603.50, y=50.00, z=-1809.50] died: Hayden drowned
[21Nov2025 04:00:15.338] [Server thread/INFO] [net.minecraft.world.entity.LivingEntity/]: Named entity NPC['George'/47305, l='ServerLevel[world]', x=-585.50, y=50.00, z=-1821.50] died: George drowned
[21Nov2025 04:00:44.887] [Server thread/INFO] [net.minecraft.world.entity.LivingEntity/]: Named entity NPC['Carter'/47368, l='ServerLevel[world]', x=-717.50, y=48.49, z=-1732.50] died: Carter drowned
[21Nov2025 04:00:44.888] [Server thread/INFO] [net.minecraft.world.entity.LivingEntity/]: Named entity NPC['Alen'/47372, l='ServerLevel[world]', x=-717.50, y=48.49, z=-1737.50] died: Alen drowned
[21Nov2025 04:01:06.535] [Server thread/INFO] [net.minecraft.world.entity.LivingEntity/]: Named entity NPC['Harry'/47443, l='ServerLevel[world]', x=-649.50, y=48.49, z=-1729.50] died: Harry drowned
[21Nov2025 04:01:25.234] [Server thread/INFO] [net.minecraft.world.entity.LivingEntity/]: Named entity NPC['Arthur'/47526, l='ServerLevel[world]', x=-628.50, y=48.49, z=-1737.50] died: Arthur drowned
[21Nov2025 04:01:25.235] [Server thread/INFO] [net.minecraft.world.entity.LivingEntity/]: Named entity NPC['Kai'/47527, l='ServerLevel[world]', x=-632.50, y=48.49, z=-1740.50] died: Kai drowned
[21Nov2025 04:01:33.634] [Server thread/INFO] [net.minecraft.world.entity.LivingEntity/]: Named entity NPC['Carlos'/47563, l='ServerLevel[world]', x=-759.50, y=48.49, z=-1734.50] died: Carlos drowned
[21Nov2025 04:02:07.383] [Server thread/INFO] [net.minecraft.world.entity.LivingEntity/]: Named entity NPC['Glen'/47672, l='ServerLevel[world]', x=-692.50, y=48.49, z=-1710.50] died: Glen drowned
[21Nov2025 04:02:41.732] [Server thread/INFO] [net.minecraft.world.entity.LivingEntity/]: Named entity NPC['Harry'/47734, l='ServerLevel[world]', x=-797.50, y=48.49, z=-1852.50] died: Harry drowned
[21Nov2025 04:02:45.381] [Server thread/INFO] [net.minecraft.world.entity.LivingEntity/]: Named entity NPC['Jack'/47757, l='ServerLevel[world]', x=-768.50, y=48.49, z=-1721.50] died: Jack drowned
[21Nov2025 04:02:45.382] [Server thread/INFO] [net.minecraft.world.entity.LivingEntity/]: Named entity NPC['Alex'/47758, l='ServerLevel[world]', x=-764.50, y=48.49, z=-1719.50] died: Alex drowned
[21Nov2025 04:02:47.302] [Server thread/INFO] [net.minecraft.server.MinecraftServer/]: [___________12345: Teleported ___________12345 to 3812.500000, 100.500000, -2645.500000]
[21Nov2025 04:02:54.931] [Server thread/ERROR] [com.pixelmonmod.pixelmon.Pixelmon/]: Invalid NPC preset provided: `pixelmon:trainers/malescientist`
[21Nov2025 04:13:59.761] [User Authenticator #63/INFO] [net.minecraft.server.network.ServerLoginPacketListenerImpl/]: UUID of player Dulmin is 869a9225-c810-4a5c-a7cf-d83766145b7b
[21Nov2025 04:14:03.327] [Server thread/INFO] [net.minecraft.server.players.PlayerList/]: Dulmin[/172.19.0.1:41822] logged in with entity id 115522 at (2340.300000011921, 49.0, 31620.033550633034)
[21Nov2025 04:14:03.329] [Server thread/INFO] [net.minecraft.server.MinecraftServer/]: Dulmin joined the game
[21Nov2025 04:14:37.410] [Server thread/WARN] [net.minecraft.server.MinecraftServer/]: Can't keep up! Is the server overloaded? Running 34114ms or 682 ticks behind
[21Nov2025 04:14:37.419] [Server thread/INFO] [net.minecraft.server.network.ServerGamePacketListenerImpl/]: ___________12345 lost connection: Disconnected
[21Nov2025 04:14:37.420] [Server thread/INFO] [net.minecraft.server.MinecraftServer/]: ___________12345 left the game
[21Nov2025 04:14:37.421] [Server thread/INFO] [voicechat/]: [voicechat] Disconnecting client ___________12345
[21Nov2025 04:14:37.458] [Server thread/INFO] [net.minecraft.server.network.ServerGamePacketListenerImpl/]: Dulmin lost connection: Disconnected
[21Nov2025 04:14:37.459] [Server thread/INFO] [net.minecraft.server.MinecraftServer/]: Dulmin left the game
[21Nov2025 04:14:37.460] [Server thread/INFO] [voicechat/]: [voicechat] Disconnecting client Dulmin
[21Nov2025 04:14:37.498] [Server thread/INFO] [com.b1n_ry.yigd.Yigd/]: Priority overwritten for player Dulmin. Claiming: GRAVE / Robbing: INVENTORY
[21Nov2025 04:14:37.499] [Server thread/INFO] [voicechat/]: [voicechat] Received secret request of Dulmin (20)
[21Nov2025 04:14:37.500] [Server thread/INFO] [voicechat/]: [voicechat] Sent secret to Dulmin
[21Nov2025 04:14:38.092] [User Authenticator #64/INFO] [net.minecraft.server.network.ServerLoginPacketListenerImpl/]: UUID of player ___________12345 is 97610a1d-b4f7-4884-8782-bc4959586510
[21Nov2025 04:14:41.413] [Server thread/INFO] [net.minecraft.server.players.PlayerList/]: ___________12345[/172.19.0.1:36482] logged in with entity id 115523 at (3807.487500011921, 96.0, -2627.4899255207824)
[21Nov2025 04:14:41.416] [Server thread/INFO] [net.minecraft.server.MinecraftServer/]: ___________12345 joined the game
[21Nov2025 04:15:06.607] [Server thread/INFO] [com.b1n_ry.yigd.Yigd/]: Priority overwritten for player ___________12345. Claiming: GRAVE / Robbing: INVENTORY
[21Nov2025 04:15:06.610] [Server thread/INFO] [voicechat/]: [voicechat] Received secret request of ___________12345 (20)
[21Nov2025 04:15:06.611] [Server thread/INFO] [voicechat/]: [voicechat] Sent secret to ___________12345
[21Nov2025 04:15:07.033] [Server thread/WARN] [net.minecraft.server.MinecraftServer/]: Can't keep up! Is the server overloaded? Running 14639ms or 292 ticks behind
[21Nov2025 04:17:23.812] [User Authenticator #65/INFO] [net.minecraft.server.network.ServerLoginPacketListenerImpl/]: UUID of player Dulmin is 869a9225-c810-4a5c-a7cf-d83766145b7b
[21Nov2025 04:17:25.682] [Server thread/INFO] [net.minecraft.server.players.PlayerList/]: Dulmin[/172.19.0.1:48968] logged in with entity id 115911 at (2340.300000011921, 49.0, 31620.033550633034)
[21Nov2025 04:17:25.685] [Server thread/INFO] [net.minecraft.server.MinecraftServer/]: Dulmin joined the game
[21Nov2025 04:17:56.217] [Server thread/WARN] [net.minecraft.server.MinecraftServer/]: Can't keep up! Is the server overloaded? Running 30581ms or 611 ticks behind
[21Nov2025 04:17:56.226] [Server thread/INFO] [net.minecraft.server.network.ServerGamePacketListenerImpl/]: ___________12345 lost connection: Disconnected
[21Nov2025 04:17:56.227] [Server thread/INFO] [net.minecraft.server.MinecraftServer/]: ___________12345 left the game
[21Nov2025 04:17:56.228] [Server thread/INFO] [voicechat/]: [voicechat] Disconnecting client ___________12345
[21Nov2025 04:17:56.261] [Server thread/INFO] [net.minecraft.server.network.ServerGamePacketListenerImpl/]: Dulmin lost connection: Disconnected
[21Nov2025 04:17:56.262] [Server thread/INFO] [net.minecraft.server.MinecraftServer/]: Dulmin left the game
[21Nov2025 04:17:56.263] [Server thread/INFO] [voicechat/]: [voicechat] Disconnecting client Dulmin
[21Nov2025 04:17:56.296] [Server thread/INFO] [com.b1n_ry.yigd.Yigd/]: Priority overwritten for player Dulmin. Claiming: GRAVE / Robbing: INVENTORY
[21Nov2025 04:17:56.297] [Server thread/INFO] [voicechat/]: [voicechat] Received secret request of Dulmin (20)
[21Nov2025 04:17:56.298] [Server thread/INFO] [voicechat/]: [voicechat] Sent secret to Dulmin
[21Nov2025 04:18:02.696] [User Authenticator #66/INFO] [net.minecraft.server.network.ServerLoginPacketListenerImpl/]: UUID of player ___________12345 is 97610a1d-b4f7-4884-8782-bc4959586510
[21Nov2025 04:18:03.036] [Server thread/INFO] [net.minecraft.server.network.ServerConfigurationPacketListenerImpl/]: com.mojang.authlib.GameProfile@27e237ea[id=97610a1d-b4f7-4884-8782-bc4959586510,name=___________12345,properties={textures=[Property[name=textures, value=ewogICJ0aW1lc3RhbXAiIDogMTc2MzY2NjI4MzUwNCwKICAicHJvZmlsZUlkIiA6ICI5NzYxMGExZGI0Zjc0ODg0ODc4MmJjNDk1OTU4NjUxMCIsCiAgInByb2ZpbGVOYW1lIiA6ICJfX19fX19fX19fXzEyMzQ1IiwKICAic2lnbmF0dXJlUmVxdWlyZWQiIDogdHJ1ZSwKICAidGV4dHVyZXMiIDogewogICAgIlNLSU4iIDogewogICAgICAidXJsIiA6ICJodHRwOi8vdGV4dHVyZXMubWluZWNyYWZ0Lm5ldC90ZXh0dXJlL2M4NTcyZGNiOGZiMDhhZWExYzE1Y2ZlNDIyYjM1MzQ5ZWQ4YjQ5YTI5ODBiM2NkOGRlMDFiOWQ4NjYzYzFjOWMiCiAgICB9LAogICAgIkNBUEUiIDogewogICAgICAidXJsIiA6ICJodHRwOi8vdGV4dHVyZXMubWluZWNyYWZ0Lm5ldC90ZXh0dXJlLzIzNDBjMGUwM2RkMjRhMTFiMTVhOGIzM2MyYTdlOWUzMmFiYjIwNTFiMjQ4MWQwYmE3ZGVmZDYzNWNhN2E5MzMiCiAgICB9CiAgfQp9, signature=o4mtQFqN1Rm2zGOIsAz3bi/DJbjMs3apnc0tPl8BwvQGSj3wGywaEMDTVb4H1svdL7UYhjZIi55+UC0gfpd+1Cf/MSJltzduNjk/71LPwlhdbc7dpLzRPVR+z/9uyobELVvFAvTrp2iMm8dalcb6MPDk4/2633mWmTkI5iZDBAZjpYsneaqRdebGbjtaG79H6Kg2DHnHHOnExYc2Hb/j4ieT4Qf7tdDQ0KmGB2XfP8nlIXYkvNIrouAeWHwYJKnrF1QH9ZfPKJcxGqy+UNMnV0iw0pl390gKg5B0x7+am+822fKXppB0yDgjf53cqnBthiBUPSRSMUr/OnBbI+dDnVriICTFQ96ZqTeA/aG0PEq2pLHEKRXGNQaPz5hYM+aBEwLYUo+F6M8fXeiAJ+49xTKc6OfulP9ChrmjNtrBSaLd6Up4limsXacbCBsTGlGQxjZmoIQsqGW4xuOXCvO/O97hIGuMl9K7iDu8pN4p4Idb9ATbYcwshaXuYAamMpCEbhXofLKk8mTNWgp+JErT4pQEDLBoQ+lxPNEG8EsUE4jDnEePujNdl8xLFL3+MJh+Zf/g3Oh0AgO8NJKQJRTlJH76P/r3qi/vxZrE7AcuCWBSKteJ+tAqqA7glQTnOdEBbNDkiWCu++im3pFn8UVpwpKf+ZU1/tPARuFCQwZ/mJ0=]]}] lost connection: Disconnected
[21Nov2025 04:19:52.097] [User Authenticator #67/INFO] [net.minecraft.server.network.ServerLoginPacketListenerImpl/]: UUID of player Dulmin is 869a9225-c810-4a5c-a7cf-d83766145b7b
[21Nov2025 04:19:55.581] [Server thread/INFO] [net.minecraft.server.players.PlayerList/]: Dulmin[/172.19.0.1:53184] logged in with entity id 115912 at (2340.300000011921, 49.0, 31620.033550633034)
[21Nov2025 04:19:55.585] [Server thread/INFO] [net.minecraft.server.MinecraftServer/]: Dulmin joined the game
[21Nov2025 04:20:24.915] [Server thread/WARN] [net.minecraft.server.MinecraftServer/]: Can't keep up! Is the server overloaded? Running 29385ms or 587 ticks behind
[21Nov2025 04:20:24.981] [Server thread/INFO] [com.b1n_ry.yigd.Yigd/]: Priority overwritten for player Dulmin. Claiming: GRAVE / Robbing: INVENTORY
[21Nov2025 04:20:25.009] [Server thread/INFO] [voicechat/]: [voicechat] Received secret request of Dulmin (20)
[21Nov2025 04:20:25.010] [Server thread/WARN] [voicechat/]: [voicechat] Player already requested secret - ignoring
[21Nov2025 04:20:25.339] [Server thread/INFO] [net.minecraft.server.MinecraftServer/]: [Pixelmon] Necrozma has appeared in a den in a Ultra Jungle biome!
[21Nov2025 04:20:25.339] [Server thread/INFO] [net.minecraft.server.MinecraftServer/]: Spawned Necrozma at: pixelmon:ultra_space x:2420, y:90, z:31516
[21Nov2025 04:20:25.590] [Server thread/INFO] [net.minecraft.server.MinecraftServer/]: [Pixelmon] Necrozma has appeared in a den in a Ultra Jungle biome!
[21Nov2025 04:20:25.590] [Server thread/INFO] [net.minecraft.server.MinecraftServer/]: Spawned Necrozma at: pixelmon:ultra_space x:2340, y:61, z:31476
[21Nov2025 04:22:12.582] [Server thread/WARN] [net.minecraft.world.level.chunk.LevelChunk/]: Tried to load a block entity for block Block{pixelmon:orange_chair}[facing=west] but failed at location BlockPos{x=2066, y=61, z=31627}
[21Nov2025 04:22:24.406] [Server thread/WARN] [net.minecraft.server.network.ServerGamePacketListenerImpl/]: Dulmin moved wrongly!
[21Nov2025 04:22:46.824] [User Authenticator #68/INFO] [net.minecraft.server.network.ServerLoginPacketListenerImpl/]: UUID of player ___________12345 is 97610a1d-b4f7-4884-8782-bc4959586510
[21Nov2025 04:22:48.715] [Server thread/INFO] [net.minecraft.server.players.PlayerList/]: ___________12345[/172.19.0.1:56222] logged in with entity id 116588 at (3792.800767914729, 102.0, -2642.1747364446064)
[21Nov2025 04:22:48.720] [Server thread/INFO] [net.minecraft.server.MinecraftServer/]: ___________12345 joined the game
[21Nov2025 04:23:13.894] [Server thread/WARN] [net.minecraft.server.MinecraftServer/]: Can't keep up! Is the server overloaded? Running 25221ms or 504 ticks behind
[21Nov2025 04:23:13.971] [Server thread/INFO] [com.b1n_ry.yigd.Yigd/]: Priority overwritten for player ___________12345. Claiming: GRAVE / Robbing: INVENTORY
[21Nov2025 04:23:13.974] [Server thread/WARN] [net.minecraft.server.network.ServerGamePacketListenerImpl/]: Dulmin moved too quickly! 5.998630115535889,-8.13669776391113,0.14529403000415186
[21Nov2025 04:23:13.992] [Server thread/INFO] [voicechat/]: [voicechat] Received secret request of ___________12345 (20)
[21Nov2025 04:23:13.994] [Server thread/INFO] [voicechat/]: [voicechat] Sent secret to ___________12345
[21Nov2025 04:23:35.578] [Server thread/ERROR] [com.pixelmonmod.pixelmon.Pixelmon/]: Invalid NPC preset provided: `pixelmon:trainers/maleflaregrunt`
[21Nov2025 04:23:39.978] [Server thread/ERROR] [com.pixelmonmod.pixelmon.Pixelmon/]: Invalid NPC preset provided: `pixelmon:trainers/femalescientist`
[21Nov2025 04:23:39.979] [Server thread/ERROR] [com.pixelmonmod.pixelmon.Pixelmon/]: Invalid NPC preset provided: `pixelmon:trainers/malescientist`
[21Nov2025 04:25:13.281] [Server thread/INFO] [net.minecraft.server.MinecraftServer/]: [Dulmin: Teleported Dulmin to 23007.500000, 125.500000, 11981.500000]
[21Nov2025 04:25:36.898] [Server thread/INFO] [net.minecraft.server.MinecraftServer/]: [Dulmin: Teleported Dulmin to 18788.500000, 96.500000, 7772.500000]
[21Nov2025 04:26:13.921] [Server thread/ERROR] [com.pixelmonmod.pixelmon.Pixelmon/]: Invalid NPC preset provided: `pixelmon:trainers/femaleplasmagrunt`
[21Nov2025 04:26:47.543] [Server thread/INFO] [net.minecraft.server.MinecraftServer/]: [Dulmin: Teleported Dulmin to -4947.500000, 64.500000, -26941.500000]
[21Nov2025 04:26:49.871] [Server thread/ERROR] [com.pixelmonmod.pixelmon.Pixelmon/]: Invalid NPC preset provided: `pixelmon:trainers/femalescientist`
[21Nov2025 04:27:27.666] [Server thread/INFO] [net.minecraft.world.entity.LivingEntity/]: Named entity NPC['Nicki'/117302, l='ServerLevel[world]', x=-4948.68, y=61.50, z=-26941.68] died: Nicki drowned
[21Nov2025 04:27:37.919] [Netty Epoll Server IO #2/ERROR] [com.pixelmonmod.pixelmon.Pixelmon/]: Failed to encode packet: com.pixelmonmod.pixelmon.battles.tasks.RaidDropsTask
io.netty.handler.codec.EncoderException: Failed to encode: Value must be within range [1;99]: 0; Item must not be minecraft:air 0 minecraft:air
	at TRANSFORMER/minecraft@1.21.1/net.minecraft.network.FriendlyByteBuf.lambda$writeJsonWithCodec$3(FriendlyByteBuf.java:110) ~[server-1.21.1-20240808.144430-srg.jar%23130!/:?]
	at MC-BOOTSTRAP/datafixerupper@8.0.16/com.mojang.serialization.DataResult$Error.getOrThrow(DataResult.java:287) ~[datafixerupper-8.0.16.jar%23100!/:?]
	at TRANSFORMER/minecraft@1.21.1/net.minecraft.network.FriendlyByteBuf.writeJsonWithCodec(FriendlyByteBuf.java:110) ~[server-1.21.1-20240808.144430-srg.jar%23130!/:?]
	at TRANSFORMER/pixelmon@9.3.9/com.pixelmonmod.pixelmon.battles.tasks.RaidDropsTask.encode(RaidDropsTask.java:109) ~[Pixelmon-1.21.1-9.3.9-universal.jar%23138!/:9.3.9-PIPE28826]
	at TRANSFORMER/pixelmon@9.3.9/com.pixelmonmod.pixelmon.comm.data.PixelmonPacket.encode(PixelmonPacket.java:23) ~[Pixelmon-1.21.1-9.3.9-universal.jar%23138!/:9.3.9-PIPE28826]
	at TRANSFORMER/pixelmon@9.3.9/com.pixelmonmod.pixelmon.comm.PacketRegistry.encode(PacketRegistry.java:702) ~[Pixelmon-1.21.1-9.3.9-universal.jar%23138!/:9.3.9-PIPE28826]
	at TRANSFORMER/minecraft@1.21.1/net.minecraft.network.codec.StreamCodec$1.encode(StreamCodec.java:25) ~[server-1.21.1-20240808.144430-srg.jar%23130!/:?]
	at TRANSFORMER/minecraft@1.21.1/net.minecraft.network.protocol.common.custom.CustomPacketPayload$1.writeCap(CustomPacketPayload.java:40) ~[server-1.21.1-20240808.144430-srg.jar%23130!/:?]
	at TRANSFORMER/minecraft@1.21.1/net.minecraft.network.protocol.common.custom.CustomPacketPayload$1.encode(CustomPacketPayload.java:47) ~[server-1.21.1-20240808.144430-srg.jar%23130!/:?]
	at TRANSFORMER/minecraft@1.21.1/net.minecraft.network.protocol.common.custom.CustomPacketPayload$1.encode(CustomPacketPayload.java:29) ~[server-1.21.1-20240808.144430-srg.jar%23130!/:?]
	at TRANSFORMER/minecraft@1.21.1/net.minecraft.network.codec.StreamCodec$4.encode(StreamCodec.java:81) ~[server-1.21.1-20240808.144430-srg.jar%23130!/:?]
	at TRANSFORMER/minecraft@1.21.1/net.minecraft.network.codec.StreamCodec$5.encode(StreamCodec.java:97) ~[server-1.21.1-20240808.144430-srg.jar%23130!/:?]
	at TRANSFORMER/minecraft@1.21.1/net.minecraft.network.codec.StreamCodec$5.encode(StreamCodec.java:87) ~[server-1.21.1-20240808.144430-srg.jar%23130!/:?]
	at TRANSFORMER/minecraft@1.21.1/net.minecraft.network.codec.IdDispatchCodec.encode(IdDispatchCodec.java:53) ~[server-1.21.1-20240808.144430-srg.jar%23130!/:?]
	at TRANSFORMER/minecraft@1.21.1/net.minecraft.network.codec.IdDispatchCodec.encode(IdDispatchCodec.java:14) ~[server-1.21.1-20240808.144430-srg.jar%23130!/:?]
	at TRANSFORMER/neoforge@21.1.209/net.neoforged.neoforge.network.filters.GenericPacketSplitter.encode(GenericPacketSplitter.java:104) ~[neoforge-21.1.209-universal.jar%23131!/:?]
	at TRANSFORMER/neoforge@21.1.209/net.neoforged.neoforge.network.filters.GenericPacketSplitter.encode(GenericPacketSplitter.java:39) ~[neoforge-21.1.209-universal.jar%23131!/:?]
	at MC-BOOTSTRAP/io.netty.codec@4.1.97.Final/io.netty.handler.codec.MessageToMessageEncoder.write(MessageToMessageEncoder.java:90) ~[netty-codec-4.1.97.Final.jar%23102!/:4.1.97.Final]
	at MC-BOOTSTRAP/io.netty.transport@4.1.97.Final/io.netty.channel.AbstractChannelHandlerContext.invokeWrite0(AbstractChannelHandlerContext.java:881) ~[netty-transport-4.1.97.Final.jar%23106!/:4.1.97.Final]
	at MC-BOOTSTRAP/io.netty.transport@4.1.97.Final/io.netty.channel.AbstractChannelHandlerContext.invokeWrite(AbstractChannelHandlerContext.java:863) ~[netty-transport-4.1.97.Final.jar%23106!/:4.1.97.Final]
	at MC-BOOTSTRAP/io.netty.transport@4.1.97.Final/io.netty.channel.AbstractChannelHandlerContext.write(AbstractChannelHandlerContext.java:968) ~[netty-transport-4.1.97.Final.jar%23106!/:4.1.97.Final]
	at MC-BOOTSTRAP/io.netty.transport@4.1.97.Final/io.netty.channel.AbstractChannelHandlerContext.write(AbstractChannelHandlerContext.java:856) ~[netty-transport-4.1.97.Final.jar%23106!/:4.1.97.Final]
	at MC-BOOTSTRAP/io.netty.codec@4.1.97.Final/io.netty.handler.codec.MessageToMessageEncoder.write(MessageToMessageEncoder.java:113) ~[netty-codec-4.1.97.Final.jar%23102!/:4.1.97.Final]
	at MC-BOOTSTRAP/io.netty.transport@4.1.97.Final/io.netty.channel.AbstractChannelHandlerContext.invokeWrite0(AbstractChannelHandlerContext.java:881) ~[netty-transport-4.1.97.Final.jar%23106!/:4.1.97.Final]
	at MC-BOOTSTRAP/io.netty.transport@4.1.97.Final/io.netty.channel.AbstractChannelHandlerContext.invokeWrite(AbstractChannelHandlerContext.java:863) ~[netty-transport-4.1.97.Final.jar%23106!/:4.1.97.Final]
	at MC-BOOTSTRAP/io.netty.transport@4.1.97.Final/io.netty.channel.AbstractChannelHandlerContext.write(AbstractChannelHandlerContext.java:968) ~[netty-transport-4.1.97.Final.jar%23106!/:4.1.97.Final]
	at MC-BOOTSTRAP/io.netty.transport@4.1.97.Final/io.netty.channel.AbstractChannelHandlerContext.write(AbstractChannelHandlerContext.java:856) ~[netty-transport-4.1.97.Final.jar%23106!/:4.1.97.Final]
	at MC-BOOTSTRAP/io.netty.transport@4.1.97.Final/io.netty.channel.ChannelOutboundHandlerAdapter.write(ChannelOutboundHandlerAdapter.java:113) ~[netty-transport-4.1.97.Final.jar%23106!/:4.1.97.Final]
	at TRANSFORMER/minecraft@1.21.1/net.minecraft.network.Connection$2.write(Connection.java:528) ~[server-1.21.1-20240808.144430-srg.jar%23130!/:?]
	at MC-BOOTSTRAP/io.netty.transport@4.1.97.Final/io.netty.channel.AbstractChannelHandlerContext.invokeWrite0(AbstractChannelHandlerContext.java:881) ~[netty-transport-4.1.97.Final.jar%23106!/:4.1.97.Final]
	at MC-BOOTSTRAP/io.netty.transport@4.1.97.Final/io.netty.channel.AbstractChannelHandlerContext.invokeWriteAndFlush(AbstractChannelHandlerContext.java:940) ~[netty-transport-4.1.97.Final.jar%23106!/:4.1.97.Final]
	at MC-BOOTSTRAP/io.netty.transport@4.1.97.Final/io.netty.channel.AbstractChannelHandlerContext.write(AbstractChannelHandlerContext.java:966) ~[netty-transport-4.1.97.Final.jar%23106!/:4.1.97.Final]
	at MC-BOOTSTRAP/io.netty.transport@4.1.97.Final/io.netty.channel.AbstractChannelHandlerContext.writeAndFlush(AbstractChannelHandlerContext.java:934) ~[netty-transport-4.1.97.Final.jar%23106!/:4.1.97.Final]
	at MC-BOOTSTRAP/io.netty.transport@4.1.97.Final/io.netty.channel.AbstractChannelHandlerContext.writeAndFlush(AbstractChannelHandlerContext.java:984) ~[netty-transport-4.1.97.Final.jar%23106!/:4.1.97.Final]
	at MC-BOOTSTRAP/io.netty.transport@4.1.97.Final/io.netty.channel.DefaultChannelPipeline.writeAndFlush(DefaultChannelPipeline.java:1025) ~[netty-transport-4.1.97.Final.jar%23106!/:4.1.97.Final]
	at MC-BOOTSTRAP/io.netty.transport@4.1.97.Final/io.netty.channel.AbstractChannel.writeAndFlush(AbstractChannel.java:306) ~[netty-transport-4.1.97.Final.jar%23106!/:4.1.97.Final]
	at TRANSFORMER/minecraft@1.21.1/net.minecraft.network.Connection.doSendPacket$mixinextras$wrapped$77(Connection.java:364) ~[server-1.21.1-20240808.144430-srg.jar%23130!/:?]
	at TRANSFORMER/minecraft@1.21.1/net.minecraft.network.Connection.mixinextras$bridge$doSendPacket$mixinextras$wrapped$77$78(Connection.java) ~[server-1.21.1-20240808.144430-srg.jar%23130!/:?]
	at TRANSFORMER/minecraft@1.21.1/net.minecraft.network.Connection.wrapMethod$zcl000$modernfix$checkClientPresence(Connection.java:750) ~[server-1.21.1-20240808.144430-srg.jar%23130!/:?]
	at TRANSFORMER/minecraft@1.21.1/net.minecraft.network.Connection.doSendPacket(Connection.java) ~[server-1.21.1-20240808.144430-srg.jar%23130!/:?]
	at TRANSFORMER/minecraft@1.21.1/net.minecraft.network.Connection.lambda$sendPacket$12(Connection.java:359) ~[server-1.21.1-20240808.144430-srg.jar%23130!/:?]
	at MC-BOOTSTRAP/io.netty.common@4.1.97.Final/io.netty.util.concurrent.AbstractEventExecutor.runTask(AbstractEventExecutor.java:174) ~[netty-common-4.1.97.Final.jar%23103!/:4.1.97.Final]
	at MC-BOOTSTRAP/io.netty.common@4.1.97.Final/io.netty.util.concurrent.AbstractEventExecutor.safeExecute(AbstractEventExecutor.java:167) ~[netty-common-4.1.97.Final.jar%23103!/:4.1.97.Final]
	at MC-BOOTSTRAP/io.netty.common@4.1.97.Final/io.netty.util.concurrent.SingleThreadEventExecutor.runAllTasks(SingleThreadEventExecutor.java:470) ~[netty-common-4.1.97.Final.jar%23103!/:4.1.97.Final]
	at MC-BOOTSTRAP/io.netty.transport.classes.epoll@4.1.97.Final/io.netty.channel.epoll.EpollEventLoop.run(EpollEventLoop.java:413) ~[netty-transport-classes-epoll-4.1.97.Final.jar%23107!/:4.1.97.Final]
	at MC-BOOTSTRAP/io.netty.common@4.1.97.Final/io.netty.util.concurrent.SingleThreadEventExecutor$4.run(SingleThreadEventExecutor.java:997) ~[netty-common-4.1.97.Final.jar%23103!/:4.1.97.Final]
	at MC-BOOTSTRAP/io.netty.common@4.1.97.Final/io.netty.util.internal.ThreadExecutorMap$2.run(ThreadExecutorMap.java:74) ~[netty-common-4.1.97.Final.jar%23103!/:4.1.97.Final]
	at java.base/java.lang.Thread.run(Unknown Source) [?:?]
[21Nov2025 04:27:37.921] [Netty Epoll Server IO #2/ERROR] [net.minecraft.network.Connection/]: Exception caught in connection
io.netty.handler.codec.EncoderException: Failed to encode packet 'clientbound/minecraft:custom_payload'
	at TRANSFORMER/minecraft@1.21.1/net.minecraft.network.codec.IdDispatchCodec.encode(IdDispatchCodec.java:55) ~[server-1.21.1-20240808.144430-srg.jar%23130!/:?]
	at TRANSFORMER/minecraft@1.21.1/net.minecraft.network.codec.IdDispatchCodec.encode(IdDispatchCodec.java:14) ~[server-1.21.1-20240808.144430-srg.jar%23130!/:?]
	at TRANSFORMER/neoforge@21.1.209/net.neoforged.neoforge.network.filters.GenericPacketSplitter.encode(GenericPacketSplitter.java:104) ~[neoforge-21.1.209-universal.jar%23131!/:?]
	at TRANSFORMER/neoforge@21.1.209/net.neoforged.neoforge.network.filters.GenericPacketSplitter.encode(GenericPacketSplitter.java:39) ~[neoforge-21.1.209-universal.jar%23131!/:?]
	at MC-BOOTSTRAP/io.netty.codec@4.1.97.Final/io.netty.handler.codec.MessageToMessageEncoder.write(MessageToMessageEncoder.java:90) ~[netty-codec-4.1.97.Final.jar%23102!/:4.1.97.Final]
	at MC-BOOTSTRAP/io.netty.transport@4.1.97.Final/io.netty.channel.AbstractChannelHandlerContext.invokeWrite0(AbstractChannelHandlerContext.java:881) ~[netty-transport-4.1.97.Final.jar%23106!/:4.1.97.Final]
	at MC-BOOTSTRAP/io.netty.transport@4.1.97.Final/io.netty.channel.AbstractChannelHandlerContext.invokeWrite(AbstractChannelHandlerContext.java:863) ~[netty-transport-4.1.97.Final.jar%23106!/:4.1.97.Final]
	at MC-BOOTSTRAP/io.netty.transport@4.1.97.Final/io.netty.channel.AbstractChannelHandlerContext.write(AbstractChannelHandlerContext.java:968) ~[netty-transport-4.1.97.Final.jar%23106!/:4.1.97.Final]
	at MC-BOOTSTRAP/io.netty.transport@4.1.97.Final/io.netty.channel.AbstractChannelHandlerContext.write(AbstractChannelHandlerContext.java:856) ~[netty-transport-4.1.97.Final.jar%23106!/:4.1.97.Final]
	at MC-BOOTSTRAP/io.netty.codec@4.1.97.Final/io.netty.handler.codec.MessageToMessageEncoder.write(MessageToMessageEncoder.java:113) ~[netty-codec-4.1.97.Final.jar%23102!/:4.1.97.Final]
	at MC-BOOTSTRAP/io.netty.transport@4.1.97.Final/io.netty.channel.AbstractChannelHandlerContext.invokeWrite0(AbstractChannelHandlerContext.java:881) ~[netty-transport-4.1.97.Final.jar%23106!/:4.1.97.Final]
	at MC-BOOTSTRAP/io.netty.transport@4.1.97.Final/io.netty.channel.AbstractChannelHandlerContext.invokeWrite(AbstractChannelHandlerContext.java:863) ~[netty-transport-4.1.97.Final.jar%23106!/:4.1.97.Final]
	at MC-BOOTSTRAP/io.netty.transport@4.1.97.Final/io.netty.channel.AbstractChannelHandlerContext.write(AbstractChannelHandlerContext.java:968) ~[netty-transport-4.1.97.Final.jar%23106!/:4.1.97.Final]
	at MC-BOOTSTRAP/io.netty.transport@4.1.97.Final/io.netty.channel.AbstractChannelHandlerContext.write(AbstractChannelHandlerContext.java:856) ~[netty-transport-4.1.97.Final.jar%23106!/:4.1.97.Final]
	at MC-BOOTSTRAP/io.netty.transport@4.1.97.Final/io.netty.channel.ChannelOutboundHandlerAdapter.write(ChannelOutboundHandlerAdapter.java:113) ~[netty-transport-4.1.97.Final.jar%23106!/:4.1.97.Final]
	at TRANSFORMER/minecraft@1.21.1/net.minecraft.network.Connection$2.write(Connection.java:528) ~[server-1.21.1-20240808.144430-srg.jar%23130!/:?]
	at MC-BOOTSTRAP/io.netty.transport@4.1.97.Final/io.netty.channel.AbstractChannelHandlerContext.invokeWrite0(AbstractChannelHandlerContext.java:881) ~[netty-transport-4.1.97.Final.jar%23106!/:4.1.97.Final]
	at MC-BOOTSTRAP/io.netty.transport@4.1.97.Final/io.netty.channel.AbstractChannelHandlerContext.invokeWriteAndFlush(AbstractChannelHandlerContext.java:940) ~[netty-transport-4.1.97.Final.jar%23106!/:4.1.97.Final]
	at MC-BOOTSTRAP/io.netty.transport@4.1.97.Final/io.netty.channel.AbstractChannelHandlerContext.write(AbstractChannelHandlerContext.java:966) ~[netty-transport-4.1.97.Final.jar%23106!/:4.1.97.Final]
	at MC-BOOTSTRAP/io.netty.transport@4.1.97.Final/io.netty.channel.AbstractChannelHandlerContext.writeAndFlush(AbstractChannelHandlerContext.java:934) ~[netty-transport-4.1.97.Final.jar%23106!/:4.1.97.Final]
	at MC-BOOTSTRAP/io.netty.transport@4.1.97.Final/io.netty.channel.AbstractChannelHandlerContext.writeAndFlush(AbstractChannelHandlerContext.java:984) ~[netty-transport-4.1.97.Final.jar%23106!/:4.1.97.Final]
	at MC-BOOTSTRAP/io.netty.transport@4.1.97.Final/io.netty.channel.DefaultChannelPipeline.writeAndFlush(DefaultChannelPipeline.java:1025) ~[netty-transport-4.1.97.Final.jar%23106!/:4.1.97.Final]
	at MC-BOOTSTRAP/io.netty.transport@4.1.97.Final/io.netty.channel.AbstractChannel.writeAndFlush(AbstractChannel.java:306) ~[netty-transport-4.1.97.Final.jar%23106!/:4.1.97.Final]
	at TRANSFORMER/minecraft@1.21.1/net.minecraft.network.Connection.doSendPacket$mixinextras$wrapped$77(Connection.java:364) ~[server-1.21.1-20240808.144430-srg.jar%23130!/:?]
	at TRANSFORMER/minecraft@1.21.1/net.minecraft.network.Connection.mixinextras$bridge$doSendPacket$mixinextras$wrapped$77$78(Connection.java) ~[server-1.21.1-20240808.144430-srg.jar%23130!/:?]
	at TRANSFORMER/minecraft@1.21.1/net.minecraft.network.Connection.wrapMethod$zcl000$modernfix$checkClientPresence(Connection.java:750) ~[server-1.21.1-20240808.144430-srg.jar%23130!/:?]
	at TRANSFORMER/minecraft@1.21.1/net.minecraft.network.Connection.doSendPacket(Connection.java) ~[server-1.21.1-20240808.144430-srg.jar%23130!/:?]
	at TRANSFORMER/minecraft@1.21.1/net.minecraft.network.Connection.lambda$sendPacket$12(Connection.java:359) ~[server-1.21.1-20240808.144430-srg.jar%23130!/:?]
	at MC-BOOTSTRAP/io.netty.common@4.1.97.Final/io.netty.util.concurrent.AbstractEventExecutor.runTask(AbstractEventExecutor.java:174) ~[netty-common-4.1.97.Final.jar%23103!/:4.1.97.Final]
	at MC-BOOTSTRAP/io.netty.common@4.1.97.Final/io.netty.util.concurrent.AbstractEventExecutor.safeExecute(AbstractEventExecutor.java:167) ~[netty-common-4.1.97.Final.jar%23103!/:4.1.97.Final]
	at MC-BOOTSTRAP/io.netty.common@4.1.97.Final/io.netty.util.concurrent.SingleThreadEventExecutor.runAllTasks(SingleThreadEventExecutor.java:470) ~[netty-common-4.1.97.Final.jar%23103!/:4.1.97.Final]
	at MC-BOOTSTRAP/io.netty.transport.classes.epoll@4.1.97.Final/io.netty.channel.epoll.EpollEventLoop.run(EpollEventLoop.java:413) ~[netty-transport-classes-epoll-4.1.97.Final.jar%23107!/:4.1.97.Final]
	at MC-BOOTSTRAP/io.netty.common@4.1.97.Final/io.netty.util.concurrent.SingleThreadEventExecutor$4.run(SingleThreadEventExecutor.java:997) ~[netty-common-4.1.97.Final.jar%23103!/:4.1.97.Final]
	at MC-BOOTSTRAP/io.netty.common@4.1.97.Final/io.netty.util.internal.ThreadExecutorMap$2.run(ThreadExecutorMap.java:74) ~[netty-common-4.1.97.Final.jar%23103!/:4.1.97.Final]
	at java.base/java.lang.Thread.run(Unknown Source) [?:?]
Caused by: java.lang.RuntimeException: Failed encoding custom payload pixelmon:raiddropstask: java.lang.RuntimeException: Failed to encode packet: com.pixelmonmod.pixelmon.battles.tasks.RaidDropsTask
	at TRANSFORMER/minecraft@1.21.1/net.minecraft.network.protocol.common.custom.CustomPacketPayload$1.writeCap(CustomPacketPayload.java:42) ~[server-1.21.1-20240808.144430-srg.jar%23130!/:?]
	at TRANSFORMER/minecraft@1.21.1/net.minecraft.network.protocol.common.custom.CustomPacketPayload$1.encode(CustomPacketPayload.java:47) ~[server-1.21.1-20240808.144430-srg.jar%23130!/:?]
	at TRANSFORMER/minecraft@1.21.1/net.minecraft.network.protocol.common.custom.CustomPacketPayload$1.encode(CustomPacketPayload.java:29) ~[server-1.21.1-20240808.144430-srg.jar%23130!/:?]
	at TRANSFORMER/minecraft@1.21.1/net.minecraft.network.codec.StreamCodec$4.encode(StreamCodec.java:81) ~[server-1.21.1-20240808.144430-srg.jar%23130!/:?]
	at TRANSFORMER/minecraft@1.21.1/net.minecraft.network.codec.StreamCodec$5.encode(StreamCodec.java:97) ~[server-1.21.1-20240808.144430-srg.jar%23130!/:?]
	at TRANSFORMER/minecraft@1.21.1/net.minecraft.network.codec.StreamCodec$5.encode(StreamCodec.java:87) ~[server-1.21.1-20240808.144430-srg.jar%23130!/:?]
	at TRANSFORMER/minecraft@1.21.1/net.minecraft.network.codec.IdDispatchCodec.encode(IdDispatchCodec.java:53) ~[server-1.21.1-20240808.144430-srg.jar%23130!/:?]
	... 34 more
Caused by: java.lang.RuntimeException: Failed to encode packet: com.pixelmonmod.pixelmon.battles.tasks.RaidDropsTask
	at TRANSFORMER/pixelmon@9.3.9/com.pixelmonmod.pixelmon.comm.PacketRegistry.encode(PacketRegistry.java:705) ~[Pixelmon-1.21.1-9.3.9-universal.jar%23138!/:9.3.9-PIPE28826]
	at TRANSFORMER/minecraft@1.21.1/net.minecraft.network.codec.StreamCodec$1.encode(StreamCodec.java:25) ~[server-1.21.1-20240808.144430-srg.jar%23130!/:?]
	at TRANSFORMER/minecraft@1.21.1/net.minecraft.network.protocol.common.custom.CustomPacketPayload$1.writeCap(CustomPacketPayload.java:40) ~[server-1.21.1-20240808.144430-srg.jar%23130!/:?]
	at TRANSFORMER/minecraft@1.21.1/net.minecraft.network.protocol.common.custom.CustomPacketPayload$1.encode(CustomPacketPayload.java:47) ~[server-1.21.1-20240808.144430-srg.jar%23130!/:?]
	at TRANSFORMER/minecraft@1.21.1/net.minecraft.network.protocol.common.custom.CustomPacketPayload$1.encode(CustomPacketPayload.java:29) ~[server-1.21.1-20240808.144430-srg.jar%23130!/:?]
	at TRANSFORMER/minecraft@1.21.1/net.minecraft.network.codec.StreamCodec$4.encode(StreamCodec.java:81) ~[server-1.21.1-20240808.144430-srg.jar%23130!/:?]
	at TRANSFORMER/minecraft@1.21.1/net.minecraft.network.codec.StreamCodec$5.encode(StreamCodec.java:97) ~[server-1.21.1-20240808.144430-srg.jar%23130!/:?]
	at TRANSFORMER/minecraft@1.21.1/net.minecraft.network.codec.StreamCodec$5.encode(StreamCodec.java:87) ~[server-1.21.1-20240808.144430-srg.jar%23130!/:?]
	at TRANSFORMER/minecraft@1.21.1/net.minecraft.network.codec.IdDispatchCodec.encode(IdDispatchCodec.java:53) ~[server-1.21.1-20240808.144430-srg.jar%23130!/:?]
	... 34 more
Caused by: io.netty.handler.codec.EncoderException: Failed to encode: Value must be within range [1;99]: 0; Item must not be minecraft:air 0 minecraft:air
	at TRANSFORMER/minecraft@1.21.1/net.minecraft.network.FriendlyByteBuf.lambda$writeJsonWithCodec$3(FriendlyByteBuf.java:110) ~[server-1.21.1-20240808.144430-srg.jar%23130!/:?]
	at MC-BOOTSTRAP/datafixerupper@8.0.16/com.mojang.serialization.DataResult$Error.getOrThrow(DataResult.java:287) ~[datafixerupper-8.0.16.jar%23100!/:?]
	at TRANSFORMER/minecraft@1.21.1/net.minecraft.network.FriendlyByteBuf.writeJsonWithCodec(FriendlyByteBuf.java:110) ~[server-1.21.1-20240808.144430-srg.jar%23130!/:?]
	at TRANSFORMER/pixelmon@9.3.9/com.pixelmonmod.pixelmon.battles.tasks.RaidDropsTask.encode(RaidDropsTask.java:109) ~[Pixelmon-1.21.1-9.3.9-universal.jar%23138!/:9.3.9-PIPE28826]
	at TRANSFORMER/pixelmon@9.3.9/com.pixelmonmod.pixelmon.comm.data.PixelmonPacket.encode(PixelmonPacket.java:23) ~[Pixelmon-1.21.1-9.3.9-universal.jar%23138!/:9.3.9-PIPE28826]
	at TRANSFORMER/pixelmon@9.3.9/com.pixelmonmod.pixelmon.comm.PacketRegistry.encode(PacketRegistry.java:702) ~[Pixelmon-1.21.1-9.3.9-universal.jar%23138!/:9.3.9-PIPE28826]
	at TRANSFORMER/minecraft@1.21.1/net.minecraft.network.codec.StreamCodec$1.encode(StreamCodec.java:25) ~[server-1.21.1-20240808.144430-srg.jar%23130!/:?]
	at TRANSFORMER/minecraft@1.21.1/net.minecraft.network.protocol.common.custom.CustomPacketPayload$1.writeCap(CustomPacketPayload.java:40) ~[server-1.21.1-20240808.144430-srg.jar%23130!/:?]
	at TRANSFORMER/minecraft@1.21.1/net.minecraft.network.protocol.common.custom.CustomPacketPayload$1.encode(CustomPacketPayload.java:47) ~[server-1.21.1-20240808.144430-srg.jar%23130!/:?]
	at TRANSFORMER/minecraft@1.21.1/net.minecraft.network.protocol.common.custom.CustomPacketPayload$1.encode(CustomPacketPayload.java:29) ~[server-1.21.1-20240808.144430-srg.jar%23130!/:?]
	at TRANSFORMER/minecraft@1.21.1/net.minecraft.network.codec.StreamCodec$4.encode(StreamCodec.java:81) ~[server-1.21.1-20240808.144430-srg.jar%23130!/:?]
	at TRANSFORMER/minecraft@1.21.1/net.minecraft.network.codec.StreamCodec$5.encode(StreamCodec.java:97) ~[server-1.21.1-20240808.144430-srg.jar%23130!/:?]
	at TRANSFORMER/minecraft@1.21.1/net.minecraft.network.codec.StreamCodec$5.encode(StreamCodec.java:87) ~[server-1.21.1-20240808.144430-srg.jar%23130!/:?]
	at TRANSFORMER/minecraft@1.21.1/net.minecraft.network.codec.IdDispatchCodec.encode(IdDispatchCodec.java:53) ~[server-1.21.1-20240808.144430-srg.jar%23130!/:?]
	... 34 more
[21Nov2025 04:27:37.968] [Server thread/INFO] [net.minecraft.server.network.ServerGamePacketListenerImpl/]: Dulmin lost connection: Internal Exception: io.netty.handler.codec.EncoderException: Failed to encode packet 'clientbound/minecraft:custom_payload'
[21Nov2025 04:27:37.969] [Server thread/INFO] [net.minecraft.server.MinecraftServer/]: Dulmin left the game
[21Nov2025 04:27:37.969] [Server thread/INFO] [voicechat/]: [voicechat] Disconnecting client Dulmin
[21Nov2025 04:29:26.259] [Server thread/INFO] [net.minecraft.server.MinecraftServer/]: ___________12345 has made the advancement [Come, bitter poison]
[21Nov2025 04:29:29.209] [Server thread/INFO] [net.minecraft.server.MinecraftServer/]: ___________12345 has made the advancement [Curse the Darkness]
[21Nov2025 04:33:22.401] [Server thread/ERROR] [net.neoforged.fml.common.asm.RuntimeDistCleaner/DISTXFORM]: Attempted to load class net/minecraft/client/resources/sounds/SoundInstance for invalid dist DEDICATED_SERVER
[21Nov2025 04:33:22.401] [Server thread/ERROR] [com.pixelmonmod.pixelmon.Pixelmon/]: Caught error in battle. Continuing...
java.lang.RuntimeException: Attempted to load class net/minecraft/client/resources/sounds/SoundInstance for invalid dist DEDICATED_SERVER
	at MC-BOOTSTRAP/fml_loader@4.0.41/net.neoforged.fml.common.asm.RuntimeDistCleaner.processClassWithFlags(RuntimeDistCleaner.java:60) ~[loader-4.0.41.jar%2359!/:4.0]
	at MC-BOOTSTRAP/cpw.mods.modlauncher@11.0.5/cpw.mods.modlauncher.LaunchPluginHandler.offerClassNodeToPlugins(LaunchPluginHandler.java:94) ~[modlauncher-11.0.5.jar%2364!/:?]
	at MC-BOOTSTRAP/cpw.mods.modlauncher@11.0.5/cpw.mods.modlauncher.ClassTransformer.transform(ClassTransformer.java:120) ~[modlauncher-11.0.5.jar%2364!/:?]
	at MC-BOOTSTRAP/cpw.mods.modlauncher@11.0.5/cpw.mods.modlauncher.TransformingClassLoader.maybeTransformClassBytes(TransformingClassLoader.java:57) ~[modlauncher-11.0.5.jar%2364!/:?]
	at cpw.mods.securejarhandler/cpw.mods.cl.ModuleClassLoader.readerToClass(ModuleClassLoader.java:190) ~[securejarhandler-3.0.8.jar:?]
	at cpw.mods.securejarhandler/cpw.mods.cl.ModuleClassLoader.lambda$findClass$20(ModuleClassLoader.java:298) ~[securejarhandler-3.0.8.jar:?]
	at cpw.mods.securejarhandler/cpw.mods.cl.ModuleClassLoader.loadFromModule(ModuleClassLoader.java:311) ~[securejarhandler-3.0.8.jar:?]
	at cpw.mods.securejarhandler/cpw.mods.cl.ModuleClassLoader.findClass(ModuleClassLoader.java:298) ~[securejarhandler-3.0.8.jar:?]
	at cpw.mods.securejarhandler/cpw.mods.cl.ModuleClassLoader.loadClass(ModuleClassLoader.java:214) ~[securejarhandler-3.0.8.jar:?]
	at java.base/java.lang.ClassLoader.loadClass(Unknown Source) ~[?:?]
	at TRANSFORMER/pixelmon@9.3.9/com.pixelmonmod.pixelmon.battles.controller.participants.PlayerParticipant.forfeitBattleForBeingTooFarAway(PlayerParticipant.java:666) ~[Pixelmon-1.21.1-9.3.9-universal.jar%23138!/:9.3.9-PIPE28826]
	at TRANSFORMER/pixelmon@9.3.9/com.pixelmonmod.pixelmon.battles.controller.participants.PlayerParticipant.handlePlayerDistanceFromBattle(PlayerParticipant.java:647) ~[Pixelmon-1.21.1-9.3.9-universal.jar%23138!/:9.3.9-PIPE28826]
	at TRANSFORMER/pixelmon@9.3.9/com.pixelmonmod.pixelmon.battles.controller.participants.PlayerParticipant.tick(PlayerParticipant.java:451) ~[Pixelmon-1.21.1-9.3.9-universal.jar%23138!/:9.3.9-PIPE28826]
	at TRANSFORMER/pixelmon@9.3.9/com.pixelmonmod.pixelmon.battles.controller.BattleController.onUpdate(BattleController.java:1135) ~[Pixelmon-1.21.1-9.3.9-universal.jar%23138!/:9.3.9-PIPE28826]
	at TRANSFORMER/pixelmon@9.3.9/com.pixelmonmod.pixelmon.battles.controller.BattleController.update(BattleController.java:511) ~[Pixelmon-1.21.1-9.3.9-universal.jar%23138!/:9.3.9-PIPE28826]
	at TRANSFORMER/pixelmon@9.3.9/com.pixelmonmod.pixelmon.battles.BattleRegistry.updateBattles(BattleRegistry.java:202) ~[Pixelmon-1.21.1-9.3.9-universal.jar%23138!/:9.3.9-PIPE28826]
	at TRANSFORMER/pixelmon@9.3.9/com.pixelmonmod.pixelmon.battles.BattleTickHandler.tickStart(BattleTickHandler.java:10) ~[Pixelmon-1.21.1-9.3.9-universal.jar%23138!/:9.3.9-PIPE28826]
	at MC-BOOTSTRAP/net.neoforged.bus/net.neoforged.bus.EventBus.post(EventBus.java:360) ~[bus-8.0.5.jar%2362!/:?]
	at MC-BOOTSTRAP/net.neoforged.bus/net.neoforged.bus.EventBus.post(EventBus.java:328) ~[bus-8.0.5.jar%2362!/:?]
	at TRANSFORMER/neoforge@21.1.209/net.neoforged.neoforge.event.EventHooks.fireServerTickPost(EventHooks.java:1020) ~[neoforge-21.1.209-universal.jar%23131!/:?]
	at TRANSFORMER/minecraft@1.21.1/net.minecraft.server.MinecraftServer.tickServer(MinecraftServer.java:943) ~[server-1.21.1-20240808.144430-srg.jar%23130!/:?]
	at TRANSFORMER/minecraft@1.21.1/net.minecraft.server.MinecraftServer.runServer(MinecraftServer.java:707) ~[server-1.21.1-20240808.144430-srg.jar%23130!/:?]
	at TRANSFORMER/minecraft@1.21.1/net.minecraft.server.MinecraftServer.lambda$spin$2(MinecraftServer.java:267) ~[server-1.21.1-20240808.144430-srg.jar%23130!/:?]
	at java.base/java.lang.Thread.run(Unknown Source) [?:?]
[21Nov2025 04:33:22.404] [Server thread/ERROR] [com.pixelmonmod.pixelmon.Pixelmon/]: ===Too many errors detected in battle, force-ending===
[21Nov2025 04:34:09.398] [Server thread/ERROR] [net.neoforged.fml.common.asm.RuntimeDistCleaner/DISTXFORM]: Attempted to load class net/minecraft/client/resources/sounds/SoundInstance for invalid dist DEDICATED_SERVER
[21Nov2025 04:34:09.398] [Server thread/ERROR] [com.pixelmonmod.pixelmon.Pixelmon/]: Caught error in battle. Continuing...
java.lang.RuntimeException: Attempted to load class net/minecraft/client/resources/sounds/SoundInstance for invalid dist DEDICATED_SERVER
	at MC-BOOTSTRAP/fml_loader@4.0.41/net.neoforged.fml.common.asm.RuntimeDistCleaner.processClassWithFlags(RuntimeDistCleaner.java:60) ~[loader-4.0.41.jar%2359!/:4.0]
	at MC-BOOTSTRAP/cpw.mods.modlauncher@11.0.5/cpw.mods.modlauncher.LaunchPluginHandler.offerClassNodeToPlugins(LaunchPluginHandler.java:94) ~[modlauncher-11.0.5.jar%2364!/:?]
	at MC-BOOTSTRAP/cpw.mods.modlauncher@11.0.5/cpw.mods.modlauncher.ClassTransformer.transform(ClassTransformer.java:120) ~[modlauncher-11.0.5.jar%2364!/:?]
	at MC-BOOTSTRAP/cpw.mods.modlauncher@11.0.5/cpw.mods.modlauncher.TransformingClassLoader.maybeTransformClassBytes(TransformingClassLoader.java:57) ~[modlauncher-11.0.5.jar%2364!/:?]
	at cpw.mods.securejarhandler/cpw.mods.cl.ModuleClassLoader.readerToClass(ModuleClassLoader.java:190) ~[securejarhandler-3.0.8.jar:?]
	at cpw.mods.securejarhandler/cpw.mods.cl.ModuleClassLoader.lambda$findClass$20(ModuleClassLoader.java:298) ~[securejarhandler-3.0.8.jar:?]
	at cpw.mods.securejarhandler/cpw.mods.cl.ModuleClassLoader.loadFromModule(ModuleClassLoader.java:311) ~[securejarhandler-3.0.8.jar:?]
	at cpw.mods.securejarhandler/cpw.mods.cl.ModuleClassLoader.findClass(ModuleClassLoader.java:298) ~[securejarhandler-3.0.8.jar:?]
	at cpw.mods.securejarhandler/cpw.mods.cl.ModuleClassLoader.loadClass(ModuleClassLoader.java:214) ~[securejarhandler-3.0.8.jar:?]
	at java.base/java.lang.ClassLoader.loadClass(Unknown Source) ~[?:?]
	at TRANSFORMER/pixelmon@9.3.9/com.pixelmonmod.pixelmon.battles.controller.participants.PlayerParticipant.forfeitBattleForBeingTooFarAway(PlayerParticipant.java:666) ~[Pixelmon-1.21.1-9.3.9-universal.jar%23138!/:9.3.9-PIPE28826]
	at TRANSFORMER/pixelmon@9.3.9/com.pixelmonmod.pixelmon.battles.controller.participants.PlayerParticipant.handlePlayerDistanceFromBattle(PlayerParticipant.java:647) ~[Pixelmon-1.21.1-9.3.9-universal.jar%23138!/:9.3.9-PIPE28826]
	at TRANSFORMER/pixelmon@9.3.9/com.pixelmonmod.pixelmon.battles.controller.participants.PlayerParticipant.tick(PlayerParticipant.java:451) ~[Pixelmon-1.21.1-9.3.9-universal.jar%23138!/:9.3.9-PIPE28826]
	at TRANSFORMER/pixelmon@9.3.9/com.pixelmonmod.pixelmon.battles.controller.BattleController.onUpdate(BattleController.java:1135) ~[Pixelmon-1.21.1-9.3.9-universal.jar%23138!/:9.3.9-PIPE28826]
	at TRANSFORMER/pixelmon@9.3.9/com.pixelmonmod.pixelmon.battles.controller.BattleController.update(BattleController.java:511) ~[Pixelmon-1.21.1-9.3.9-universal.jar%23138!/:9.3.9-PIPE28826]
	at TRANSFORMER/pixelmon@9.3.9/com.pixelmonmod.pixelmon.battles.BattleRegistry.updateBattles(BattleRegistry.java:202) ~[Pixelmon-1.21.1-9.3.9-universal.jar%23138!/:9.3.9-PIPE28826]
	at TRANSFORMER/pixelmon@9.3.9/com.pixelmonmod.pixelmon.battles.BattleTickHandler.tickStart(BattleTickHandler.java:10) ~[Pixelmon-1.21.1-9.3.9-universal.jar%23138!/:9.3.9-PIPE28826]
	at MC-BOOTSTRAP/net.neoforged.bus/net.neoforged.bus.EventBus.post(EventBus.java:360) ~[bus-8.0.5.jar%2362!/:?]
	at MC-BOOTSTRAP/net.neoforged.bus/net.neoforged.bus.EventBus.post(EventBus.java:328) ~[bus-8.0.5.jar%2362!/:?]
	at TRANSFORMER/neoforge@21.1.209/net.neoforged.neoforge.event.EventHooks.fireServerTickPost(EventHooks.java:1020) ~[neoforge-21.1.209-universal.jar%23131!/:?]
	at TRANSFORMER/minecraft@1.21.1/net.minecraft.server.MinecraftServer.tickServer(MinecraftServer.java:943) ~[server-1.21.1-20240808.144430-srg.jar%23130!/:?]
	at TRANSFORMER/minecraft@1.21.1/net.minecraft.server.MinecraftServer.runServer(MinecraftServer.java:707) ~[server-1.21.1-20240808.144430-srg.jar%23130!/:?]
	at TRANSFORMER/minecraft@1.21.1/net.minecraft.server.MinecraftServer.lambda$spin$2(MinecraftServer.java:267) ~[server-1.21.1-20240808.144430-srg.jar%23130!/:?]
	at java.base/java.lang.Thread.run(Unknown Source) [?:?]
[21Nov2025 04:34:09.400] [Server thread/ERROR] [com.pixelmonmod.pixelmon.Pixelmon/]: ===Too many errors detected in battle, force-ending===
[21Nov2025 04:34:09.697] [Server thread/INFO] [net.minecraft.server.MinecraftServer/]: ___________12345 has made the advancement [A whole lot of Normal]
[21Nov2025 04:44:24.921] [Server thread/ERROR] [net.neoforged.fml.common.asm.RuntimeDistCleaner/DISTXFORM]: Attempted to load class net/minecraft/client/resources/sounds/SoundInstance for invalid dist DEDICATED_SERVER
[21Nov2025 04:44:24.922] [Server thread/ERROR] [com.pixelmonmod.pixelmon.Pixelmon/]: Caught error in battle. Continuing...
java.lang.RuntimeException: Attempted to load class net/minecraft/client/resources/sounds/SoundInstance for invalid dist DEDICATED_SERVER
	at MC-BOOTSTRAP/fml_loader@4.0.41/net.neoforged.fml.common.asm.RuntimeDistCleaner.processClassWithFlags(RuntimeDistCleaner.java:60) ~[loader-4.0.41.jar%2359!/:4.0]
	at MC-BOOTSTRAP/cpw.mods.modlauncher@11.0.5/cpw.mods.modlauncher.LaunchPluginHandler.offerClassNodeToPlugins(LaunchPluginHandler.java:94) ~[modlauncher-11.0.5.jar%2364!/:?]
	at MC-BOOTSTRAP/cpw.mods.modlauncher@11.0.5/cpw.mods.modlauncher.ClassTransformer.transform(ClassTransformer.java:120) ~[modlauncher-11.0.5.jar%2364!/:?]
	at MC-BOOTSTRAP/cpw.mods.modlauncher@11.0.5/cpw.mods.modlauncher.TransformingClassLoader.maybeTransformClassBytes(TransformingClassLoader.java:57) ~[modlauncher-11.0.5.jar%2364!/:?]
	at cpw.mods.securejarhandler/cpw.mods.cl.ModuleClassLoader.readerToClass(ModuleClassLoader.java:190) ~[securejarhandler-3.0.8.jar:?]
	at cpw.mods.securejarhandler/cpw.mods.cl.ModuleClassLoader.lambda$findClass$20(ModuleClassLoader.java:298) ~[securejarhandler-3.0.8.jar:?]
	at cpw.mods.securejarhandler/cpw.mods.cl.ModuleClassLoader.loadFromModule(ModuleClassLoader.java:311) ~[securejarhandler-3.0.8.jar:?]
	at cpw.mods.securejarhandler/cpw.mods.cl.ModuleClassLoader.findClass(ModuleClassLoader.java:298) ~[securejarhandler-3.0.8.jar:?]
	at cpw.mods.securejarhandler/cpw.mods.cl.ModuleClassLoader.loadClass(ModuleClassLoader.java:214) ~[securejarhandler-3.0.8.jar:?]
	at java.base/java.lang.ClassLoader.loadClass(Unknown Source) ~[?:?]
	at TRANSFORMER/pixelmon@9.3.9/com.pixelmonmod.pixelmon.battles.controller.participants.PlayerParticipant.forfeitBattleForBeingTooFarAway(PlayerParticipant.java:666) ~[Pixelmon-1.21.1-9.3.9-universal.jar%23138!/:9.3.9-PIPE28826]
	at TRANSFORMER/pixelmon@9.3.9/com.pixelmonmod.pixelmon.battles.controller.participants.PlayerParticipant.handlePlayerDistanceFromBattle(PlayerParticipant.java:647) ~[Pixelmon-1.21.1-9.3.9-universal.jar%23138!/:9.3.9-PIPE28826]
	at TRANSFORMER/pixelmon@9.3.9/com.pixelmonmod.pixelmon.battles.controller.participants.PlayerParticipant.tick(PlayerParticipant.java:451) ~[Pixelmon-1.21.1-9.3.9-universal.jar%23138!/:9.3.9-PIPE28826]
	at TRANSFORMER/pixelmon@9.3.9/com.pixelmonmod.pixelmon.battles.controller.BattleController.onUpdate(BattleController.java:1135) ~[Pixelmon-1.21.1-9.3.9-universal.jar%23138!/:9.3.9-PIPE28826]
	at TRANSFORMER/pixelmon@9.3.9/com.pixelmonmod.pixelmon.battles.controller.BattleController.update(BattleController.java:511) ~[Pixelmon-1.21.1-9.3.9-universal.jar%23138!/:9.3.9-PIPE28826]
	at TRANSFORMER/pixelmon@9.3.9/com.pixelmonmod.pixelmon.battles.BattleRegistry.updateBattles(BattleRegistry.java:202) ~[Pixelmon-1.21.1-9.3.9-universal.jar%23138!/:9.3.9-PIPE28826]
	at TRANSFORMER/pixelmon@9.3.9/com.pixelmonmod.pixelmon.battles.BattleTickHandler.tickStart(BattleTickHandler.java:10) ~[Pixelmon-1.21.1-9.3.9-universal.jar%23138!/:9.3.9-PIPE28826]
	at MC-BOOTSTRAP/net.neoforged.bus/net.neoforged.bus.EventBus.post(EventBus.java:360) ~[bus-8.0.5.jar%2362!/:?]
	at MC-BOOTSTRAP/net.neoforged.bus/net.neoforged.bus.EventBus.post(EventBus.java:328) ~[bus-8.0.5.jar%2362!/:?]
	at TRANSFORMER/neoforge@21.1.209/net.neoforged.neoforge.event.EventHooks.fireServerTickPost(EventHooks.java:1020) ~[neoforge-21.1.209-universal.jar%23131!/:?]
	at TRANSFORMER/minecraft@1.21.1/net.minecraft.server.MinecraftServer.tickServer(MinecraftServer.java:943) ~[server-1.21.1-20240808.144430-srg.jar%23130!/:?]
	at TRANSFORMER/minecraft@1.21.1/net.minecraft.server.MinecraftServer.runServer(MinecraftServer.java:707) ~[server-1.21.1-20240808.144430-srg.jar%23130!/:?]
	at TRANSFORMER/minecraft@1.21.1/net.minecraft.server.MinecraftServer.lambda$spin$2(MinecraftServer.java:267) ~[server-1.21.1-20240808.144430-srg.jar%23130!/:?]
	at java.base/java.lang.Thread.run(Unknown Source) [?:?]
[21Nov2025 04:44:24.923] [Server thread/ERROR] [com.pixelmonmod.pixelmon.Pixelmon/]: ===Too many errors detected in battle, force-ending===
[21Nov2025 04:44:49.071] [Server thread/ERROR] [net.neoforged.fml.common.asm.RuntimeDistCleaner/DISTXFORM]: Attempted to load class net/minecraft/client/resources/sounds/SoundInstance for invalid dist DEDICATED_SERVER
[21Nov2025 04:44:49.071] [Server thread/ERROR] [com.pixelmonmod.pixelmon.Pixelmon/]: Caught error in battle. Continuing...
java.lang.RuntimeException: Attempted to load class net/minecraft/client/resources/sounds/SoundInstance for invalid dist DEDICATED_SERVER
	at MC-BOOTSTRAP/fml_loader@4.0.41/net.neoforged.fml.common.asm.RuntimeDistCleaner.processClassWithFlags(RuntimeDistCleaner.java:60) ~[loader-4.0.41.jar%2359!/:4.0]
	at MC-BOOTSTRAP/cpw.mods.modlauncher@11.0.5/cpw.mods.modlauncher.LaunchPluginHandler.offerClassNodeToPlugins(LaunchPluginHandler.java:94) ~[modlauncher-11.0.5.jar%2364!/:?]
	at MC-BOOTSTRAP/cpw.mods.modlauncher@11.0.5/cpw.mods.modlauncher.ClassTransformer.transform(ClassTransformer.java:120) ~[modlauncher-11.0.5.jar%2364!/:?]
	at MC-BOOTSTRAP/cpw.mods.modlauncher@11.0.5/cpw.mods.modlauncher.TransformingClassLoader.maybeTransformClassBytes(TransformingClassLoader.java:57) ~[modlauncher-11.0.5.jar%2364!/:?]
	at cpw.mods.securejarhandler/cpw.mods.cl.ModuleClassLoader.readerToClass(ModuleClassLoader.java:190) ~[securejarhandler-3.0.8.jar:?]
	at cpw.mods.securejarhandler/cpw.mods.cl.ModuleClassLoader.lambda$findClass$20(ModuleClassLoader.java:298) ~[securejarhandler-3.0.8.jar:?]
	at cpw.mods.securejarhandler/cpw.mods.cl.ModuleClassLoader.loadFromModule(ModuleClassLoader.java:311) ~[securejarhandler-3.0.8.jar:?]
	at cpw.mods.securejarhandler/cpw.mods.cl.ModuleClassLoader.findClass(ModuleClassLoader.java:298) ~[securejarhandler-3.0.8.jar:?]
	at cpw.mods.securejarhandler/cpw.mods.cl.ModuleClassLoader.loadClass(ModuleClassLoader.java:214) ~[securejarhandler-3.0.8.jar:?]
	at java.base/java.lang.ClassLoader.loadClass(Unknown Source) ~[?:?]
	at TRANSFORMER/pixelmon@9.3.9/com.pixelmonmod.pixelmon.battles.controller.participants.PlayerParticipant.forfeitBattleForBeingTooFarAway(PlayerParticipant.java:666) ~[Pixelmon-1.21.1-9.3.9-universal.jar%23138!/:9.3.9-PIPE28826]
	at TRANSFORMER/pixelmon@9.3.9/com.pixelmonmod.pixelmon.battles.controller.participants.PlayerParticipant.handlePlayerDistanceFromBattle(PlayerParticipant.java:647) ~[Pixelmon-1.21.1-9.3.9-universal.jar%23138!/:9.3.9-PIPE28826]
	at TRANSFORMER/pixelmon@9.3.9/com.pixelmonmod.pixelmon.battles.controller.participants.PlayerParticipant.tick(PlayerParticipant.java:451) ~[Pixelmon-1.21.1-9.3.9-universal.jar%23138!/:9.3.9-PIPE28826]
	at TRANSFORMER/pixelmon@9.3.9/com.pixelmonmod.pixelmon.battles.controller.BattleController.onUpdate(BattleController.java:1135) ~[Pixelmon-1.21.1-9.3.9-universal.jar%23138!/:9.3.9-PIPE28826]
	at TRANSFORMER/pixelmon@9.3.9/com.pixelmonmod.pixelmon.battles.controller.BattleController.update(BattleController.java:511) ~[Pixelmon-1.21.1-9.3.9-universal.jar%23138!/:9.3.9-PIPE28826]
	at TRANSFORMER/pixelmon@9.3.9/com.pixelmonmod.pixelmon.battles.BattleRegistry.updateBattles(BattleRegistry.java:202) ~[Pixelmon-1.21.1-9.3.9-universal.jar%23138!/:9.3.9-PIPE28826]
	at TRANSFORMER/pixelmon@9.3.9/com.pixelmonmod.pixelmon.battles.BattleTickHandler.tickStart(BattleTickHandler.java:10) ~[Pixelmon-1.21.1-9.3.9-universal.jar%23138!/:9.3.9-PIPE28826]
	at MC-BOOTSTRAP/net.neoforged.bus/net.neoforged.bus.EventBus.post(EventBus.java:360) ~[bus-8.0.5.jar%2362!/:?]
	at MC-BOOTSTRAP/net.neoforged.bus/net.neoforged.bus.EventBus.post(EventBus.java:328) ~[bus-8.0.5.jar%2362!/:?]
	at TRANSFORMER/neoforge@21.1.209/net.neoforged.neoforge.event.EventHooks.fireServerTickPost(EventHooks.java:1020) ~[neoforge-21.1.209-universal.jar%23131!/:?]
	at TRANSFORMER/minecraft@1.21.1/net.minecraft.server.MinecraftServer.tickServer(MinecraftServer.java:943) ~[server-1.21.1-20240808.144430-srg.jar%23130!/:?]
	at TRANSFORMER/minecraft@1.21.1/net.minecraft.server.MinecraftServer.runServer(MinecraftServer.java:707) ~[server-1.21.1-20240808.144430-srg.jar%23130!/:?]
	at TRANSFORMER/minecraft@1.21.1/net.minecraft.server.MinecraftServer.lambda$spin$2(MinecraftServer.java:267) ~[server-1.21.1-20240808.144430-srg.jar%23130!/:?]
	at java.base/java.lang.Thread.run(Unknown Source) [?:?]
[21Nov2025 04:44:49.073] [Server thread/ERROR] [com.pixelmonmod.pixelmon.Pixelmon/]: ===Too many errors detected in battle, force-ending===
[21Nov2025 04:44:52.070] [Server thread/INFO] [net.minecraft.server.MinecraftServer/]: ___________12345 has made the advancement [Hell Hath no Fury]
[21Nov2025 04:47:02.264] [Server thread/ERROR] [net.neoforged.fml.common.asm.RuntimeDistCleaner/DISTXFORM]: Attempted to load class net/minecraft/client/resources/sounds/SoundInstance for invalid dist DEDICATED_SERVER
[21Nov2025 04:47:02.265] [Server thread/ERROR] [com.pixelmonmod.pixelmon.Pixelmon/]: Caught error in battle. Continuing...
java.lang.RuntimeException: Attempted to load class net/minecraft/client/resources/sounds/SoundInstance for invalid dist DEDICATED_SERVER
	at MC-BOOTSTRAP/fml_loader@4.0.41/net.neoforged.fml.common.asm.RuntimeDistCleaner.processClassWithFlags(RuntimeDistCleaner.java:60) ~[loader-4.0.41.jar%2359!/:4.0]
	at MC-BOOTSTRAP/cpw.mods.modlauncher@11.0.5/cpw.mods.modlauncher.LaunchPluginHandler.offerClassNodeToPlugins(LaunchPluginHandler.java:94) ~[modlauncher-11.0.5.jar%2364!/:?]
	at MC-BOOTSTRAP/cpw.mods.modlauncher@11.0.5/cpw.mods.modlauncher.ClassTransformer.transform(ClassTransformer.java:120) ~[modlauncher-11.0.5.jar%2364!/:?]
	at MC-BOOTSTRAP/cpw.mods.modlauncher@11.0.5/cpw.mods.modlauncher.TransformingClassLoader.maybeTransformClassBytes(TransformingClassLoader.java:57) ~[modlauncher-11.0.5.jar%2364!/:?]
	at cpw.mods.securejarhandler/cpw.mods.cl.ModuleClassLoader.readerToClass(ModuleClassLoader.java:190) ~[securejarhandler-3.0.8.jar:?]
	at cpw.mods.securejarhandler/cpw.mods.cl.ModuleClassLoader.lambda$findClass$20(ModuleClassLoader.java:298) ~[securejarhandler-3.0.8.jar:?]
	at cpw.mods.securejarhandler/cpw.mods.cl.ModuleClassLoader.loadFromModule(ModuleClassLoader.java:311) ~[securejarhandler-3.0.8.jar:?]
	at cpw.mods.securejarhandler/cpw.mods.cl.ModuleClassLoader.findClass(ModuleClassLoader.java:298) ~[securejarhandler-3.0.8.jar:?]
	at cpw.mods.securejarhandler/cpw.mods.cl.ModuleClassLoader.loadClass(ModuleClassLoader.java:214) ~[securejarhandler-3.0.8.jar:?]
	at java.base/java.lang.ClassLoader.loadClass(Unknown Source) ~[?:?]
	at TRANSFORMER/pixelmon@9.3.9/com.pixelmonmod.pixelmon.battles.controller.participants.PlayerParticipant.forfeitBattleForBeingTooFarAway(PlayerParticipant.java:666) ~[Pixelmon-1.21.1-9.3.9-universal.jar%23138!/:9.3.9-PIPE28826]
	at TRANSFORMER/pixelmon@9.3.9/com.pixelmonmod.pixelmon.battles.controller.participants.PlayerParticipant.handlePlayerDistanceFromBattle(PlayerParticipant.java:647) ~[Pixelmon-1.21.1-9.3.9-universal.jar%23138!/:9.3.9-PIPE28826]
	at TRANSFORMER/pixelmon@9.3.9/com.pixelmonmod.pixelmon.battles.controller.participants.PlayerParticipant.tick(PlayerParticipant.java:451) ~[Pixelmon-1.21.1-9.3.9-universal.jar%23138!/:9.3.9-PIPE28826]
	at TRANSFORMER/pixelmon@9.3.9/com.pixelmonmod.pixelmon.battles.controller.BattleController.onUpdate(BattleController.java:1135) ~[Pixelmon-1.21.1-9.3.9-universal.jar%23138!/:9.3.9-PIPE28826]
	at TRANSFORMER/pixelmon@9.3.9/com.pixelmonmod.pixelmon.battles.controller.BattleController.update(BattleController.java:511) ~[Pixelmon-1.21.1-9.3.9-universal.jar%23138!/:9.3.9-PIPE28826]
	at TRANSFORMER/pixelmon@9.3.9/com.pixelmonmod.pixelmon.battles.BattleRegistry.updateBattles(BattleRegistry.java:202) ~[Pixelmon-1.21.1-9.3.9-universal.jar%23138!/:9.3.9-PIPE28826]
	at TRANSFORMER/pixelmon@9.3.9/com.pixelmonmod.pixelmon.battles.BattleTickHandler.tickStart(BattleTickHandler.java:10) ~[Pixelmon-1.21.1-9.3.9-universal.jar%23138!/:9.3.9-PIPE28826]
	at MC-BOOTSTRAP/net.neoforged.bus/net.neoforged.bus.EventBus.post(EventBus.java:360) ~[bus-8.0.5.jar%2362!/:?]
	at MC-BOOTSTRAP/net.neoforged.bus/net.neoforged.bus.EventBus.post(EventBus.java:328) ~[bus-8.0.5.jar%2362!/:?]
	at TRANSFORMER/neoforge@21.1.209/net.neoforged.neoforge.event.EventHooks.fireServerTickPost(EventHooks.java:1020) ~[neoforge-21.1.209-universal.jar%23131!/:?]
	at TRANSFORMER/minecraft@1.21.1/net.minecraft.server.MinecraftServer.tickServer(MinecraftServer.java:943) ~[server-1.21.1-20240808.144430-srg.jar%23130!/:?]
	at TRANSFORMER/minecraft@1.21.1/net.minecraft.server.MinecraftServer.runServer(MinecraftServer.java:707) ~[server-1.21.1-20240808.144430-srg.jar%23130!/:?]
	at TRANSFORMER/minecraft@1.21.1/net.minecraft.server.MinecraftServer.lambda$spin$2(MinecraftServer.java:267) ~[server-1.21.1-20240808.144430-srg.jar%23130!/:?]
	at java.base/java.lang.Thread.run(Unknown Source) [?:?]
[21Nov2025 04:47:02.266] [Server thread/ERROR] [com.pixelmonmod.pixelmon.Pixelmon/]: ===Too many errors detected in battle, force-ending===
[21Nov2025 04:47:26.465] [Server thread/ERROR] [net.neoforged.fml.common.asm.RuntimeDistCleaner/DISTXFORM]: Attempted to load class net/minecraft/client/resources/sounds/SoundInstance for invalid dist DEDICATED_SERVER
[21Nov2025 04:47:26.466] [Server thread/ERROR] [com.pixelmonmod.pixelmon.Pixelmon/]: Caught error in battle. Continuing...
java.lang.RuntimeException: Attempted to load class net/minecraft/client/resources/sounds/SoundInstance for invalid dist DEDICATED_SERVER
	at MC-BOOTSTRAP/fml_loader@4.0.41/net.neoforged.fml.common.asm.RuntimeDistCleaner.processClassWithFlags(RuntimeDistCleaner.java:60) ~[loader-4.0.41.jar%2359!/:4.0]
	at MC-BOOTSTRAP/cpw.mods.modlauncher@11.0.5/cpw.mods.modlauncher.LaunchPluginHandler.offerClassNodeToPlugins(LaunchPluginHandler.java:94) ~[modlauncher-11.0.5.jar%2364!/:?]
	at MC-BOOTSTRAP/cpw.mods.modlauncher@11.0.5/cpw.mods.modlauncher.ClassTransformer.transform(ClassTransformer.java:120) ~[modlauncher-11.0.5.jar%2364!/:?]
	at MC-BOOTSTRAP/cpw.mods.modlauncher@11.0.5/cpw.mods.modlauncher.TransformingClassLoader.maybeTransformClassBytes(TransformingClassLoader.java:57) ~[modlauncher-11.0.5.jar%2364!/:?]
	at cpw.mods.securejarhandler/cpw.mods.cl.ModuleClassLoader.readerToClass(ModuleClassLoader.java:190) ~[securejarhandler-3.0.8.jar:?]
	at cpw.mods.securejarhandler/cpw.mods.cl.ModuleClassLoader.lambda$findClass$20(ModuleClassLoader.java:298) ~[securejarhandler-3.0.8.jar:?]
	at cpw.mods.securejarhandler/cpw.mods.cl.ModuleClassLoader.loadFromModule(ModuleClassLoader.java:311) ~[securejarhandler-3.0.8.jar:?]
	at cpw.mods.securejarhandler/cpw.mods.cl.ModuleClassLoader.findClass(ModuleClassLoader.java:298) ~[securejarhandler-3.0.8.jar:?]
	at cpw.mods.securejarhandler/cpw.mods.cl.ModuleClassLoader.loadClass(ModuleClassLoader.java:214) ~[securejarhandler-3.0.8.jar:?]
	at java.base/java.lang.ClassLoader.loadClass(Unknown Source) ~[?:?]
	at TRANSFORMER/pixelmon@9.3.9/com.pixelmonmod.pixelmon.battles.controller.participants.PlayerParticipant.forfeitBattleForBeingTooFarAway(PlayerParticipant.java:666) ~[Pixelmon-1.21.1-9.3.9-universal.jar%23138!/:9.3.9-PIPE28826]
	at TRANSFORMER/pixelmon@9.3.9/com.pixelmonmod.pixelmon.battles.controller.participants.PlayerParticipant.handlePlayerDistanceFromBattle(PlayerParticipant.java:647) ~[Pixelmon-1.21.1-9.3.9-universal.jar%23138!/:9.3.9-PIPE28826]
	at TRANSFORMER/pixelmon@9.3.9/com.pixelmonmod.pixelmon.battles.controller.participants.PlayerParticipant.tick(PlayerParticipant.java:451) ~[Pixelmon-1.21.1-9.3.9-universal.jar%23138!/:9.3.9-PIPE28826]
	at TRANSFORMER/pixelmon@9.3.9/com.pixelmonmod.pixelmon.battles.controller.BattleController.onUpdate(BattleController.java:1135) ~[Pixelmon-1.21.1-9.3.9-universal.jar%23138!/:9.3.9-PIPE28826]
	at TRANSFORMER/pixelmon@9.3.9/com.pixelmonmod.pixelmon.battles.controller.BattleController.update(BattleController.java:511) ~[Pixelmon-1.21.1-9.3.9-universal.jar%23138!/:9.3.9-PIPE28826]
	at TRANSFORMER/pixelmon@9.3.9/com.pixelmonmod.pixelmon.battles.BattleRegistry.updateBattles(BattleRegistry.java:202) ~[Pixelmon-1.21.1-9.3.9-universal.jar%23138!/:9.3.9-PIPE28826]
	at TRANSFORMER/pixelmon@9.3.9/com.pixelmonmod.pixelmon.battles.BattleTickHandler.tickStart(BattleTickHandler.java:10) ~[Pixelmon-1.21.1-9.3.9-universal.jar%23138!/:9.3.9-PIPE28826]
	at MC-BOOTSTRAP/net.neoforged.bus/net.neoforged.bus.EventBus.post(EventBus.java:360) ~[bus-8.0.5.jar%2362!/:?]
	at MC-BOOTSTRAP/net.neoforged.bus/net.neoforged.bus.EventBus.post(EventBus.java:328) ~[bus-8.0.5.jar%2362!/:?]
	at TRANSFORMER/neoforge@21.1.209/net.neoforged.neoforge.event.EventHooks.fireServerTickPost(EventHooks.java:1020) ~[neoforge-21.1.209-universal.jar%23131!/:?]
	at TRANSFORMER/minecraft@1.21.1/net.minecraft.server.MinecraftServer.tickServer(MinecraftServer.java:943) ~[server-1.21.1-20240808.144430-srg.jar%23130!/:?]
	at TRANSFORMER/minecraft@1.21.1/net.minecraft.server.MinecraftServer.runServer(MinecraftServer.java:707) ~[server-1.21.1-20240808.144430-srg.jar%23130!/:?]
	at TRANSFORMER/minecraft@1.21.1/net.minecraft.server.MinecraftServer.lambda$spin$2(MinecraftServer.java:267) ~[server-1.21.1-20240808.144430-srg.jar%23130!/:?]
	at java.base/java.lang.Thread.run(Unknown Source) [?:?]
[21Nov2025 04:47:26.467] [Server thread/ERROR] [com.pixelmonmod.pixelmon.Pixelmon/]: ===Too many errors detected in battle, force-ending===
[21Nov2025 04:47:40.731] [Server thread/INFO] [net.minecraft.server.MinecraftServer/]: [___________12345: Teleported ___________12345 to 3632.431787, 103.000000, -2554.300000]
[21Nov2025 04:49:11.164] [Server thread/ERROR] [net.neoforged.fml.common.asm.RuntimeDistCleaner/DISTXFORM]: Attempted to load class net/minecraft/client/resources/sounds/SoundInstance for invalid dist DEDICATED_SERVER
[21Nov2025 04:49:11.165] [Server thread/ERROR] [com.pixelmonmod.pixelmon.Pixelmon/]: Caught error in battle. Continuing...
java.lang.RuntimeException: Attempted to load class net/minecraft/client/resources/sounds/SoundInstance for invalid dist DEDICATED_SERVER
	at MC-BOOTSTRAP/fml_loader@4.0.41/net.neoforged.fml.common.asm.RuntimeDistCleaner.processClassWithFlags(RuntimeDistCleaner.java:60) ~[loader-4.0.41.jar%2359!/:4.0]
	at MC-BOOTSTRAP/cpw.mods.modlauncher@11.0.5/cpw.mods.modlauncher.LaunchPluginHandler.offerClassNodeToPlugins(LaunchPluginHandler.java:94) ~[modlauncher-11.0.5.jar%2364!/:?]
	at MC-BOOTSTRAP/cpw.mods.modlauncher@11.0.5/cpw.mods.modlauncher.ClassTransformer.transform(ClassTransformer.java:120) ~[modlauncher-11.0.5.jar%2364!/:?]
	at MC-BOOTSTRAP/cpw.mods.modlauncher@11.0.5/cpw.mods.modlauncher.TransformingClassLoader.maybeTransformClassBytes(TransformingClassLoader.java:57) ~[modlauncher-11.0.5.jar%2364!/:?]
	at cpw.mods.securejarhandler/cpw.mods.cl.ModuleClassLoader.readerToClass(ModuleClassLoader.java:190) ~[securejarhandler-3.0.8.jar:?]
	at cpw.mods.securejarhandler/cpw.mods.cl.ModuleClassLoader.lambda$findClass$20(ModuleClassLoader.java:298) ~[securejarhandler-3.0.8.jar:?]
	at cpw.mods.securejarhandler/cpw.mods.cl.ModuleClassLoader.loadFromModule(ModuleClassLoader.java:311) ~[securejarhandler-3.0.8.jar:?]
	at cpw.mods.securejarhandler/cpw.mods.cl.ModuleClassLoader.findClass(ModuleClassLoader.java:298) ~[securejarhandler-3.0.8.jar:?]
	at cpw.mods.securejarhandler/cpw.mods.cl.ModuleClassLoader.loadClass(ModuleClassLoader.java:214) ~[securejarhandler-3.0.8.jar:?]
	at java.base/java.lang.ClassLoader.loadClass(Unknown Source) ~[?:?]
	at TRANSFORMER/pixelmon@9.3.9/com.pixelmonmod.pixelmon.battles.controller.participants.PlayerParticipant.forfeitBattleForBeingTooFarAway(PlayerParticipant.java:666) ~[Pixelmon-1.21.1-9.3.9-universal.jar%23138!/:9.3.9-PIPE28826]
	at TRANSFORMER/pixelmon@9.3.9/com.pixelmonmod.pixelmon.battles.controller.participants.PlayerParticipant.handlePlayerDistanceFromBattle(PlayerParticipant.java:647) ~[Pixelmon-1.21.1-9.3.9-universal.jar%23138!/:9.3.9-PIPE28826]
	at TRANSFORMER/pixelmon@9.3.9/com.pixelmonmod.pixelmon.battles.controller.participants.PlayerParticipant.tick(PlayerParticipant.java:451) ~[Pixelmon-1.21.1-9.3.9-universal.jar%23138!/:9.3.9-PIPE28826]
	at TRANSFORMER/pixelmon@9.3.9/com.pixelmonmod.pixelmon.battles.controller.BattleController.onUpdate(BattleController.java:1135) ~[Pixelmon-1.21.1-9.3.9-universal.jar%23138!/:9.3.9-PIPE28826]
	at TRANSFORMER/pixelmon@9.3.9/com.pixelmonmod.pixelmon.battles.controller.BattleController.update(BattleController.java:511) ~[Pixelmon-1.21.1-9.3.9-universal.jar%23138!/:9.3.9-PIPE28826]
	at TRANSFORMER/pixelmon@9.3.9/com.pixelmonmod.pixelmon.battles.BattleRegistry.updateBattles(BattleRegistry.java:202) ~[Pixelmon-1.21.1-9.3.9-universal.jar%23138!/:9.3.9-PIPE28826]
	at TRANSFORMER/pixelmon@9.3.9/com.pixelmonmod.pixelmon.battles.BattleTickHandler.tickStart(BattleTickHandler.java:10) ~[Pixelmon-1.21.1-9.3.9-universal.jar%23138!/:9.3.9-PIPE28826]
	at MC-BOOTSTRAP/net.neoforged.bus/net.neoforged.bus.EventBus.post(EventBus.java:360) ~[bus-8.0.5.jar%2362!/:?]
	at MC-BOOTSTRAP/net.neoforged.bus/net.neoforged.bus.EventBus.post(EventBus.java:328) ~[bus-8.0.5.jar%2362!/:?]
	at TRANSFORMER/neoforge@21.1.209/net.neoforged.neoforge.event.EventHooks.fireServerTickPost(EventHooks.java:1020) ~[neoforge-21.1.209-universal.jar%23131!/:?]
	at TRANSFORMER/minecraft@1.21.1/net.minecraft.server.MinecraftServer.tickServer(MinecraftServer.java:943) ~[server-1.21.1-20240808.144430-srg.jar%23130!/:?]
	at TRANSFORMER/minecraft@1.21.1/net.minecraft.server.MinecraftServer.runServer(MinecraftServer.java:707) ~[server-1.21.1-20240808.144430-srg.jar%23130!/:?]
	at TRANSFORMER/minecraft@1.21.1/net.minecraft.server.MinecraftServer.lambda$spin$2(MinecraftServer.java:267) ~[server-1.21.1-20240808.144430-srg.jar%23130!/:?]
	at java.base/java.lang.Thread.run(Unknown Source) [?:?]
[21Nov2025 04:49:11.166] [Server thread/ERROR] [com.pixelmonmod.pixelmon.Pixelmon/]: ===Too many errors detected in battle, force-ending===
[21Nov2025 04:51:44.503] [Server thread/ERROR] [net.neoforged.fml.common.asm.RuntimeDistCleaner/DISTXFORM]: Attempted to load class net/minecraft/client/resources/sounds/SoundInstance for invalid dist DEDICATED_SERVER
[21Nov2025 04:51:44.503] [Server thread/ERROR] [com.pixelmonmod.pixelmon.Pixelmon/]: Caught error in battle. Continuing...
java.lang.RuntimeException: Attempted to load class net/minecraft/client/resources/sounds/SoundInstance for invalid dist DEDICATED_SERVER
	at MC-BOOTSTRAP/fml_loader@4.0.41/net.neoforged.fml.common.asm.RuntimeDistCleaner.processClassWithFlags(RuntimeDistCleaner.java:60) ~[loader-4.0.41.jar%2359!/:4.0]
	at MC-BOOTSTRAP/cpw.mods.modlauncher@11.0.5/cpw.mods.modlauncher.LaunchPluginHandler.offerClassNodeToPlugins(LaunchPluginHandler.java:94) ~[modlauncher-11.0.5.jar%2364!/:?]
	at MC-BOOTSTRAP/cpw.mods.modlauncher@11.0.5/cpw.mods.modlauncher.ClassTransformer.transform(ClassTransformer.java:120) ~[modlauncher-11.0.5.jar%2364!/:?]
	at MC-BOOTSTRAP/cpw.mods.modlauncher@11.0.5/cpw.mods.modlauncher.TransformingClassLoader.maybeTransformClassBytes(TransformingClassLoader.java:57) ~[modlauncher-11.0.5.jar%2364!/:?]
	at cpw.mods.securejarhandler/cpw.mods.cl.ModuleClassLoader.readerToClass(ModuleClassLoader.java:190) ~[securejarhandler-3.0.8.jar:?]
	at cpw.mods.securejarhandler/cpw.mods.cl.ModuleClassLoader.lambda$findClass$20(ModuleClassLoader.java:298) ~[securejarhandler-3.0.8.jar:?]
	at cpw.mods.securejarhandler/cpw.mods.cl.ModuleClassLoader.loadFromModule(ModuleClassLoader.java:311) ~[securejarhandler-3.0.8.jar:?]
	at cpw.mods.securejarhandler/cpw.mods.cl.ModuleClassLoader.findClass(ModuleClassLoader.java:298) ~[securejarhandler-3.0.8.jar:?]
	at cpw.mods.securejarhandler/cpw.mods.cl.ModuleClassLoader.loadClass(ModuleClassLoader.java:214) ~[securejarhandler-3.0.8.jar:?]
	at java.base/java.lang.ClassLoader.loadClass(Unknown Source) ~[?:?]
	at TRANSFORMER/pixelmon@9.3.9/com.pixelmonmod.pixelmon.battles.controller.participants.PlayerParticipant.forfeitBattleForBeingTooFarAway(PlayerParticipant.java:666) ~[Pixelmon-1.21.1-9.3.9-universal.jar%23138!/:9.3.9-PIPE28826]
	at TRANSFORMER/pixelmon@9.3.9/com.pixelmonmod.pixelmon.battles.controller.participants.PlayerParticipant.handlePlayerDistanceFromBattle(PlayerParticipant.java:647) ~[Pixelmon-1.21.1-9.3.9-universal.jar%23138!/:9.3.9-PIPE28826]
	at TRANSFORMER/pixelmon@9.3.9/com.pixelmonmod.pixelmon.battles.controller.participants.PlayerParticipant.tick(PlayerParticipant.java:451) ~[Pixelmon-1.21.1-9.3.9-universal.jar%23138!/:9.3.9-PIPE28826]
	at TRANSFORMER/pixelmon@9.3.9/com.pixelmonmod.pixelmon.battles.controller.BattleController.onUpdate(BattleController.java:1135) ~[Pixelmon-1.21.1-9.3.9-universal.jar%23138!/:9.3.9-PIPE28826]
	at TRANSFORMER/pixelmon@9.3.9/com.pixelmonmod.pixelmon.battles.controller.BattleController.update(BattleController.java:511) ~[Pixelmon-1.21.1-9.3.9-universal.jar%23138!/:9.3.9-PIPE28826]
	at TRANSFORMER/pixelmon@9.3.9/com.pixelmonmod.pixelmon.battles.BattleRegistry.updateBattles(BattleRegistry.java:202) ~[Pixelmon-1.21.1-9.3.9-universal.jar%23138!/:9.3.9-PIPE28826]
	at TRANSFORMER/pixelmon@9.3.9/com.pixelmonmod.pixelmon.battles.BattleTickHandler.tickStart(BattleTickHandler.java:10) ~[Pixelmon-1.21.1-9.3.9-universal.jar%23138!/:9.3.9-PIPE28826]
	at MC-BOOTSTRAP/net.neoforged.bus/net.neoforged.bus.EventBus.post(EventBus.java:360) ~[bus-8.0.5.jar%2362!/:?]
	at MC-BOOTSTRAP/net.neoforged.bus/net.neoforged.bus.EventBus.post(EventBus.java:328) ~[bus-8.0.5.jar%2362!/:?]
	at TRANSFORMER/neoforge@21.1.209/net.neoforged.neoforge.event.EventHooks.fireServerTickPost(EventHooks.java:1020) ~[neoforge-21.1.209-universal.jar%23131!/:?]
	at TRANSFORMER/minecraft@1.21.1/net.minecraft.server.MinecraftServer.tickServer(MinecraftServer.java:943) ~[server-1.21.1-20240808.144430-srg.jar%23130!/:?]
	at TRANSFORMER/minecraft@1.21.1/net.minecraft.server.MinecraftServer.runServer(MinecraftServer.java:707) ~[server-1.21.1-20240808.144430-srg.jar%23130!/:?]
	at TRANSFORMER/minecraft@1.21.1/net.minecraft.server.MinecraftServer.lambda$spin$2(MinecraftServer.java:267) ~[server-1.21.1-20240808.144430-srg.jar%23130!/:?]
	at java.base/java.lang.Thread.run(Unknown Source) [?:?]
[21Nov2025 04:51:44.505] [Server thread/ERROR] [com.pixelmonmod.pixelmon.Pixelmon/]: ===Too many errors detected in battle, force-ending===
[21Nov2025 04:53:39.696] [Server thread/INFO] [net.minecraft.server.network.ServerGamePacketListenerImpl/]: ___________12345 lost connection: Disconnected
[21Nov2025 04:53:39.696] [Server thread/INFO] [net.minecraft.server.MinecraftServer/]: ___________12345 left the game
[21Nov2025 04:53:39.697] [Server thread/INFO] [voicechat/]: [voicechat] Disconnecting client ___________12345
[21Nov2025 08:15:23.360] [User Authenticator #69/INFO] [net.minecraft.server.network.ServerLoginPacketListenerImpl/]: UUID of player Dulmin is 869a9225-c810-4a5c-a7cf-d83766145b7b
[21Nov2025 08:15:27.085] [Server thread/INFO] [net.minecraft.server.players.PlayerList/]: Dulmin[/172.19.0.1:57938] logged in with entity id 119207 at (-4947.174280473334, 64.09375, -26941.11768715794)
[21Nov2025 08:15:27.088] [Server thread/INFO] [net.minecraft.server.MinecraftServer/]: Dulmin joined the game
[21Nov2025 08:15:56.486] [Server thread/WARN] [net.minecraft.server.MinecraftServer/]: Can't keep up! Is the server overloaded? Running 29448ms or 588 ticks behind
[21Nov2025 08:15:56.552] [Server thread/INFO] [com.b1n_ry.yigd.Yigd/]: Priority overwritten for player Dulmin. Claiming: GRAVE / Robbing: INVENTORY
[21Nov2025 08:15:56.590] [Server thread/INFO] [voicechat/]: [voicechat] Received secret request of Dulmin (20)
[21Nov2025 08:15:56.591] [Server thread/INFO] [voicechat/]: [voicechat] Sent secret to Dulmin
[21Nov2025 08:16:33.210] [Server thread/INFO] [net.minecraft.server.MinecraftServer/]: [Dulmin: Teleported Dulmin to 2662.500000, 67.500000, -29474.500000]
[21Nov2025 08:17:35.521] [Server thread/INFO] [net.minecraft.server.MinecraftServer/]: [Dulmin: Teleported Dulmin to -118451.500000, 70.500000, -108371.500000]
[21Nov2025 08:17:35.838] [Server thread/INFO] [net.minecraft.server.MinecraftServer/]: [Pixelmon] Virizion has appeared in a den in a Forest biome!
[21Nov2025 08:17:35.838] [Server thread/INFO] [net.minecraft.server.MinecraftServer/]: Spawned Virizion at: minecraft:overworld x:-118524, y:78, z:-108372
[21Nov2025 08:17:56.084] [Server thread/INFO] [net.minecraft.server.MinecraftServer/]: [Dulmin: Teleported Dulmin to -39623.500000, 70.500000, 2789.500000]
[21Nov2025 08:18:05.046] [Server thread/INFO] [net.minecraft.server.MinecraftServer/]: [Dulmin: Teleported Dulmin to -2411.500000, 53.500000, -1498.500000]
[21Nov2025 08:18:12.309] [Server thread/INFO] [net.minecraft.server.MinecraftServer/]: [Dulmin: Teleported Dulmin to 34994.500000, 88.500000, 6149.500000]
[21Nov2025 08:18:18.515] [Server thread/INFO] [net.minecraft.server.MinecraftServer/]: [Dulmin: Teleported Dulmin to 2750.500000, 74.500000, -1508.500000]
[21Nov2025 08:18:25.701] [Server thread/INFO] [net.minecraft.server.MinecraftServer/]: [Dulmin: Teleported Dulmin to 2750.500000, 74.500000, -1508.500000]
[21Nov2025 08:18:30.008] [Server thread/INFO] [net.minecraft.server.MinecraftServer/]: [Dulmin: Teleported Dulmin to 23099.500000, 79.500000, 3556.500000]
[21Nov2025 08:18:34.175] [User Authenticator #70/INFO] [net.minecraft.server.network.ServerLoginPacketListenerImpl/]: UUID of player tydf62 is 4e2508ea-065b-4fc8-9876-de45b568972f
[21Nov2025 08:18:37.321] [Server thread/INFO] [net.minecraft.server.players.PlayerList/]: tydf62[/172.19.0.1:49594] logged in with entity id 119867 at (3132.3171264495686, 58.5, 31621.789286626437)
[21Nov2025 08:18:37.324] [Server thread/INFO] [net.minecraft.server.MinecraftServer/]: tydf62 joined the game
[21Nov2025 08:18:47.436] [pixelmon_async_storage_1/INFO] [net.minecraft.server.MinecraftServer/]: tydf62 has made the advancement [One out of ten isn’t bad right?]
[21Nov2025 08:18:47.437] [Server thread/WARN] [net.minecraft.server.MinecraftServer/]: Can't keep up! Is the server overloaded? Running 10155ms or 203 ticks behind
[21Nov2025 08:18:47.461] [Server thread/INFO] [com.b1n_ry.yigd.Yigd/]: Priority overwritten for player tydf62. Claiming: GRAVE / Robbing: INVENTORY
[21Nov2025 08:18:47.464] [Server thread/INFO] [voicechat/]: [voicechat] Received secret request of tydf62 (20)
[21Nov2025 08:18:47.465] [Server thread/INFO] [voicechat/]: [voicechat] Sent secret to tydf62
[21Nov2025 08:19:43.217] [Server thread/INFO] [net.minecraft.server.MinecraftServer/]: [Dulmin: Teleported Dulmin to 23099.500000, 79.500000, 3556.500000]
[21Nov2025 08:19:47.538] [Server thread/INFO] [net.minecraft.server.MinecraftServer/]: [Dulmin: Teleported Dulmin to -24438.500000, 70.500000, 16220.500000]
[21Nov2025 08:19:53.787] [Server thread/INFO] [net.minecraft.server.MinecraftServer/]: [Dulmin: Teleported Dulmin to -21025.500000, 105.500000, 23908.500000]
[21Nov2025 08:19:54.141] [Server thread/ERROR] [com.pixelmonmod.pixelmon.Pixelmon/]: Invalid NPC preset provided: `pixelmon:trainers/femalegalacticgrunt`
[21Nov2025 08:19:59.861] [Server thread/INFO] [net.minecraft.server.MinecraftServer/]: [Dulmin: Teleported Dulmin to 6996.500000, 46.500000, -11594.500000]
[21Nov2025 08:20:08.534] [Server thread/INFO] [net.minecraft.server.MinecraftServer/]: [Dulmin: Teleported Dulmin to 11125.500000, 62.500000, -10791.500000]
[21Nov2025 08:20:15.573] [Server thread/INFO] [net.minecraft.server.MinecraftServer/]: [Dulmin: Teleported Dulmin to -24368.500000, 38.500000, 64570.500000]
[21Nov2025 08:20:15.730] [Server thread/INFO] [net.minecraft.server.MinecraftServer/]: [Pixelmon] Manaphy has appeared in a den in a Warm Ocean biome!
[21Nov2025 08:20:15.731] [Server thread/INFO] [net.minecraft.server.MinecraftServer/]: Spawned Manaphy at: minecraft:overworld x:-24370, y:38, z:64570
[21Nov2025 08:20:32.632] [Server thread/INFO] [net.minecraft.server.MinecraftServer/]: [Dulmin: Teleported Dulmin to 402228.500000, 78.500000, 6118.500000]
[21Nov2025 08:21:13.088] [Server thread/INFO] [net.minecraft.server.MinecraftServer/]: [Pixelmon] Virizion has appeared in a den in a Birch Forest biome!
[21Nov2025 08:21:13.089] [Server thread/INFO] [net.minecraft.server.MinecraftServer/]: Spawned Virizion at: minecraft:overworld x:402052, y:68, z:6068
[21Nov2025 08:21:45.793] [Server thread/INFO] [net.minecraft.server.MinecraftServer/]: [Dulmin: Teleported Dulmin to -41618.500000, 122.500000, 2952.500000]
[21Nov2025 08:21:51.675] [Server thread/INFO] [net.minecraft.server.MinecraftServer/]: [Dulmin: Teleported Dulmin to -43130.500000, 64.500000, 7822.500000]
[21Nov2025 08:21:57.707] [Server thread/INFO] [net.minecraft.server.MinecraftServer/]: [Dulmin: Teleported Dulmin to -38875.500000, 74.500000, 2586.500000]
[21Nov2025 08:22:07.544] [Server thread/INFO] [net.minecraft.server.MinecraftServer/]: [Dulmin: Teleported Dulmin to -39787.500000, 78.500000, 1892.500000]
[21Nov2025 08:22:07.886] [Server thread/INFO] [net.minecraft.server.MinecraftServer/]: [Pixelmon] Volcanion has appeared in a den in a Desert biome!
[21Nov2025 08:22:07.886] [Server thread/INFO] [net.minecraft.server.MinecraftServer/]: Spawned Volcanion at: minecraft:overworld x:-39788, y:78, z:1892
[21Nov2025 08:22:16.605] [Server thread/INFO] [net.minecraft.server.MinecraftServer/]: [Dulmin: Teleported Dulmin to 18819.500000, 63.500000, 10378.500000]
[21Nov2025 08:25:26.477] [Server thread/INFO] [net.minecraft.server.MinecraftServer/]: [Dulmin: Teleported Dulmin to -40644.500000, 76.500000, 1949.500000]
[21Nov2025 08:25:26.665] [Server thread/INFO] [net.minecraft.server.MinecraftServer/]: [Pixelmon] Virizion has appeared in a den in a Forest biome!
[21Nov2025 08:25:26.666] [Server thread/INFO] [net.minecraft.server.MinecraftServer/]: Spawned Virizion at: minecraft:overworld x:-40644, y:76, z:1948
[21Nov2025 08:25:32.023] [Server thread/INFO] [net.minecraft.server.MinecraftServer/]: [Dulmin: Teleported Dulmin to 21324.500000, 85.500000, 9452.500000]
[21Nov2025 08:25:41.711] [Server thread/INFO] [net.minecraft.server.MinecraftServer/]: [Dulmin: Teleported Dulmin to 18788.500000, 96.500000, 7772.500000]
[21Nov2025 08:25:54.770] [Server thread/ERROR] [com.pixelmonmod.pixelmon.Pixelmon/]: Invalid NPC preset provided: `pixelmon:trainers/malegalacticgrunt`
[21Nov2025 08:25:57.489] [Server thread/INFO] [net.minecraft.server.MinecraftServer/]: [Dulmin: Teleported Dulmin to -12554.500000, 74.500000, 32525.500000]
[21Nov2025 08:26:24.150] [Server thread/INFO] [net.minecraft.server.MinecraftServer/]: [Dulmin: Teleported Dulmin to -15874.500000, 64.500000, 29866.500000]
[21Nov2025 08:26:31.581] [Server thread/INFO] [net.minecraft.server.MinecraftServer/]: [Dulmin: Teleported Dulmin to -11745.500000, 64.500000, 31487.500000]
[21Nov2025 08:26:38.996] [Server thread/INFO] [net.minecraft.server.MinecraftServer/]: [Dulmin: Teleported Dulmin to 403675.500000, 80.500000, 7733.500000]
[21Nov2025 08:26:45.223] [Server thread/INFO] [net.minecraft.server.MinecraftServer/]: [Pixelmon] Necrozma has appeared in a den in a Ultra Jungle biome!
[21Nov2025 08:26:45.223] [Server thread/INFO] [net.minecraft.server.MinecraftServer/]: Spawned Necrozma at: pixelmon:ultra_space x:2892, y:61, z:31612
[21Nov2025 08:26:45.468] [Server thread/INFO] [net.minecraft.server.MinecraftServer/]: [Dulmin: Teleported Dulmin to -39787.500000, 78.500000, 1892.500000]
[21Nov2025 08:26:58.782] [Server thread/INFO] [net.minecraft.server.MinecraftServer/]: [Dulmin: Teleported Dulmin to 405444.500000, 97.500000, 8685.500000]
[21Nov2025 08:27:11.142] [Server thread/INFO] [net.minecraft.server.MinecraftServer/]: [Dulmin: Teleported Dulmin to 405556.500000, 66.500000, 11234.500000]
[21Nov2025 08:27:12.978] [Server thread/INFO] [net.minecraft.server.MinecraftServer/]: [Pixelmon] Necrozma has appeared in a den in a Ultra Jungle biome!
[21Nov2025 08:27:12.978] [Server thread/INFO] [net.minecraft.server.MinecraftServer/]: Spawned Necrozma at: pixelmon:ultra_space x:2812, y:64, z:31852
[21Nov2025 08:27:28.174] [Server thread/INFO] [net.minecraft.server.MinecraftServer/]: [Dulmin: Teleported Dulmin to 403906.500000, 72.500000, 8502.500000]
[21Nov2025 08:27:34.398] [Server thread/INFO] [net.minecraft.server.MinecraftServer/]: [Dulmin: Teleported Dulmin to 399454.500000, 81.500000, 7917.500000]
[21Nov2025 08:27:41.104] [Server thread/INFO] [net.minecraft.server.MinecraftServer/]: [Dulmin: Teleported Dulmin to 23007.500000, 125.500000, 11981.500000]
[21Nov2025 08:28:14.665] [Server thread/ERROR] [com.pixelmonmod.pixelmon.Pixelmon/]: Invalid NPC preset provided: `pixelmon:trainers/malescientist`
[21Nov2025 08:28:27.913] [Server thread/INFO] [net.minecraft.world.entity.LivingEntity/]: Named entity NPC['Oscar'/122883, l='ServerLevel[world]', x=2890.50, y=77.00, z=31788.50] died: Oscar suffocated in a wall
[21Nov2025 08:28:27.914] [Server thread/INFO] [net.minecraft.world.entity.LivingEntity/]: Named entity NPC['Amelia'/122884, l='ServerLevel[world]', x=2892.50, y=77.00, z=31786.50] died: Amelia suffocated in a wall
[21Nov2025 08:28:45.836] [Server thread/INFO] [net.minecraft.server.MinecraftServer/]: [Dulmin: Teleported Dulmin to 24794.500000, 64.500000, 9546.500000]
[21Nov2025 08:28:52.195] [Server thread/INFO] [net.minecraft.server.MinecraftServer/]: [Dulmin: Teleported Dulmin to 22276.500000, 114.500000, 12772.500000]
[21Nov2025 08:29:00.429] [Server thread/INFO] [net.minecraft.server.MinecraftServer/]: [Dulmin: Teleported Dulmin to 25668.500000, 95.500000, 7044.500000]
[21Nov2025 08:29:06.536] [Server thread/INFO] [net.minecraft.server.MinecraftServer/]: [Dulmin: Teleported Dulmin to 25668.500000, 95.500000, 7044.500000]
[21Nov2025 08:29:15.859] [Server thread/INFO] [net.minecraft.server.MinecraftServer/]: [Dulmin: Teleported Dulmin to 1932.500000, 64.500000, 32324.500000]
[21Nov2025 08:29:22.638] [Server thread/INFO] [net.minecraft.server.MinecraftServer/]: [Dulmin: Teleported Dulmin to 1957.500000, 70.500000, 33308.500000]
[21Nov2025 08:30:57.703] [Server thread/INFO] [net.minecraft.server.MinecraftServer/]: [Dulmin: Teleported Dulmin to 1853.500000, 66.500000, 35742.500000]
[21Nov2025 08:30:58.309] [Server thread/INFO] [net.minecraft.server.MinecraftServer/]: [Pixelmon] Glastrier has appeared in a den in a Snowy Plains biome!
[21Nov2025 08:30:58.310] [Server thread/INFO] [net.minecraft.server.MinecraftServer/]: Spawned Glastrier at: minecraft:overworld x:1852, y:66, z:35740
[21Nov2025 08:31:04.334] [Server thread/INFO] [net.minecraft.server.MinecraftServer/]: [Dulmin: Teleported Dulmin to 1932.500000, 87.500000, 39286.500000]
[21Nov2025 08:31:10.799] [Server thread/INFO] [net.minecraft.server.MinecraftServer/]: [Dulmin: Teleported Dulmin to 959.500000, 71.500000, 39181.500000]
[21Nov2025 08:31:24.947] [Server thread/INFO] [net.minecraft.server.MinecraftServer/]: [Dulmin: Teleported Dulmin to 2628.500000, 74.500000, 41579.500000]
[21Nov2025 08:31:34.008] [Server thread/INFO] [net.minecraft.server.MinecraftServer/]: [Dulmin: Teleported Dulmin to 1028.500000, 105.500000, 42526.500000]
[21Nov2025 08:31:56.692] [Server thread/INFO] [net.minecraft.server.MinecraftServer/]: [Dulmin: Teleported Dulmin to 1907.500000, 116.500000, 45116.500000]
[21Nov2025 08:32:07.044] [Server thread/INFO] [net.minecraft.server.MinecraftServer/]: [Dulmin: Teleported Dulmin to 1787.500000, 128.500000, 43444.500000]
[21Nov2025 08:32:20.755] [Server thread/ERROR] [com.pixelmonmod.pixelmon.Pixelmon/]: Invalid NPC preset provided: `pixelmon:trainers/maleplasmagrunt`
[21Nov2025 08:32:28.182] [Server thread/INFO] [net.minecraft.server.MinecraftServer/]: [Dulmin: Teleported Dulmin to -1514.500000, 64.500000, 41757.500000]
[21Nov2025 08:33:47.450] [Server thread/INFO] [net.minecraft.server.network.ServerGamePacketListenerImpl/]: tydf62 lost connection: Disconnected
[21Nov2025 08:33:47.451] [Server thread/INFO] [net.minecraft.server.MinecraftServer/]: tydf62 left the game
[21Nov2025 08:33:47.452] [Server thread/INFO] [voicechat/]: [voicechat] Disconnecting client tydf62
[21Nov2025 08:33:51.277] [User Authenticator #71/INFO] [net.minecraft.server.network.ServerLoginPacketListenerImpl/]: UUID of player tydf62 is 4e2508ea-065b-4fc8-9876-de45b568972f
[21Nov2025 08:34:06.366] [Server thread/INFO] [net.minecraft.server.players.PlayerList/]: tydf62[/172.19.0.1:36596] logged in with entity id 124477 at (2862.815616823733, 78.0, 31851.23948144343)
[21Nov2025 08:34:06.369] [Server thread/INFO] [net.minecraft.server.MinecraftServer/]: tydf62 joined the game
[21Nov2025 08:34:16.920] [Server thread/WARN] [net.minecraft.server.MinecraftServer/]: Can't keep up! Is the server overloaded? Running 10576ms or 211 ticks behind
[21Nov2025 08:34:16.995] [Server thread/INFO] [com.b1n_ry.yigd.Yigd/]: Priority overwritten for player tydf62. Claiming: GRAVE / Robbing: INVENTORY
[21Nov2025 08:34:16.998] [Server thread/INFO] [voicechat/]: [voicechat] Received secret request of tydf62 (20)
[21Nov2025 08:34:17.000] [Server thread/INFO] [voicechat/]: [voicechat] Sent secret to tydf62
[21Nov2025 08:34:43.069] [Server thread/INFO] [net.minecraft.server.MinecraftServer/]: [Dulmin: Teleported Dulmin to -2387.500000, 74.500000, 41604.500000]
[21Nov2025 08:35:04.175] [Server thread/INFO] [net.minecraft.server.MinecraftServer/]: [Dulmin: Teleported Dulmin to -2316.500000, 121.500000, 40765.500000]
[21Nov2025 08:35:14.529] [Server thread/INFO] [net.minecraft.server.MinecraftServer/]: [Dulmin: Teleported Dulmin to -4923.500000, 70.500000, 42604.500000]
[21Nov2025 08:35:19.800] [Server thread/INFO] [net.minecraft.server.MinecraftServer/]: <tydf62> pc안 되먹는다 씹탱
[21Nov2025 08:35:23.145] [Server thread/INFO] [net.minecraft.server.MinecraftServer/]: [Dulmin: Teleported Dulmin to -5843.500000, 66.500000, 42564.500000]
[21Nov2025 08:35:31.063] [Server thread/INFO] [net.minecraft.server.MinecraftServer/]: [Dulmin: Teleported Dulmin to -10155.500000, 68.500000, 38293.500000]
[21Nov2025 08:35:43.797] [Server thread/INFO] [net.minecraft.server.MinecraftServer/]: [Dulmin: Teleported Dulmin to -9113.500000, 63.500000, 38234.500000]
[21Nov2025 08:37:12.539] [Server thread/INFO] [net.minecraft.server.MinecraftServer/]: [Dulmin: Teleported Dulmin to -13381.500000, 65.500000, 40051.500000]
[21Nov2025 08:37:18.522] [Server thread/INFO] [net.minecraft.server.MinecraftServer/]: [Dulmin: Teleported Dulmin to -14363.500000, 77.500000, 40043.500000]
[21Nov2025 08:37:27.704] [Server thread/INFO] [net.minecraft.server.MinecraftServer/]: [Dulmin: Teleported Dulmin to -7617.500000, 129.500000, 37372.500000]
[21Nov2025 08:37:36.591] [Server thread/INFO] [net.minecraft.server.MinecraftServer/]: [Dulmin: Teleported Dulmin to -9067.500000, 71.500000, 37341.500000]
[21Nov2025 08:37:42.074] [Server thread/INFO] [net.minecraft.server.MinecraftServer/]: [tydf62: Teleported tydf62 to Dulmin]
[21Nov2025 08:37:50.484] [Server thread/INFO] [net.minecraft.server.MinecraftServer/]: <Dulmin> ?
[21Nov2025 08:38:05.403] [Server thread/INFO] [net.minecraft.server.MinecraftServer/]: [Dulmin: Teleported Dulmin to -16835.500000, 83.500000, 29052.500000]
[21Nov2025 08:38:08.209] [Server thread/INFO] [net.minecraft.server.MinecraftServer/]: <tydf62> pc에서
[21Nov2025 08:38:12.040] [Server thread/INFO] [net.minecraft.server.MinecraftServer/]: [Dulmin: Teleported Dulmin to -17549.500000, 95.500000, 28083.500000]
[21Nov2025 08:38:19.156] [Server thread/INFO] [net.minecraft.server.MinecraftServer/]: [Dulmin: Teleported Dulmin to -17549.500000, 95.500000, 28083.500000]
[21Nov2025 08:38:26.375] [Server thread/INFO] [net.minecraft.server.MinecraftServer/]: [Dulmin: Teleported Dulmin to -18497.500000, 77.500000, 26460.500000]
[21Nov2025 08:38:27.307] [Server thread/INFO] [net.minecraft.server.MinecraftServer/]: <tydf62> 몬이 안바뀌
[21Nov2025 08:38:35.911] [Server thread/INFO] [net.minecraft.server.MinecraftServer/]: [Dulmin: Teleported Dulmin to -14097.500000, 130.500000, 28941.500000]
[21Nov2025 08:38:40.773] [Server thread/INFO] [net.minecraft.server.MinecraftServer/]: [Dulmin: Teleported Dulmin to 3444.500000, 67.500000, -29505.500000]
[21Nov2025 08:39:35.954] [Server thread/INFO] [net.minecraft.server.MinecraftServer/]: <tydf62> 아 이거 맥 이슈였네
[21Nov2025 08:39:52.404] [Server thread/INFO] [net.minecraft.server.MinecraftServer/]: <tydf62> 커맨드를 안눌렀는데 커맨드 누른걸로 취급된다
[21Nov2025 08:39:56.218] [Server thread/INFO] [net.minecraft.server.MinecraftServer/]: [Dulmin: Teleported Dulmin to 2662.500000, 67.500000, -29474.500000]
[21Nov2025 08:40:03.082] [Server thread/INFO] [net.minecraft.world.entity.LivingEntity/]: Named entity NPC['Dennis'/126261, l='ServerLevel[world]', x=-9064.50, y=48.49, z=37224.50] died: Dennis drowned
[21Nov2025 08:40:08.680] [Server thread/INFO] [net.minecraft.server.MinecraftServer/]: [Dulmin: Teleported Dulmin to 3444.500000, 67.500000, -29505.500000]
[21Nov2025 08:40:19.125] [Server thread/INFO] [net.minecraft.server.MinecraftServer/]: [Dulmin: Teleported Dulmin to -588.500000, 127.500000, -29642.500000]
[21Nov2025 08:40:35.613] [Server thread/INFO] [net.minecraft.server.MinecraftServer/]: [Dulmin: Teleported Dulmin to -1530.500000, 63.500000, -29521.500000]
[21Nov2025 08:40:49.026] [Server thread/INFO] [net.minecraft.server.MinecraftServer/]: [Dulmin: Teleported Dulmin to -4204.500000, 73.500000, -26042.500000]
[21Nov2025 08:40:55.944] [Server thread/INFO] [net.minecraft.server.MinecraftServer/]: [Dulmin: Teleported Dulmin to -6659.500000, 73.500000, -27677.500000]
[21Nov2025 08:41:01.355] [Server thread/INFO] [net.minecraft.server.MinecraftServer/]: [tydf62: Teleported tydf62 to 1783.500000, 123.500000, 43444.500000]
[21Nov2025 08:41:02.618] [Server thread/INFO] [net.minecraft.server.MinecraftServer/]: <Dulmin> zzzzzzz
[21Nov2025 08:41:08.810] [Server thread/INFO] [net.minecraft.server.MinecraftServer/]: [Dulmin: Teleported Dulmin to -4947.500000, 64.500000, -26941.500000]
[21Nov2025 08:41:19.437] [Server thread/INFO] [net.minecraft.server.MinecraftServer/]: [Dulmin: Teleported Dulmin to -6667.500000, 88.500000, -32080.500000]
[21Nov2025 08:41:21.841] [Server thread/INFO] [net.minecraft.server.MinecraftServer/]: [tydf62: Teleported tydf62 to -24435.500000, 74.500000, 16220.500000]
[21Nov2025 08:41:22.849] [Server thread/ERROR] [com.pixelmonmod.pixelmon.Pixelmon/]: Invalid NPC preset provided: `pixelmon:trainers/femalescientist`
[21Nov2025 08:41:27.901] [Server thread/INFO] [net.minecraft.server.MinecraftServer/]: [Dulmin: Teleported Dulmin to -5851.500000, 74.500000, -31114.500000]
[21Nov2025 08:42:09.820] [Server thread/INFO] [net.minecraft.server.MinecraftServer/]: [tydf62: Teleported tydf62 to -21026.500000, 105.500000, 23907.500000]
[21Nov2025 08:42:45.808] [Server thread/INFO] [net.minecraft.server.MinecraftServer/]: [tydf62: Teleported tydf62 to -24433.500000, 84.500000, 25733.500000]
[21Nov2025 08:42:55.378] [Server thread/INFO] [net.minecraft.server.MinecraftServer/]: [Dulmin: Teleported Dulmin to -24404.500000, 64.500000, -27737.500000]
[21Nov2025 08:43:02.417] [Server thread/INFO] [net.minecraft.server.MinecraftServer/]: [Dulmin: Teleported Dulmin to -6764.500000, 61.500000, -31331.500000]
[21Nov2025 08:43:10.216] [Server thread/INFO] [net.minecraft.server.MinecraftServer/]: [Dulmin: Teleported Dulmin to -10035.500000, 81.500000, -33826.500000]
[21Nov2025 08:43:14.613] [Server thread/INFO] [net.minecraft.server.MinecraftServer/]: [Dulmin: Teleported Dulmin to -24338.500000, 52.500000, 62759.500000]
[21Nov2025 08:43:14.994] [Server thread/INFO] [net.minecraft.server.MinecraftServer/]: [Pixelmon] Phione has appeared in a den in a Lukewarm Ocean biome!
[21Nov2025 08:43:14.995] [Server thread/INFO] [net.minecraft.server.MinecraftServer/]: Spawned Phione at: minecraft:overworld x:-24338, y:52, z:62758
[21Nov2025 08:43:34.335] [Server thread/INFO] [net.minecraft.server.MinecraftServer/]: [Dulmin: Teleported Dulmin to -10035.500000, 81.500000, -33826.500000]
[21Nov2025 08:43:45.219] [Server thread/INFO] [net.minecraft.server.MinecraftServer/]: [Dulmin: Teleported Dulmin to -24338.500000, 52.500000, 62759.500000]
[21Nov2025 08:44:01.926] [Server thread/INFO] [net.minecraft.server.MinecraftServer/]: [Dulmin: Teleported Dulmin to -2363.500000, 86.500000, 132.500000]
[21Nov2025 08:44:04.570] [Server thread/INFO] [net.minecraft.server.MinecraftServer/]: [tydf62: Teleported tydf62 to -24443.500000, 81.500000, 32292.500000]
[21Nov2025 08:44:05.843] [Server thread/INFO] [net.minecraft.server.MinecraftServer/]: [Dulmin: Teleported Dulmin to -24443.500000, 81.500000, 32292.500000]
[21Nov2025 08:44:10.972] [Server thread/ERROR] [com.pixelmonmod.pixelmon.Pixelmon/]: Invalid NPC preset provided: `pixelmon:old_fisherman`
[21Nov2025 08:44:12.409] [Server thread/INFO] [net.minecraft.server.MinecraftServer/]: [Dulmin: Teleported Dulmin to 2660.500000, 105.500000, -2315.500000]
[21Nov2025 08:45:03.482] [Server thread/INFO] [net.minecraft.server.MinecraftServer/]: [tydf62: Teleported tydf62 to -24506.500000, 63.500000, 34065.500000]
[21Nov2025 08:45:43.011] [Server thread/INFO] [net.minecraft.server.MinecraftServer/]: [tydf62: Teleported tydf62 to -24458.500000, 108.500000, 35915.500000]
[21Nov2025 08:45:43.317] [Server thread/INFO] [net.minecraft.server.MinecraftServer/]: [Pixelmon] Glastrier has appeared in a den in a Snowy Plains biome!
[21Nov2025 08:45:43.317] [Server thread/INFO] [net.minecraft.server.MinecraftServer/]: Spawned Glastrier at: minecraft:overworld x:-24459, y:108, z:35916
[21Nov2025 08:45:57.374] [Server thread/INFO] [net.minecraft.server.MinecraftServer/]: <tydf62> 나 블레이뭐시기 뜸
[21Nov2025 08:46:02.089] [Server thread/INFO] [net.minecraft.server.MinecraftServer/]: [Dulmin: Teleported Dulmin to tydf62]
[21Nov2025 08:46:03.078] [Server thread/INFO] [net.minecraft.server.MinecraftServer/]: <tydf62> 내쪽 굴
[21Nov2025 08:46:08.717] [Server thread/ERROR] [com.pixelmonmod.pixelmon.Pixelmon/]: Invalid NPC preset provided: `pixelmon:trainers/maleplasmagrunt`
[21Nov2025 08:46:09.817] [Server thread/ERROR] [com.pixelmonmod.pixelmon.Pixelmon/]: Invalid NPC preset provided: `pixelmon:trainers/femaleplasmagrunt`
[21Nov2025 08:46:10.187] [Server thread/INFO] [net.minecraft.server.MinecraftServer/]: <Dulmin> 말이네
[21Nov2025 08:46:13.669] [Server thread/INFO] [net.minecraft.server.MinecraftServer/]: <Dulmin> 키미노 아이노카
[21Nov2025 08:46:15.717] [Server thread/INFO] [net.minecraft.server.MinecraftServer/]: <Dulmin> 츠큐츠큐
[21Nov2025 08:46:20.520] [Server thread/INFO] [net.minecraft.server.MinecraftServer/]: <Dulmin> 하시ㅁ마시
[21Nov2025 08:46:53.520] [Server thread/INFO] [net.minecraft.server.MinecraftServer/]: <tydf62> 이시키 전설 치고 짜치게 생겼는데
[21Nov2025 08:47:14.800] [User Authenticator #72/INFO] [net.minecraft.server.network.ServerLoginPacketListenerImpl/]: UUID of player lame1202 is cf928e1e-2069-4923-bfa2-89a09778628b
[21Nov2025 08:47:28.175] [Server thread/INFO] [net.minecraft.server.players.PlayerList/]: lame1202[/172.19.0.1:53554] logged in with entity id 129001 at (-24443.637260720872, 81.5, 32293.02701787469)
[21Nov2025 08:47:28.189] [Server thread/INFO] [net.minecraft.server.MinecraftServer/]: lame1202 joined the game
[21Nov2025 08:47:45.863] [Server thread/WARN] [net.minecraft.server.MinecraftServer/]: Can't keep up! Is the server overloaded? Running 17754ms or 355 ticks behind
[21Nov2025 08:47:45.918] [Server thread/INFO] [com.b1n_ry.yigd.Yigd/]: Priority overwritten for player lame1202. Claiming: GRAVE / Robbing: INVENTORY
[21Nov2025 08:47:45.958] [Server thread/INFO] [voicechat/]: [voicechat] Received secret request of lame1202 (20)
[21Nov2025 08:47:45.959] [Server thread/INFO] [voicechat/]: [voicechat] Sent secret to lame1202
[21Nov2025 08:48:03.886] [Server thread/INFO] [net.minecraft.server.MinecraftServer/]: <lame1202> 태우
[21Nov2025 08:48:06.119] [Server thread/INFO] [net.minecraft.server.MinecraftServer/]: <lame1202> 집이야?
[21Nov2025 08:48:10.219] [Server thread/INFO] [net.minecraft.server.MinecraftServer/]: <tydf62> ㄴㄴ
[21Nov2025 08:48:14.406] [Server thread/INFO] [net.minecraft.server.MinecraftServer/]: <lame1202> 현실 집
[21Nov2025 08:48:19.936] [Server thread/INFO] [net.minecraft.server.MinecraftServer/]: <tydf62> 그니까
[21Nov2025 08:48:20.265] [Server thread/INFO] [net.minecraft.server.MinecraftServer/]: <lame1202> 학교 옴?
[21Nov2025 08:48:33.466] [Server thread/WARN] [net.minecraft.server.network.ServerGamePacketListenerImpl/]: tydf62 moved too quickly! 21.333581733113533,-1.7122586229005492,0.36730387266288744
[21Nov2025 08:49:14.384] [Server thread/INFO] [net.minecraft.server.MinecraftServer/]: [lame1202: Teleported lame1202 to -2363.500000, 86.000000, 132.500000]
[21Nov2025 08:49:20.854] [Server thread/INFO] [net.minecraft.server.MinecraftServer/]: [lame1202: Teleported lame1202 to 2660.500000, 105.000000, -2315.500000]
[21Nov2025 08:49:22.320] [Server thread/INFO] [net.minecraft.server.MinecraftServer/]: <tydf62> 학고임
[21Nov2025 08:49:29.712] [Server thread/INFO] [net.minecraft.server.MinecraftServer/]: [lame1202: Teleported lame1202 to 25668.500000, 95.000000, 7043.500000]
[21Nov2025 08:49:32.451] [Server thread/INFO] [net.minecraft.server.MinecraftServer/]: <tydf62> 무지개날개 어캐씀?
[21Nov2025 08:49:38.711] [Server thread/INFO] [net.minecraft.server.MinecraftServer/]: <Dulmin> 칠새고한테
[21Nov2025 08:49:40.619] [Server thread/INFO] [net.minecraft.server.MinecraftServer/]: <tydf62> 인벤창에 안들어가던데
[21Nov2025 08:49:42.453] [Server thread/INFO] [net.minecraft.server.MinecraftServer/]: <Dulmin> 칠색조한테 쓰면
[21Nov2025 08:49:43.569] [Server thread/INFO] [net.minecraft.server.MinecraftServer/]: <lame1202> 그거 쓸수있는애 따로 있음
[21Nov2025 08:49:50.661] [Server thread/INFO] [net.minecraft.server.MinecraftServer/]: <lame1202> 우클릭
[21Nov2025 08:49:52.416] [Server thread/INFO] [net.minecraft.server.MinecraftServer/]: <Dulmin> 칠색조나 무장조한테 써봐
[21Nov2025 08:49:55.168] [Server thread/INFO] [net.minecraft.server.MinecraftServer/]: <tydf62> 아 우클
[21Nov2025 08:49:55.431] [Server thread/INFO] [net.minecraft.server.MinecraftServer/]: <Dulmin> 무지개됨
[21Nov2025 08:50:06.611] [Server thread/ERROR] [com.pixelmonmod.pixelmon.Pixelmon/]: Invalid NPC preset provided: `pixelmon:trainers/maleplasmagrunt`
[21Nov2025 08:50:07.922] [Server thread/INFO] [net.minecraft.server.MinecraftServer/]: [lame1202: Teleported lame1202 to 6884.500000, 67.000000, -12524.500000]
[21Nov2025 08:50:13.725] [Server thread/INFO] [net.minecraft.server.MinecraftServer/]: [lame1202: Teleported lame1202 to -26923.500000, 70.000000, 18043.500000]
[21Nov2025 08:50:24.833] [Server thread/INFO] [net.minecraft.server.MinecraftServer/]: [lame1202: Teleported lame1202 to -26162.500000, 97.000000, -5659.500000]
[21Nov2025 08:50:30.169] [Server thread/INFO] [net.minecraft.server.MinecraftServer/]: <tydf62> 아 1회용이구나
[21Nov2025 08:50:33.329] [Server thread/INFO] [net.minecraft.server.MinecraftServer/]: [lame1202: Teleported lame1202 to 13709.500000, 70.000000, -10779.500000]
[21Nov2025 08:50:47.458] [Server thread/INFO] [net.minecraft.server.MinecraftServer/]: [tydf62: Teleported tydf62 to -24394.500000, 109.500000, 36603.500000]
[21Nov2025 08:50:51.908] [Server thread/INFO] [net.minecraft.server.MinecraftServer/]: [tydf62: Teleported tydf62 to -24427.500000, 92.500000, 38285.500000]
[21Nov2025 08:50:54.277] [Server thread/INFO] [net.minecraft.server.MinecraftServer/]: <lame1202> 누구한테 씀?
[21Nov2025 08:50:56.269] [Server thread/INFO] [net.minecraft.server.MinecraftServer/]: [tydf62: Teleported tydf62 to -24403.500000, 73.500000, 40732.500000]
[21Nov2025 08:51:01.558] [Server thread/INFO] [net.minecraft.server.MinecraftServer/]: <tydf62> 칠색조
[21Nov2025 08:51:07.079] [Server thread/INFO] [net.minecraft.server.MinecraftServer/]: <lame1202> 오 잡았어?
[21Nov2025 08:51:13.484] [Server thread/INFO] [net.minecraft.server.MinecraftServer/]: <tydf62> 전에 레이도로
[21Nov2025 08:51:17.980] [Server thread/INFO] [net.minecraft.server.MinecraftServer/]: <lame1202> 오
[21Nov2025 08:51:20.152] [Server thread/INFO] [net.minecraft.server.MinecraftServer/]: [tydf62: Teleported tydf62 to -24411.500000, 47.500000, 41779.500000]
[21Nov2025 08:51:29.257] [Server thread/INFO] [net.minecraft.server.MinecraftServer/]: <Dulmin> 태우야 홍수몬 있냐
[21Nov2025 08:51:35.034] [Server thread/INFO] [net.minecraft.server.MinecraftServer/]: <tydf62> ㄴㄴ
[21Nov2025 08:51:47.407] [Server thread/INFO] [net.minecraft.server.MinecraftServer/]: <tydf62> 저리터프 5성레이드
[21Nov2025 08:51:56.209] [Server thread/INFO] [net.minecraft.server.MinecraftServer/]: [lame1202: Teleported lame1202 to tydf62]
[21Nov2025 08:52:29.102] [Server thread/INFO] [net.minecraft.world.entity.LivingEntity/]: Named entity NPC['Freya'/130351, l='ServerLevel[world]', x=-24413.68, y=41.00, z=41780.68] died: Freya discovered the floor was lava
[21Nov2025 08:52:39.496] [Server thread/INFO] [net.minecraft.server.MinecraftServer/]: [Dulmin: Teleported Dulmin to 3813.500000, 100.500000, -2647.500000]
[21Nov2025 08:52:44.502] [Server thread/INFO] [net.minecraft.world.entity.LivingEntity/]: Named entity NPC['Nicki'/130352, l='ServerLevel[world]', x=-24412.34, y=41.50, z=41780.97] died: Nicki drowned
[21Nov2025 08:52:50.018] [Server thread/INFO] [net.minecraft.server.MinecraftServer/]: <tydf62> 아니 문포스 어디갔어
[21Nov2025 08:52:59.193] [Server thread/INFO] [net.minecraft.server.MinecraftServer/]: <lame1202> 태우왜케 약해
[21Nov2025 08:53:11.083] [Server thread/INFO] [net.minecraft.server.MinecraftServer/]: <tydf62> 노력치작을 안했다 맞다
[21Nov2025 08:53:21.054] [Server thread/INFO] [net.minecraft.server.MinecraftServer/]: <lame1202> 너 그럼 나한테 회복템좀
[21Nov2025 08:53:23.180] [Server thread/INFO] [net.minecraft.server.MinecraftServer/]: <lame1202> 써주라 ㅋㅋ
[21Nov2025 08:53:26.259] [Server thread/INFO] [net.minecraft.server.MinecraftServer/]: <lame1202> 내가 딜얺을게
[21Nov2025 08:53:44.277] [Server thread/INFO] [net.minecraft.server.MinecraftServer/]: <lame1202> 그냥 끝났네 ㅋㅋ
[21Nov2025 08:54:01.267] [Server thread/INFO] [net.minecraft.server.MinecraftServer/]: <tydf62> 버스탔네 ㅋㅋㅋㅋㅋ
[21Nov2025 08:54:06.081] [Server thread/INFO] [net.minecraft.server.MinecraftServer/]: [tydf62: Teleported tydf62 to -24485.500000, 63.500000, 45229.500000]
[21Nov2025 08:54:11.517] [Server thread/INFO] [net.minecraft.server.MinecraftServer/]: [lame1202: Teleported lame1202 to 13709.500000, 70.000000, -10779.500000]
[21Nov2025 08:54:16.421] [Server thread/INFO] [net.minecraft.server.MinecraftServer/]: [lame1202: Teleported lame1202 to -6667.500000, 88.000000, -32083.500000]
[21Nov2025 08:54:16.901] [Server thread/INFO] [net.minecraft.server.MinecraftServer/]: [Pixelmon] Chi-Yu has appeared in a den in a Badlands biome!
[21Nov2025 08:54:16.902] [Server thread/INFO] [net.minecraft.server.MinecraftServer/]: Spawned Chi-Yu at: minecraft:overworld x:-6668, y:88, z:-32084
[21Nov2025 08:54:24.413] [Server thread/INFO] [net.minecraft.server.MinecraftServer/]: <lame1202> 오 민서야
[21Nov2025 08:54:26.349] [Server thread/INFO] [net.minecraft.server.MinecraftServer/]: <lame1202> 위유유ㅣ
[21Nov2025 08:54:29.833] [Server thread/INFO] [net.minecraft.server.MinecraftServer/]: [tydf62: Teleported tydf62 to lame1202]
[21Nov2025 08:54:30.599] [Server thread/INFO] [net.minecraft.server.MinecraftServer/]: <lame1202> 위유이
[21Nov2025 08:54:43.153] [Server thread/INFO] [net.minecraft.server.MinecraftServer/]: <tydf62> 이게 뭐노
[21Nov2025 08:54:45.820] [Server thread/INFO] [net.minecraft.server.MinecraftServer/]: <lame1202> 컴온
[21Nov2025 08:54:48.058] [Server thread/INFO] [net.minecraft.server.MinecraftServer/]: <lame1202> @민서
[21Nov2025 08:54:53.033] [Server thread/INFO] [net.minecraft.server.MinecraftServer/]: <lame1202> 태우야 민서좀 불러봐
[21Nov2025 08:54:59.576] [Server thread/INFO] [net.minecraft.server.MinecraftServer/]: <Dulmin> ㄱㄷ
[21Nov2025 08:55:00.566] [Server thread/INFO] [net.minecraft.server.MinecraftServer/]: <tydf62> 민서씨
[21Nov2025 08:55:04.435] [Server thread/INFO] [net.minecraft.server.MinecraftServer/]: [Dulmin: Teleported Dulmin to lame1202]
[21Nov2025 08:55:25.703] [Server thread/INFO] [net.minecraft.server.MinecraftServer/]: <lame1202> 이게 뜨네 ㅋㅋㅋ
[21Nov2025 08:55:35.516] [Server thread/INFO] [net.minecraft.server.MinecraftServer/]: <tydf62> 좀 귀함?
[21Nov2025 08:55:41.686] [Server thread/INFO] [net.minecraft.server.MinecraftServer/]: <lame1202> 민서 못잡은 전설
[21Nov2025 08:56:43.692] [Server thread/INFO] [net.minecraft.server.MinecraftServer/]: [Dulmin: Teleported Dulmin to 3813.500000, 100.500000, -2647.500000]
[21Nov2025 08:56:46.229] [Server thread/INFO] [net.minecraft.server.MinecraftServer/]: [tydf62: Teleported tydf62 to -38874.500000, 74.500000, 2589.500000]
[21Nov2025 08:56:53.528] [Server thread/INFO] [net.minecraft.server.MinecraftServer/]: [tydf62: Teleported tydf62 to -24411.500000, 47.500000, 41779.500000]
[21Nov2025 08:56:57.362] [Server thread/INFO] [net.minecraft.server.MinecraftServer/]: [tydf62: Teleported tydf62 to -24485.500000, 63.500000, 45229.500000]
[21Nov2025 08:57:01.301] [Server thread/INFO] [net.minecraft.server.MinecraftServer/]: [tydf62: Teleported tydf62 to -24406.500000, 68.500000, 47699.500000]
[21Nov2025 08:57:14.469] [Server thread/INFO] [net.minecraft.server.MinecraftServer/]: <tydf62> 엠페레트 5성레이드
[21Nov2025 08:57:14.943] [Server thread/ERROR] [com.pixelmonmod.pixelmon.Pixelmon/]: Invalid NPC preset provided: `pixelmon:trainers/malescientist`
[21Nov2025 08:57:24.866] [Server thread/INFO] [net.minecraft.server.MinecraftServer/]: [lame1202: Teleported lame1202 to tydf62]
[21Nov2025 08:58:36.714] [Server thread/WARN] [net.minecraft.server.network.ServerGamePacketListenerImpl/]: tydf62 moved wrongly!
[21Nov2025 08:59:14.989] [Server thread/INFO] [net.minecraft.server.MinecraftServer/]: [lame1202: Teleported lame1202 to -6667.500000, 88.000000, -32083.500000]
[21Nov2025 08:59:28.692] [Server thread/INFO] [net.minecraft.server.MinecraftServer/]: [tydf62: Teleported tydf62 to -24401.500000, 121.500000, 48636.500000]
[21Nov2025 08:59:34.185] [Server thread/ERROR] [com.pixelmonmod.pixelmon.Pixelmon/]: Invalid NPC preset provided: `pixelmon:trainers/femaleplasmagrunt`
[21Nov2025 08:59:34.310] [Server thread/INFO] [net.minecraft.server.MinecraftServer/]: [tydf62: Teleported tydf62 to -24434.500000, 63.500000, 57849.500000]
[21Nov2025 09:00:02.133] [Server thread/INFO] [net.minecraft.world.entity.LivingEntity/]: Named entity NPC['Eric'/132085, l='ServerLevel[world]', x=-24384.50, y=52.00, z=57853.50] died: Eric drowned
[21Nov2025 09:00:07.968] [Server thread/INFO] [net.minecraft.server.MinecraftServer/]: [tydf62: Teleported tydf62 to -24501.500000, 63.500000, 58765.500000]
[21Nov2025 09:00:12.279] [Server thread/INFO] [net.minecraft.server.MinecraftServer/]: [tydf62: Teleported tydf62 to -24420.500000, 64.500000, 59548.500000]
[21Nov2025 09:00:18.151] [Server thread/INFO] [net.minecraft.server.MinecraftServer/]: [tydf62: Teleported tydf62 to -24385.500000, 63.500000, 62026.500000]
[21Nov2025 09:00:48.627] [Server thread/INFO] [net.minecraft.server.MinecraftServer/]: [tydf62: Teleported tydf62 to -24341.500000, 63.500000, 62759.500000]
[21Nov2025 09:01:21.230] [Server thread/INFO] [net.minecraft.world.entity.LivingEntity/]: Named entity NPC['Gary'/132831, l='ServerLevel[world]', x=-24337.50, y=49.00, z=62734.50] died: Gary drowned
[21Nov2025 09:01:38.515] [Server thread/INFO] [net.minecraft.server.MinecraftServer/]: [tydf62: Teleported tydf62 to -24369.500000, 63.500000, 64570.500000]
[21Nov2025 09:01:47.179] [Server thread/INFO] [net.minecraft.server.MinecraftServer/]: [tydf62: Teleported tydf62 to 1783.500000, 123.500000, 43444.500000]
[21Nov2025 09:01:52.625] [Server thread/INFO] [net.minecraft.server.MinecraftServer/]: [lame1202: Teleported lame1202 to -24435.500000, 83.000000, 25733.500000]
[21Nov2025 09:01:59.283] [Server thread/INFO] [net.minecraft.server.MinecraftServer/]: [lame1202: Teleported lame1202 to -21026.500000, 105.000000, 23907.500000]
[21Nov2025 09:02:02.280] [Server thread/ERROR] [com.pixelmonmod.pixelmon.Pixelmon/]: Invalid NPC preset provided: `pixelmon:trainers/femalegalacticgrunt`
[21Nov2025 09:02:07.371] [Server thread/INFO] [net.minecraft.server.MinecraftServer/]: [lame1202: Teleported lame1202 to -2363.500000, 86.000000, 132.500000]
[21Nov2025 09:02:10.786] [Server thread/INFO] [net.minecraft.server.MinecraftServer/]: [lame1202: Teleported lame1202 to 2748.500000, 74.000000, -1507.500000]
[21Nov2025 09:02:10.941] [Server thread/INFO] [net.minecraft.server.MinecraftServer/]: [Pixelmon] Zacian has appeared in a den in a Forest biome!
[21Nov2025 09:02:10.942] [Server thread/INFO] [net.minecraft.server.MinecraftServer/]: Spawned Zacian at: minecraft:overworld x:2748, y:74, z:-1508
[21Nov2025 09:02:13.805] [Server thread/INFO] [net.minecraft.server.MinecraftServer/]: [Dulmin: Teleported Dulmin to 6347.500000, 93.500000, -5438.500000]
[21Nov2025 09:02:18.098] [Server thread/INFO] [net.minecraft.server.MinecraftServer/]: <lame1202> 자시안이냐
[21Nov2025 09:02:28.184] [Server thread/ERROR] [com.pixelmonmod.pixelmon.Pixelmon/]: Invalid NPC preset provided: `pixelmon:trainers/malescientist`
[21Nov2025 09:02:29.528] [Server thread/INFO] [net.minecraft.server.MinecraftServer/]: <lame1202> 자시안인듯
[21Nov2025 09:02:33.928] [Server thread/INFO] [net.minecraft.server.MinecraftServer/]: <lame1202> 컴온
[21Nov2025 09:02:34.831] [Server thread/INFO] [net.minecraft.server.MinecraftServer/]: <tydf62> 어디야
[21Nov2025 09:02:37.464] [Server thread/INFO] [net.minecraft.server.MinecraftServer/]: [tydf62: Teleported tydf62 to lame1202]
[21Nov2025 09:02:40.375] [Server thread/INFO] [net.minecraft.world.entity.LivingEntity/]: Named entity NPC['Kai'/133486, l='ServerLevel[world]', x=2684.50, y=49.00, z=-1535.50] died: Kai drowned
[21Nov2025 09:02:45.755] [Server thread/INFO] [net.minecraft.server.MinecraftServer/]: [Dulmin: Teleported Dulmin to 5580.500000, 124.500000, -7561.500000]
[21Nov2025 09:02:49.135] [Server thread/INFO] [net.minecraft.server.MinecraftServer/]: <lame1202> 민서 자시안 잡음?
[21Nov2025 09:03:09.823] [Server thread/INFO] [net.minecraft.world.entity.LivingEntity/]: Named entity NPC['Brendon'/133693, l='ServerLevel[world]', x=2699.50, y=48.49, z=-1574.50] died: Brendon drowned
[21Nov2025 09:03:30.425] [Server thread/ERROR] [com.pixelmonmod.pixelmon.Pixelmon/]: Invalid NPC preset provided: `pixelmon:trainers/femalescientist`
[21Nov2025 09:03:38.664] [Server thread/INFO] [net.minecraft.server.MinecraftServer/]: <tydf62> 민서 안오는데
[21Nov2025 09:03:42.496] [Server thread/INFO] [net.minecraft.server.MinecraftServer/]: [tydf62: Teleported tydf62 to lame1202]
[21Nov2025 09:03:42.826] [Server thread/INFO] [net.minecraft.server.MinecraftServer/]: <lame1202> ㄱㄱ
[21Nov2025 09:04:05.226] [Server thread/INFO] [net.minecraft.server.MinecraftServer/]: <lame1202> 근데 얘 칼 없는데 ㅋㅋㅋ
[21Nov2025 09:04:08.732] [Server thread/INFO] [net.minecraft.server.MinecraftServer/]: <lame1202> 녹슨 검인가
[21Nov2025 09:04:11.223] [Server thread/INFO] [net.minecraft.server.MinecraftServer/]: <lame1202> 그거 아이템
[21Nov2025 09:04:11.226] [Server thread/INFO] [net.minecraft.server.MinecraftServer/]: <Dulmin> 뭐여
[21Nov2025 09:04:14.003] [Server thread/INFO] [net.minecraft.server.MinecraftServer/]: <Dulmin> 나 못봤네
[21Nov2025 09:04:18.126] [Server thread/INFO] [net.minecraft.server.MinecraftServer/]: <lame1202> ㅋㅋㅋㅋㅋ
[21Nov2025 09:04:18.298] [Server thread/INFO] [net.minecraft.server.MinecraftServer/]: <Dulmin> 가죽있는사람
[21Nov2025 09:04:22.149] [Server thread/INFO] [net.minecraft.server.MinecraftServer/]: <tydf62> 나요
[21Nov2025 09:04:22.541] [Server thread/INFO] [net.minecraft.server.MinecraftServer/]: <lame1202> 나 많음
[21Nov2025 09:04:37.913] [Server thread/INFO] [net.minecraft.server.MinecraftServer/]: <Dulmin> 몰라 나중에 ㅏ시안은 교환하지뭐
[21Nov2025 09:04:57.381] [Server thread/INFO] [net.minecraft.server.MinecraftServer/]: <tydf62> 아이고 상엽아 ㅋㅋㅋㅋㅋㅋㅋ
[21Nov2025 09:05:01.159] [Server thread/INFO] [net.minecraft.server.MinecraftServer/]: <lame1202> ㅋㅋㅋㅋㅋㅋㅋㅋㅋㅋ
[21Nov2025 09:05:12.494] [Server thread/INFO] [net.minecraft.server.MinecraftServer/]: <lame1202> 본능적으로 좌클릭연타
[21Nov2025 09:05:57.133] [Server thread/INFO] [net.minecraft.server.MinecraftServer/]: <tydf62> 녹슨칼은 어캐얻죠
[21Nov2025 09:06:02.039] [Server thread/INFO] [net.minecraft.server.MinecraftServer/]: <lame1202> 못얻죠
[21Nov2025 09:06:08.619] [Server thread/INFO] [net.minecraft.server.MinecraftServer/]: <tydf62> 엄인데 그럼
[21Nov2025 09:06:20.439] [Server thread/INFO] [net.minecraft.server.MinecraftServer/]: <lame1202> 야생에서
[21Nov2025 09:06:22.597] [Server thread/INFO] [net.minecraft.server.MinecraftServer/]: <lame1202> 잡아야함
[21Nov2025 09:06:26.666] [Server thread/INFO] [net.minecraft.server.MinecraftServer/]: <tydf62> 그럼 그냥 똥개잖아
[21Nov2025 09:06:29.166] [Server thread/ERROR] [com.pixelmonmod.pixelmon.Pixelmon/]: Invalid NPC preset provided: `pixelmon:trainers/malescientist`
[21Nov2025 09:06:32.530] [Server thread/INFO] [net.minecraft.server.MinecraftServer/]: <lame1202> ㄴㄴ 검 안쓰는
[21Nov2025 09:06:35.774] [Server thread/INFO] [net.minecraft.server.MinecraftServer/]: <lame1202> 자시안도 있음
[21Nov2025 09:06:42.431] [Server thread/INFO] [net.minecraft.server.MinecraftServer/]: <tydf62> 아 그래?
[21Nov2025 09:06:49.120] [Server thread/INFO] [net.minecraft.server.MinecraftServer/]: <lame1202> 스카프 쓰는거던ㄷ가
[21Nov2025 09:07:09.507] [Server thread/INFO] [net.minecraft.server.MinecraftServer/]: [tydf62: Teleported tydf62 to -2363.500000, 86.500000, 132.500000]
[21Nov2025 09:07:14.776] [Server thread/INFO] [net.minecraft.server.MinecraftServer/]: [tydf62: Teleported tydf62 to 23100.500000, 79.500000, 3556.500000]
[21Nov2025 09:07:15.075] [Server thread/INFO] [net.minecraft.server.MinecraftServer/]: [Pixelmon] Terrakion has appeared in a den in a Birch Forest biome!
[21Nov2025 09:07:15.075] [Server thread/INFO] [net.minecraft.server.MinecraftServer/]: Spawned Terrakion at: minecraft:overworld x:23100, y:79, z:3556
[21Nov2025 09:07:18.628] [Server thread/INFO] [net.minecraft.server.MinecraftServer/]: <Dulmin> ㅇㄷ
[21Nov2025 09:07:21.531] [Server thread/INFO] [net.minecraft.server.MinecraftServer/]: <tydf62> 나임
[21Nov2025 09:07:40.666] [Server thread/INFO] [net.minecraft.server.MinecraftServer/]: <tydf62> 테라키온
[21Nov2025 09:07:44.745] [Server thread/INFO] [net.minecraft.server.MinecraftServer/]: [Dulmin: Teleported Dulmin to tydf62]
[21Nov2025 09:07:46.763] [Server thread/ERROR] [com.pixelmonmod.pixelmon.Pixelmon/]: Invalid NPC preset provided: `pixelmon:old_fisherman`
[21Nov2025 09:07:55.280] [Server thread/INFO] [net.minecraft.server.MinecraftServer/]: <tydf62> 상엽 안와?
[21Nov2025 09:08:01.462] [Server thread/ERROR] [com.pixelmonmod.pixelmon.Pixelmon/]: Invalid NPC preset provided: `pixelmon:trainers/femalescientist`
[21Nov2025 09:08:08.711] [Server thread/ERROR] [com.pixelmonmod.pixelmon.Pixelmon/]: Invalid NPC preset provided: `pixelmon:trainers/femalescientist`
[21Nov2025 09:08:18.723] [Server thread/INFO] [net.minecraft.server.MinecraftServer/]: <Dulmin> 걍 ㅎ죠
[21Nov2025 09:08:22.585] [Server thread/INFO] [net.minecraft.server.MinecraftServer/]: <tydf62> 그러죠
[21Nov2025 09:08:47.175] [Server thread/INFO] [net.minecraft.server.MinecraftServer/]: <lame1202> 템정리중이었음 다음거 갈게요
[21Nov2025 09:08:59.904] [Server thread/INFO] [net.minecraft.server.MinecraftServer/]: [lame1202: Teleported lame1202 to 2764.500000, 70.000000, -4019.500000]
[21Nov2025 09:09:04.443] [Server thread/INFO] [net.minecraft.server.MinecraftServer/]: [lame1202: Teleported lame1202 to -24436.500000, 74.000000, 16220.500000]
[21Nov2025 09:09:07.617] [Server thread/INFO] [net.minecraft.server.MinecraftServer/]: [lame1202: Teleported lame1202 to -3947.500000, 80.000000, -1460.500000]
[21Nov2025 09:09:11.113] [Server thread/INFO] [net.minecraft.server.MinecraftServer/]: [lame1202: Teleported lame1202 to -24443.500000, 81.000000, 32292.500000]
[21Nov2025 09:09:14.500] [Server thread/INFO] [net.minecraft.server.MinecraftServer/]: [lame1202: Teleported lame1202 to 2660.500000, 105.000000, -2315.500000]
[21Nov2025 09:09:21.358] [Server thread/ERROR] [com.pixelmonmod.pixelmon.Pixelmon/]: Invalid NPC preset provided: `pixelmon:trainers/femalescientist`
[21Nov2025 09:09:24.243] [Server thread/INFO] [net.minecraft.server.MinecraftServer/]: [lame1202: Teleported lame1202 to -2363.500000, 86.000000, 132.500000]
[21Nov2025 09:09:28.923] [Server thread/INFO] [net.minecraft.server.MinecraftServer/]: [lame1202: Teleported lame1202 to 25668.500000, 95.000000, 7043.500000]
[21Nov2025 09:09:33.778] [Server thread/INFO] [net.minecraft.server.MinecraftServer/]: [lame1202: Teleported lame1202 to 6884.500000, 67.000000, -12524.500000]
[21Nov2025 09:09:37.555] [Server thread/INFO] [net.minecraft.server.MinecraftServer/]: [lame1202: Teleported lame1202 to -26923.500000, 70.000000, 18043.500000]
[21Nov2025 09:09:41.220] [Server thread/INFO] [net.minecraft.server.MinecraftServer/]: [lame1202: Teleported lame1202 to -26162.500000, 97.000000, -5659.500000]
[21Nov2025 09:09:46.421] [Server thread/INFO] [net.minecraft.server.MinecraftServer/]: [lame1202: Teleported lame1202 to 13709.500000, 70.000000, -10779.500000]
[21Nov2025 09:09:49.521] [Server thread/INFO] [net.minecraft.server.MinecraftServer/]: [lame1202: Teleported lame1202 to -6667.500000, 88.000000, -32083.500000]
[21Nov2025 09:09:52.521] [Server thread/INFO] [net.minecraft.server.MinecraftServer/]: [lame1202: Teleported lame1202 to -38876.500000, 74.000000, 2588.500000]
[21Nov2025 09:09:57.152] [Server thread/INFO] [net.minecraft.server.MinecraftServer/]: [lame1202: Teleported lame1202 to 403676.500000, 80.000000, 7732.500000]
[21Nov2025 09:10:02.608] [Server thread/INFO] [net.minecraft.server.MinecraftServer/]: [lame1202: Teleported lame1202 to 9477.500000, 72.000000, -8324.500000]
[21Nov2025 09:10:07.009] [Server thread/INFO] [net.minecraft.server.MinecraftServer/]: [lame1202: Teleported lame1202 to -2499.500000, 111.000000, -7524.500000]
[21Nov2025 09:10:10.861] [Server thread/INFO] [net.minecraft.server.MinecraftServer/]: [lame1202: Teleported lame1202 to 11124.500000, 68.000000, -10788.500000]
[21Nov2025 09:10:12.315] [Server thread/INFO] [net.minecraft.server.MinecraftServer/]: [Dulmin: Teleported Dulmin to 3813.500000, 100.500000, -2647.500000]
[21Nov2025 09:10:14.849] [Server thread/INFO] [net.minecraft.server.MinecraftServer/]: [tydf62: Teleported tydf62 to 25668.500000, 69.500000, 3547.500000]
[21Nov2025 09:10:15.106] [Server thread/INFO] [net.minecraft.server.MinecraftServer/]: [Pixelmon] Kyogre has appeared in a den in a Warm Ocean biome!
[21Nov2025 09:10:15.107] [Server thread/INFO] [net.minecraft.server.MinecraftServer/]: Spawned Kyogre at: minecraft:overworld x:25668, y:69, z:3548
[21Nov2025 09:10:19.228] [Server thread/INFO] [net.minecraft.server.MinecraftServer/]: <lame1202> 오
[21Nov2025 09:10:21.279] [Server thread/INFO] [net.minecraft.server.MinecraftServer/]: [lame1202: Teleported lame1202 to tydf62]
[21Nov2025 09:10:29.175] [Server thread/INFO] [net.minecraft.server.MinecraftServer/]: <lame1202> 이건 뭔 굴이냐 ㅋㅋㅋ
[21Nov2025 09:10:32.596] [Server thread/INFO] [net.minecraft.server.MinecraftServer/]: <tydf62> ㅋㅋㅋㅋㅋㅋㅋㅋ
[21Nov2025 09:10:44.336] [Server thread/INFO] [net.minecraft.server.MinecraftServer/]: [Dulmin: Teleported Dulmin to lame1202]
[21Nov2025 09:11:24.053] [Server thread/INFO] [net.minecraft.server.MinecraftServer/]: <tydf62> 승훈이 가이오가 없던가
[21Nov2025 09:11:31.086] [Server thread/INFO] [net.minecraft.server.MinecraftServer/]: <lame1202> ㅁ?ㄹ
[21Nov2025 09:12:17.300] [Server thread/INFO] [net.minecraft.server.MinecraftServer/]: <tydf62> 하이퍼볼로 잡고
[21Nov2025 09:12:24.182] [Server thread/INFO] [net.minecraft.server.MinecraftServer/]: <tydf62> 마볼받고 팔라했는데
[21Nov2025 09:12:24.928] [Server thread/INFO] [net.minecraft.server.MinecraftServer/]: <Dulmin> 태우 자시안이쌰
[21Nov2025 09:12:27.398] [Server thread/INFO] [net.minecraft.server.MinecraftServer/]: <tydf62> ㄲㅂ요
[21Nov2025 09:12:36.857] [Server thread/INFO] [net.minecraft.server.MinecraftServer/]: <lame1202> 방금 잡았을걸
[21Nov2025 09:12:37.947] [Server thread/INFO] [net.minecraft.server.MinecraftServer/]: <tydf62> 인음
[21Nov2025 09:12:40.770] [Server thread/INFO] [net.minecraft.server.MinecraftServer/]: [lame1202: Teleported lame1202 to -2499.500000, 111.000000, -7524.500000]
[21Nov2025 09:12:41.965] [Server thread/INFO] [net.minecraft.server.MinecraftServer/]: <tydf62> 있음
[21Nov2025 09:12:43.746] [Server thread/INFO] [net.minecraft.server.MinecraftServer/]: [lame1202: Teleported lame1202 to 11124.500000, 68.000000, -10788.500000]
[21Nov2025 09:12:44.881] [Server thread/INFO] [net.minecraft.server.MinecraftServer/]: <Dulmin> 나 교환 1번만
[21Nov2025 09:12:47.625] [Server thread/INFO] [net.minecraft.server.MinecraftServer/]: <Dulmin> 집으로 와
[21Nov2025 09:12:50.415] [Server thread/INFO] [net.minecraft.server.MinecraftServer/]: [lame1202: Teleported lame1202 to 1826.500000, 37.000000, 5189.500000]
[21Nov2025 09:12:51.897] [Server thread/INFO] [net.minecraft.server.MinecraftServer/]: [Dulmin: Teleported Dulmin to 3813.500000, 100.500000, -2647.500000]
[21Nov2025 09:12:54.096] [Server thread/INFO] [net.minecraft.server.MinecraftServer/]: [lame1202: Teleported lame1202 to 1028.500000, 37.000000, 7010.500000]
[21Nov2025 09:12:57.896] [Server thread/INFO] [net.minecraft.server.MinecraftServer/]: [lame1202: Teleported lame1202 to -2410.500000, 43.000000, -1499.500000]
[21Nov2025 09:12:58.528] [Server thread/INFO] [net.minecraft.server.MinecraftServer/]: [tydf62: Teleported tydf62 to 3818.500000, 100.500000, -2636.500000]
[21Nov2025 09:13:01.901] [Server thread/INFO] [net.minecraft.server.MinecraftServer/]: [lame1202: Teleported lame1202 to 6996.500000, 46.000000, -11595.500000]
[21Nov2025 09:13:07.067] [Server thread/INFO] [net.minecraft.server.MinecraftServer/]: [lame1202: Teleported lame1202 to -2363.500000, 86.000000, 132.500000]
[21Nov2025 09:13:13.372] [Server thread/INFO] [net.minecraft.server.MinecraftServer/]: [lame1202: Teleported lame1202 to 2748.500000, 74.000000, -1507.500000]
[21Nov2025 09:13:17.536] [Server thread/INFO] [net.minecraft.server.MinecraftServer/]: [lame1202: Teleported lame1202 to 2764.500000, 70.000000, -4019.500000]
[21Nov2025 09:13:26.733] [Server thread/INFO] [net.minecraft.server.MinecraftServer/]: [lame1202: Teleported lame1202 to -24436.500000, 74.000000, 16220.500000]
[21Nov2025 09:13:29.798] [Server thread/INFO] [net.minecraft.server.MinecraftServer/]: [lame1202: Teleported lame1202 to -3947.500000, 80.000000, -1460.500000]
[21Nov2025 09:13:37.069] [Server thread/INFO] [net.minecraft.server.MinecraftServer/]: [lame1202: Teleported lame1202 to -24443.500000, 81.000000, 32292.500000]
[21Nov2025 09:13:40.720] [Server thread/INFO] [net.minecraft.server.MinecraftServer/]: [lame1202: Teleported lame1202 to 2660.500000, 105.000000, -2315.500000]
[21Nov2025 09:13:45.700] [Server thread/INFO] [net.minecraft.server.MinecraftServer/]: <Dulmin> ㅣㄴ짜 100마리 남았다
[21Nov2025 09:13:46.115] [Server thread/INFO] [net.minecraft.server.MinecraftServer/]: [lame1202: Teleported lame1202 to 25668.500000, 95.000000, 7043.500000]
[21Nov2025 09:13:50.820] [Server thread/INFO] [net.minecraft.server.MinecraftServer/]: <lame1202> ㅁㅊ
[21Nov2025 09:13:53.089] [Server thread/INFO] [net.minecraft.server.MinecraftServer/]: [lame1202: Teleported lame1202 to 6884.500000, 67.000000, -12524.500000]
[21Nov2025 09:13:58.598] [Server thread/INFO] [net.minecraft.server.MinecraftServer/]: [Pixelmon] Landorus has spawned in a Eroded Badlands biome!
[21Nov2025 09:13:58.602] [Server thread/INFO] [net.minecraft.server.MinecraftServer/]: Spawned Landorus at: Chunks[S] W: 5352 E: 185,185,81,1351,1351,0,0 x:6938, y:74, z:-12509
[21Nov2025 09:14:09.600] [Server thread/INFO] [net.minecraft.server.MinecraftServer/]: <lame1202> 모두 날 응원해줘
[21Nov2025 09:14:13.463] [Server thread/INFO] [net.minecraft.server.MinecraftServer/]: <tydf62> ㅎㅇㅌ
[21Nov2025 09:14:14.712] [Server thread/INFO] [net.minecraft.server.MinecraftServer/]: <lame1202> 악식킹
[21Nov2025 09:14:17.029] [Server thread/INFO] [net.minecraft.server.MinecraftServer/]: <lame1202> 떴는데
[21Nov2025 09:14:19.724] [Server thread/INFO] [net.minecraft.server.MinecraftServer/]: <lame1202> 튕기려나
[21Nov2025 09:14:22.199] [Server thread/INFO] [net.minecraft.server.MinecraftServer/]: <lame1202> 가즈아ㅏ
[21Nov2025 09:14:55.899] [Server thread/INFO] [net.minecraft.server.MinecraftServer/]: [tydf62: Teleported tydf62 to 26395.500000, 75.500000, 3626.500000]
[21Nov2025 09:14:58.047] [Netty Epoll Server IO #0/ERROR] [com.pixelmonmod.pixelmon.Pixelmon/]: Failed to encode packet: com.pixelmonmod.pixelmon.battles.tasks.RaidDropsTask
io.netty.handler.codec.EncoderException: Failed to encode: Value must be within range [1;99]: 0; Item must not be minecraft:air 0 minecraft:air
	at TRANSFORMER/minecraft@1.21.1/net.minecraft.network.FriendlyByteBuf.lambda$writeJsonWithCodec$3(FriendlyByteBuf.java:110) ~[server-1.21.1-20240808.144430-srg.jar%23130!/:?]
	at MC-BOOTSTRAP/datafixerupper@8.0.16/com.mojang.serialization.DataResult$Error.getOrThrow(DataResult.java:287) ~[datafixerupper-8.0.16.jar%23100!/:?]
	at TRANSFORMER/minecraft@1.21.1/net.minecraft.network.FriendlyByteBuf.writeJsonWithCodec(FriendlyByteBuf.java:110) ~[server-1.21.1-20240808.144430-srg.jar%23130!/:?]
	at TRANSFORMER/pixelmon@9.3.9/com.pixelmonmod.pixelmon.battles.tasks.RaidDropsTask.encode(RaidDropsTask.java:109) ~[Pixelmon-1.21.1-9.3.9-universal.jar%23138!/:9.3.9-PIPE28826]
	at TRANSFORMER/pixelmon@9.3.9/com.pixelmonmod.pixelmon.comm.data.PixelmonPacket.encode(PixelmonPacket.java:23) ~[Pixelmon-1.21.1-9.3.9-universal.jar%23138!/:9.3.9-PIPE28826]
	at TRANSFORMER/pixelmon@9.3.9/com.pixelmonmod.pixelmon.comm.PacketRegistry.encode(PacketRegistry.java:702) ~[Pixelmon-1.21.1-9.3.9-universal.jar%23138!/:9.3.9-PIPE28826]
	at TRANSFORMER/minecraft@1.21.1/net.minecraft.network.codec.StreamCodec$1.encode(StreamCodec.java:25) ~[server-1.21.1-20240808.144430-srg.jar%23130!/:?]
	at TRANSFORMER/minecraft@1.21.1/net.minecraft.network.protocol.common.custom.CustomPacketPayload$1.writeCap(CustomPacketPayload.java:40) ~[server-1.21.1-20240808.144430-srg.jar%23130!/:?]
	at TRANSFORMER/minecraft@1.21.1/net.minecraft.network.protocol.common.custom.CustomPacketPayload$1.encode(CustomPacketPayload.java:47) ~[server-1.21.1-20240808.144430-srg.jar%23130!/:?]
	at TRANSFORMER/minecraft@1.21.1/net.minecraft.network.protocol.common.custom.CustomPacketPayload$1.encode(CustomPacketPayload.java:29) ~[server-1.21.1-20240808.144430-srg.jar%23130!/:?]
	at TRANSFORMER/minecraft@1.21.1/net.minecraft.network.codec.StreamCodec$4.encode(StreamCodec.java:81) ~[server-1.21.1-20240808.144430-srg.jar%23130!/:?]
	at TRANSFORMER/minecraft@1.21.1/net.minecraft.network.codec.StreamCodec$5.encode(StreamCodec.java:97) ~[server-1.21.1-20240808.144430-srg.jar%23130!/:?]
	at TRANSFORMER/minecraft@1.21.1/net.minecraft.network.codec.StreamCodec$5.encode(StreamCodec.java:87) ~[server-1.21.1-20240808.144430-srg.jar%23130!/:?]
	at TRANSFORMER/minecraft@1.21.1/net.minecraft.network.codec.IdDispatchCodec.encode(IdDispatchCodec.java:53) ~[server-1.21.1-20240808.144430-srg.jar%23130!/:?]
	at TRANSFORMER/minecraft@1.21.1/net.minecraft.network.codec.IdDispatchCodec.encode(IdDispatchCodec.java:14) ~[server-1.21.1-20240808.144430-srg.jar%23130!/:?]
	at TRANSFORMER/neoforge@21.1.209/net.neoforged.neoforge.network.filters.GenericPacketSplitter.encode(GenericPacketSplitter.java:104) ~[neoforge-21.1.209-universal.jar%23131!/:?]
	at TRANSFORMER/neoforge@21.1.209/net.neoforged.neoforge.network.filters.GenericPacketSplitter.encode(GenericPacketSplitter.java:39) ~[neoforge-21.1.209-universal.jar%23131!/:?]
	at MC-BOOTSTRAP/io.netty.codec@4.1.97.Final/io.netty.handler.codec.MessageToMessageEncoder.write(MessageToMessageEncoder.java:90) ~[netty-codec-4.1.97.Final.jar%23102!/:4.1.97.Final]
	at MC-BOOTSTRAP/io.netty.transport@4.1.97.Final/io.netty.channel.AbstractChannelHandlerContext.invokeWrite0(AbstractChannelHandlerContext.java:881) ~[netty-transport-4.1.97.Final.jar%23106!/:4.1.97.Final]
	at MC-BOOTSTRAP/io.netty.transport@4.1.97.Final/io.netty.channel.AbstractChannelHandlerContext.invokeWrite(AbstractChannelHandlerContext.java:863) ~[netty-transport-4.1.97.Final.jar%23106!/:4.1.97.Final]
	at MC-BOOTSTRAP/io.netty.transport@4.1.97.Final/io.netty.channel.AbstractChannelHandlerContext.write(AbstractChannelHandlerContext.java:968) ~[netty-transport-4.1.97.Final.jar%23106!/:4.1.97.Final]
	at MC-BOOTSTRAP/io.netty.transport@4.1.97.Final/io.netty.channel.AbstractChannelHandlerContext.write(AbstractChannelHandlerContext.java:856) ~[netty-transport-4.1.97.Final.jar%23106!/:4.1.97.Final]
	at MC-BOOTSTRAP/io.netty.codec@4.1.97.Final/io.netty.handler.codec.MessageToMessageEncoder.write(MessageToMessageEncoder.java:113) ~[netty-codec-4.1.97.Final.jar%23102!/:4.1.97.Final]
	at MC-BOOTSTRAP/io.netty.transport@4.1.97.Final/io.netty.channel.AbstractChannelHandlerContext.invokeWrite0(AbstractChannelHandlerContext.java:881) ~[netty-transport-4.1.97.Final.jar%23106!/:4.1.97.Final]
	at MC-BOOTSTRAP/io.netty.transport@4.1.97.Final/io.netty.channel.AbstractChannelHandlerContext.invokeWrite(AbstractChannelHandlerContext.java:863) ~[netty-transport-4.1.97.Final.jar%23106!/:4.1.97.Final]
	at MC-BOOTSTRAP/io.netty.transport@4.1.97.Final/io.netty.channel.AbstractChannelHandlerContext.write(AbstractChannelHandlerContext.java:968) ~[netty-transport-4.1.97.Final.jar%23106!/:4.1.97.Final]
	at MC-BOOTSTRAP/io.netty.transport@4.1.97.Final/io.netty.channel.AbstractChannelHandlerContext.write(AbstractChannelHandlerContext.java:856) ~[netty-transport-4.1.97.Final.jar%23106!/:4.1.97.Final]
	at MC-BOOTSTRAP/io.netty.transport@4.1.97.Final/io.netty.channel.ChannelOutboundHandlerAdapter.write(ChannelOutboundHandlerAdapter.java:113) ~[netty-transport-4.1.97.Final.jar%23106!/:4.1.97.Final]
	at TRANSFORMER/minecraft@1.21.1/net.minecraft.network.Connection$2.write(Connection.java:528) ~[server-1.21.1-20240808.144430-srg.jar%23130!/:?]
	at MC-BOOTSTRAP/io.netty.transport@4.1.97.Final/io.netty.channel.AbstractChannelHandlerContext.invokeWrite0(AbstractChannelHandlerContext.java:881) ~[netty-transport-4.1.97.Final.jar%23106!/:4.1.97.Final]
	at MC-BOOTSTRAP/io.netty.transport@4.1.97.Final/io.netty.channel.AbstractChannelHandlerContext.invokeWriteAndFlush(AbstractChannelHandlerContext.java:940) ~[netty-transport-4.1.97.Final.jar%23106!/:4.1.97.Final]
	at MC-BOOTSTRAP/io.netty.transport@4.1.97.Final/io.netty.channel.AbstractChannelHandlerContext.write(AbstractChannelHandlerContext.java:966) ~[netty-transport-4.1.97.Final.jar%23106!/:4.1.97.Final]
	at MC-BOOTSTRAP/io.netty.transport@4.1.97.Final/io.netty.channel.AbstractChannelHandlerContext.writeAndFlush(AbstractChannelHandlerContext.java:934) ~[netty-transport-4.1.97.Final.jar%23106!/:4.1.97.Final]
	at MC-BOOTSTRAP/io.netty.transport@4.1.97.Final/io.netty.channel.AbstractChannelHandlerContext.writeAndFlush(AbstractChannelHandlerContext.java:984) ~[netty-transport-4.1.97.Final.jar%23106!/:4.1.97.Final]
	at MC-BOOTSTRAP/io.netty.transport@4.1.97.Final/io.netty.channel.DefaultChannelPipeline.writeAndFlush(DefaultChannelPipeline.java:1025) ~[netty-transport-4.1.97.Final.jar%23106!/:4.1.97.Final]
	at MC-BOOTSTRAP/io.netty.transport@4.1.97.Final/io.netty.channel.AbstractChannel.writeAndFlush(AbstractChannel.java:306) ~[netty-transport-4.1.97.Final.jar%23106!/:4.1.97.Final]
	at TRANSFORMER/minecraft@1.21.1/net.minecraft.network.Connection.doSendPacket$mixinextras$wrapped$77(Connection.java:364) ~[server-1.21.1-20240808.144430-srg.jar%23130!/:?]
	at TRANSFORMER/minecraft@1.21.1/net.minecraft.network.Connection.mixinextras$bridge$doSendPacket$mixinextras$wrapped$77$78(Connection.java) ~[server-1.21.1-20240808.144430-srg.jar%23130!/:?]
	at TRANSFORMER/minecraft@1.21.1/net.minecraft.network.Connection.wrapMethod$zcl000$modernfix$checkClientPresence(Connection.java:750) ~[server-1.21.1-20240808.144430-srg.jar%23130!/:?]
	at TRANSFORMER/minecraft@1.21.1/net.minecraft.network.Connection.doSendPacket(Connection.java) ~[server-1.21.1-20240808.144430-srg.jar%23130!/:?]
	at TRANSFORMER/minecraft@1.21.1/net.minecraft.network.Connection.lambda$sendPacket$12(Connection.java:359) ~[server-1.21.1-20240808.144430-srg.jar%23130!/:?]
	at MC-BOOTSTRAP/io.netty.common@4.1.97.Final/io.netty.util.concurrent.AbstractEventExecutor.runTask(AbstractEventExecutor.java:174) ~[netty-common-4.1.97.Final.jar%23103!/:4.1.97.Final]
	at MC-BOOTSTRAP/io.netty.common@4.1.97.Final/io.netty.util.concurrent.AbstractEventExecutor.safeExecute(AbstractEventExecutor.java:167) ~[netty-common-4.1.97.Final.jar%23103!/:4.1.97.Final]
	at MC-BOOTSTRAP/io.netty.common@4.1.97.Final/io.netty.util.concurrent.SingleThreadEventExecutor.runAllTasks(SingleThreadEventExecutor.java:470) ~[netty-common-4.1.97.Final.jar%23103!/:4.1.97.Final]
	at MC-BOOTSTRAP/io.netty.transport.classes.epoll@4.1.97.Final/io.netty.channel.epoll.EpollEventLoop.run(EpollEventLoop.java:416) ~[netty-transport-classes-epoll-4.1.97.Final.jar%23107!/:4.1.97.Final]
	at MC-BOOTSTRAP/io.netty.common@4.1.97.Final/io.netty.util.concurrent.SingleThreadEventExecutor$4.run(SingleThreadEventExecutor.java:997) ~[netty-common-4.1.97.Final.jar%23103!/:4.1.97.Final]
	at MC-BOOTSTRAP/io.netty.common@4.1.97.Final/io.netty.util.internal.ThreadExecutorMap$2.run(ThreadExecutorMap.java:74) ~[netty-common-4.1.97.Final.jar%23103!/:4.1.97.Final]
	at java.base/java.lang.Thread.run(Unknown Source) [?:?]
[21Nov2025 09:14:58.049] [Netty Epoll Server IO #0/ERROR] [net.minecraft.network.Connection/]: Exception caught in connection
io.netty.handler.codec.EncoderException: Failed to encode packet 'clientbound/minecraft:custom_payload'
	at TRANSFORMER/minecraft@1.21.1/net.minecraft.network.codec.IdDispatchCodec.encode(IdDispatchCodec.java:55) ~[server-1.21.1-20240808.144430-srg.jar%23130!/:?]
	at TRANSFORMER/minecraft@1.21.1/net.minecraft.network.codec.IdDispatchCodec.encode(IdDispatchCodec.java:14) ~[server-1.21.1-20240808.144430-srg.jar%23130!/:?]
	at TRANSFORMER/neoforge@21.1.209/net.neoforged.neoforge.network.filters.GenericPacketSplitter.encode(GenericPacketSplitter.java:104) ~[neoforge-21.1.209-universal.jar%23131!/:?]
	at TRANSFORMER/neoforge@21.1.209/net.neoforged.neoforge.network.filters.GenericPacketSplitter.encode(GenericPacketSplitter.java:39) ~[neoforge-21.1.209-universal.jar%23131!/:?]
	at MC-BOOTSTRAP/io.netty.codec@4.1.97.Final/io.netty.handler.codec.MessageToMessageEncoder.write(MessageToMessageEncoder.java:90) ~[netty-codec-4.1.97.Final.jar%23102!/:4.1.97.Final]
	at MC-BOOTSTRAP/io.netty.transport@4.1.97.Final/io.netty.channel.AbstractChannelHandlerContext.invokeWrite0(AbstractChannelHandlerContext.java:881) ~[netty-transport-4.1.97.Final.jar%23106!/:4.1.97.Final]
	at MC-BOOTSTRAP/io.netty.transport@4.1.97.Final/io.netty.channel.AbstractChannelHandlerContext.invokeWrite(AbstractChannelHandlerContext.java:863) ~[netty-transport-4.1.97.Final.jar%23106!/:4.1.97.Final]
	at MC-BOOTSTRAP/io.netty.transport@4.1.97.Final/io.netty.channel.AbstractChannelHandlerContext.write(AbstractChannelHandlerContext.java:968) ~[netty-transport-4.1.97.Final.jar%23106!/:4.1.97.Final]
	at MC-BOOTSTRAP/io.netty.transport@4.1.97.Final/io.netty.channel.AbstractChannelHandlerContext.write(AbstractChannelHandlerContext.java:856) ~[netty-transport-4.1.97.Final.jar%23106!/:4.1.97.Final]
	at MC-BOOTSTRAP/io.netty.codec@4.1.97.Final/io.netty.handler.codec.MessageToMessageEncoder.write(MessageToMessageEncoder.java:113) ~[netty-codec-4.1.97.Final.jar%23102!/:4.1.97.Final]
	at MC-BOOTSTRAP/io.netty.transport@4.1.97.Final/io.netty.channel.AbstractChannelHandlerContext.invokeWrite0(AbstractChannelHandlerContext.java:881) ~[netty-transport-4.1.97.Final.jar%23106!/:4.1.97.Final]
	at MC-BOOTSTRAP/io.netty.transport@4.1.97.Final/io.netty.channel.AbstractChannelHandlerContext.invokeWrite(AbstractChannelHandlerContext.java:863) ~[netty-transport-4.1.97.Final.jar%23106!/:4.1.97.Final]
	at MC-BOOTSTRAP/io.netty.transport@4.1.97.Final/io.netty.channel.AbstractChannelHandlerContext.write(AbstractChannelHandlerContext.java:968) ~[netty-transport-4.1.97.Final.jar%23106!/:4.1.97.Final]
	at MC-BOOTSTRAP/io.netty.transport@4.1.97.Final/io.netty.channel.AbstractChannelHandlerContext.write(AbstractChannelHandlerContext.java:856) ~[netty-transport-4.1.97.Final.jar%23106!/:4.1.97.Final]
	at MC-BOOTSTRAP/io.netty.transport@4.1.97.Final/io.netty.channel.ChannelOutboundHandlerAdapter.write(ChannelOutboundHandlerAdapter.java:113) ~[netty-transport-4.1.97.Final.jar%23106!/:4.1.97.Final]
	at TRANSFORMER/minecraft@1.21.1/net.minecraft.network.Connection$2.write(Connection.java:528) ~[server-1.21.1-20240808.144430-srg.jar%23130!/:?]
	at MC-BOOTSTRAP/io.netty.transport@4.1.97.Final/io.netty.channel.AbstractChannelHandlerContext.invokeWrite0(AbstractChannelHandlerContext.java:881) ~[netty-transport-4.1.97.Final.jar%23106!/:4.1.97.Final]
	at MC-BOOTSTRAP/io.netty.transport@4.1.97.Final/io.netty.channel.AbstractChannelHandlerContext.invokeWriteAndFlush(AbstractChannelHandlerContext.java:940) ~[netty-transport-4.1.97.Final.jar%23106!/:4.1.97.Final]
	at MC-BOOTSTRAP/io.netty.transport@4.1.97.Final/io.netty.channel.AbstractChannelHandlerContext.write(AbstractChannelHandlerContext.java:966) ~[netty-transport-4.1.97.Final.jar%23106!/:4.1.97.Final]
	at MC-BOOTSTRAP/io.netty.transport@4.1.97.Final/io.netty.channel.AbstractChannelHandlerContext.writeAndFlush(AbstractChannelHandlerContext.java:934) ~[netty-transport-4.1.97.Final.jar%23106!/:4.1.97.Final]
	at MC-BOOTSTRAP/io.netty.transport@4.1.97.Final/io.netty.channel.AbstractChannelHandlerContext.writeAndFlush(AbstractChannelHandlerContext.java:984) ~[netty-transport-4.1.97.Final.jar%23106!/:4.1.97.Final]
	at MC-BOOTSTRAP/io.netty.transport@4.1.97.Final/io.netty.channel.DefaultChannelPipeline.writeAndFlush(DefaultChannelPipeline.java:1025) ~[netty-transport-4.1.97.Final.jar%23106!/:4.1.97.Final]
	at MC-BOOTSTRAP/io.netty.transport@4.1.97.Final/io.netty.channel.AbstractChannel.writeAndFlush(AbstractChannel.java:306) ~[netty-transport-4.1.97.Final.jar%23106!/:4.1.97.Final]
	at TRANSFORMER/minecraft@1.21.1/net.minecraft.network.Connection.doSendPacket$mixinextras$wrapped$77(Connection.java:364) ~[server-1.21.1-20240808.144430-srg.jar%23130!/:?]
	at TRANSFORMER/minecraft@1.21.1/net.minecraft.network.Connection.mixinextras$bridge$doSendPacket$mixinextras$wrapped$77$78(Connection.java) ~[server-1.21.1-20240808.144430-srg.jar%23130!/:?]
	at TRANSFORMER/minecraft@1.21.1/net.minecraft.network.Connection.wrapMethod$zcl000$modernfix$checkClientPresence(Connection.java:750) ~[server-1.21.1-20240808.144430-srg.jar%23130!/:?]
	at TRANSFORMER/minecraft@1.21.1/net.minecraft.network.Connection.doSendPacket(Connection.java) ~[server-1.21.1-20240808.144430-srg.jar%23130!/:?]
	at TRANSFORMER/minecraft@1.21.1/net.minecraft.network.Connection.lambda$sendPacket$12(Connection.java:359) ~[server-1.21.1-20240808.144430-srg.jar%23130!/:?]
	at MC-BOOTSTRAP/io.netty.common@4.1.97.Final/io.netty.util.concurrent.AbstractEventExecutor.runTask(AbstractEventExecutor.java:174) ~[netty-common-4.1.97.Final.jar%23103!/:4.1.97.Final]
	at MC-BOOTSTRAP/io.netty.common@4.1.97.Final/io.netty.util.concurrent.AbstractEventExecutor.safeExecute(AbstractEventExecutor.java:167) ~[netty-common-4.1.97.Final.jar%23103!/:4.1.97.Final]
	at MC-BOOTSTRAP/io.netty.common@4.1.97.Final/io.netty.util.concurrent.SingleThreadEventExecutor.runAllTasks(SingleThreadEventExecutor.java:470) ~[netty-common-4.1.97.Final.jar%23103!/:4.1.97.Final]
	at MC-BOOTSTRAP/io.netty.transport.classes.epoll@4.1.97.Final/io.netty.channel.epoll.EpollEventLoop.run(EpollEventLoop.java:416) ~[netty-transport-classes-epoll-4.1.97.Final.jar%23107!/:4.1.97.Final]
	at MC-BOOTSTRAP/io.netty.common@4.1.97.Final/io.netty.util.concurrent.SingleThreadEventExecutor$4.run(SingleThreadEventExecutor.java:997) ~[netty-common-4.1.97.Final.jar%23103!/:4.1.97.Final]
	at MC-BOOTSTRAP/io.netty.common@4.1.97.Final/io.netty.util.internal.ThreadExecutorMap$2.run(ThreadExecutorMap.java:74) ~[netty-common-4.1.97.Final.jar%23103!/:4.1.97.Final]
	at java.base/java.lang.Thread.run(Unknown Source) [?:?]
Caused by: java.lang.RuntimeException: Failed encoding custom payload pixelmon:raiddropstask: java.lang.RuntimeException: Failed to encode packet: com.pixelmonmod.pixelmon.battles.tasks.RaidDropsTask
	at TRANSFORMER/minecraft@1.21.1/net.minecraft.network.protocol.common.custom.CustomPacketPayload$1.writeCap(CustomPacketPayload.java:42) ~[server-1.21.1-20240808.144430-srg.jar%23130!/:?]
	at TRANSFORMER/minecraft@1.21.1/net.minecraft.network.protocol.common.custom.CustomPacketPayload$1.encode(CustomPacketPayload.java:47) ~[server-1.21.1-20240808.144430-srg.jar%23130!/:?]
	at TRANSFORMER/minecraft@1.21.1/net.minecraft.network.protocol.common.custom.CustomPacketPayload$1.encode(CustomPacketPayload.java:29) ~[server-1.21.1-20240808.144430-srg.jar%23130!/:?]
	at TRANSFORMER/minecraft@1.21.1/net.minecraft.network.codec.StreamCodec$4.encode(StreamCodec.java:81) ~[server-1.21.1-20240808.144430-srg.jar%23130!/:?]
	at TRANSFORMER/minecraft@1.21.1/net.minecraft.network.codec.StreamCodec$5.encode(StreamCodec.java:97) ~[server-1.21.1-20240808.144430-srg.jar%23130!/:?]
	at TRANSFORMER/minecraft@1.21.1/net.minecraft.network.codec.StreamCodec$5.encode(StreamCodec.java:87) ~[server-1.21.1-20240808.144430-srg.jar%23130!/:?]
	at TRANSFORMER/minecraft@1.21.1/net.minecraft.network.codec.IdDispatchCodec.encode(IdDispatchCodec.java:53) ~[server-1.21.1-20240808.144430-srg.jar%23130!/:?]
	... 34 more
Caused by: java.lang.RuntimeException: Failed to encode packet: com.pixelmonmod.pixelmon.battles.tasks.RaidDropsTask
	at TRANSFORMER/pixelmon@9.3.9/com.pixelmonmod.pixelmon.comm.PacketRegistry.encode(PacketRegistry.java:705) ~[Pixelmon-1.21.1-9.3.9-universal.jar%23138!/:9.3.9-PIPE28826]
	at TRANSFORMER/minecraft@1.21.1/net.minecraft.network.codec.StreamCodec$1.encode(StreamCodec.java:25) ~[server-1.21.1-20240808.144430-srg.jar%23130!/:?]
	at TRANSFORMER/minecraft@1.21.1/net.minecraft.network.protocol.common.custom.CustomPacketPayload$1.writeCap(CustomPacketPayload.java:40) ~[server-1.21.1-20240808.144430-srg.jar%23130!/:?]
	at TRANSFORMER/minecraft@1.21.1/net.minecraft.network.protocol.common.custom.CustomPacketPayload$1.encode(CustomPacketPayload.java:47) ~[server-1.21.1-20240808.144430-srg.jar%23130!/:?]
	at TRANSFORMER/minecraft@1.21.1/net.minecraft.network.protocol.common.custom.CustomPacketPayload$1.encode(CustomPacketPayload.java:29) ~[server-1.21.1-20240808.144430-srg.jar%23130!/:?]
	at TRANSFORMER/minecraft@1.21.1/net.minecraft.network.codec.StreamCodec$4.encode(StreamCodec.java:81) ~[server-1.21.1-20240808.144430-srg.jar%23130!/:?]
	at TRANSFORMER/minecraft@1.21.1/net.minecraft.network.codec.StreamCodec$5.encode(StreamCodec.java:97) ~[server-1.21.1-20240808.144430-srg.jar%23130!/:?]
	at TRANSFORMER/minecraft@1.21.1/net.minecraft.network.codec.StreamCodec$5.encode(StreamCodec.java:87) ~[server-1.21.1-20240808.144430-srg.jar%23130!/:?]
	at TRANSFORMER/minecraft@1.21.1/net.minecraft.network.codec.IdDispatchCodec.encode(IdDispatchCodec.java:53) ~[server-1.21.1-20240808.144430-srg.jar%23130!/:?]
	... 34 more
Caused by: io.netty.handler.codec.EncoderException: Failed to encode: Value must be within range [1;99]: 0; Item must not be minecraft:air 0 minecraft:air
	at TRANSFORMER/minecraft@1.21.1/net.minecraft.network.FriendlyByteBuf.lambda$writeJsonWithCodec$3(FriendlyByteBuf.java:110) ~[server-1.21.1-20240808.144430-srg.jar%23130!/:?]
	at MC-BOOTSTRAP/datafixerupper@8.0.16/com.mojang.serialization.DataResult$Error.getOrThrow(DataResult.java:287) ~[datafixerupper-8.0.16.jar%23100!/:?]
	at TRANSFORMER/minecraft@1.21.1/net.minecraft.network.FriendlyByteBuf.writeJsonWithCodec(FriendlyByteBuf.java:110) ~[server-1.21.1-20240808.144430-srg.jar%23130!/:?]
	at TRANSFORMER/pixelmon@9.3.9/com.pixelmonmod.pixelmon.battles.tasks.RaidDropsTask.encode(RaidDropsTask.java:109) ~[Pixelmon-1.21.1-9.3.9-universal.jar%23138!/:9.3.9-PIPE28826]
	at TRANSFORMER/pixelmon@9.3.9/com.pixelmonmod.pixelmon.comm.data.PixelmonPacket.encode(PixelmonPacket.java:23) ~[Pixelmon-1.21.1-9.3.9-universal.jar%23138!/:9.3.9-PIPE28826]
	at TRANSFORMER/pixelmon@9.3.9/com.pixelmonmod.pixelmon.comm.PacketRegistry.encode(PacketRegistry.java:702) ~[Pixelmon-1.21.1-9.3.9-universal.jar%23138!/:9.3.9-PIPE28826]
	at TRANSFORMER/minecraft@1.21.1/net.minecraft.network.codec.StreamCodec$1.encode(StreamCodec.java:25) ~[server-1.21.1-20240808.144430-srg.jar%23130!/:?]
	at TRANSFORMER/minecraft@1.21.1/net.minecraft.network.protocol.common.custom.CustomPacketPayload$1.writeCap(CustomPacketPayload.java:40) ~[server-1.21.1-20240808.144430-srg.jar%23130!/:?]
	at TRANSFORMER/minecraft@1.21.1/net.minecraft.network.protocol.common.custom.CustomPacketPayload$1.encode(CustomPacketPayload.java:47) ~[server-1.21.1-20240808.144430-srg.jar%23130!/:?]
	at TRANSFORMER/minecraft@1.21.1/net.minecraft.network.protocol.common.custom.CustomPacketPayload$1.encode(CustomPacketPayload.java:29) ~[server-1.21.1-20240808.144430-srg.jar%23130!/:?]
	at TRANSFORMER/minecraft@1.21.1/net.minecraft.network.codec.StreamCodec$4.encode(StreamCodec.java:81) ~[server-1.21.1-20240808.144430-srg.jar%23130!/:?]
	at TRANSFORMER/minecraft@1.21.1/net.minecraft.network.codec.StreamCodec$5.encode(StreamCodec.java:97) ~[server-1.21.1-20240808.144430-srg.jar%23130!/:?]
	at TRANSFORMER/minecraft@1.21.1/net.minecraft.network.codec.StreamCodec$5.encode(StreamCodec.java:87) ~[server-1.21.1-20240808.144430-srg.jar%23130!/:?]
	at TRANSFORMER/minecraft@1.21.1/net.minecraft.network.codec.IdDispatchCodec.encode(IdDispatchCodec.java:53) ~[server-1.21.1-20240808.144430-srg.jar%23130!/:?]
	... 34 more
[21Nov2025 09:14:58.095] [Server thread/INFO] [net.minecraft.server.network.ServerGamePacketListenerImpl/]: lame1202 lost connection: Internal Exception: io.netty.handler.codec.EncoderException: Failed to encode packet 'clientbound/minecraft:custom_payload'
[21Nov2025 09:14:58.096] [Server thread/INFO] [net.minecraft.server.MinecraftServer/]: lame1202 left the game
[21Nov2025 09:14:58.097] [Server thread/INFO] [voicechat/]: [voicechat] Disconnecting client lame1202
[21Nov2025 09:15:03.448] [Server thread/INFO] [net.minecraft.server.MinecraftServer/]: <tydf62> ㅋㅋㅋㅋㅋㅋㅋㅋㅋㅋㅋㅋㅋㅋㅋㅋ
[21Nov2025 09:15:04.647] [Server thread/INFO] [net.minecraft.server.MinecraftServer/]: <Dulmin> 가셨어
[21Nov2025 09:15:06.359] [User Authenticator #73/INFO] [net.minecraft.server.network.ServerLoginPacketListenerImpl/]: UUID of player lame1202 is cf928e1e-2069-4923-bfa2-89a09778628b
[21Nov2025 09:15:08.011] [Server thread/INFO] [net.minecraft.server.MinecraftServer/]: [tydf62: Teleported tydf62 to 34829.500000, 117.500000, 5220.500000]
[21Nov2025 09:15:14.267] [Server thread/INFO] [net.minecraft.server.MinecraftServer/]: [tydf62: Teleported tydf62 to 34995.500000, 88.500000, 6149.500000]
[21Nov2025 09:15:14.718] [Server thread/INFO] [net.minecraft.server.players.PlayerList/]: lame1202[/172.19.0.1:60556] logged in with entity id 138011 at (6885.553586101523, 67.5, -12524.530446693316)
[21Nov2025 09:15:14.724] [Server thread/INFO] [net.minecraft.server.MinecraftServer/]: lame1202 joined the game
[21Nov2025 09:15:31.751] [Server thread/WARN] [net.minecraft.server.MinecraftServer/]: Can't keep up! Is the server overloaded? Running 17067ms or 341 ticks behind
[21Nov2025 09:15:31.831] [Server thread/INFO] [com.b1n_ry.yigd.Yigd/]: Priority overwritten for player lame1202. Claiming: GRAVE / Robbing: INVENTORY
[21Nov2025 09:15:31.861] [Server thread/INFO] [voicechat/]: [voicechat] Received secret request of lame1202 (20)
[21Nov2025 09:15:31.862] [Server thread/INFO] [voicechat/]: [voicechat] Sent secret to lame1202
[21Nov2025 09:15:31.862] [Server thread/INFO] [net.minecraft.server.MinecraftServer/]: <Dulmin> 상여 나 가죽좀
[21Nov2025 09:15:32.600] [Server thread/INFO] [net.minecraft.server.MinecraftServer/]: <lame1202> 쓰발
[21Nov2025 09:15:39.071] [Server thread/INFO] [net.minecraft.server.MinecraftServer/]: [lame1202: Teleported lame1202 to Dulmin]
[21Nov2025 09:15:46.999] [Server thread/INFO] [net.minecraft.server.MinecraftServer/]: <Dulmin> 10개
[21Nov2025 09:16:06.976] [Server thread/INFO] [net.minecraft.server.MinecraftServer/]: <Dulmin> 상엽아
[21Nov2025 09:16:09.522] [Server thread/INFO] [net.minecraft.server.MinecraftServer/]: <Dulmin> 골드 블록있냐
[21Nov2025 09:16:14.551] [Server thread/INFO] [net.minecraft.server.MinecraftServer/]: <lame1202> 금블럭/
[21Nov2025 09:16:17.442] [Server thread/INFO] [net.minecraft.server.MinecraftServer/]: <Dulmin> dd
[21Nov2025 09:16:26.629] [Server thread/INFO] [net.minecraft.server.MinecraftServer/]: <tydf62> 집에서 캐 그냥
[21Nov2025 09:16:34.511] [Server thread/INFO] [net.minecraft.server.MinecraftServer/]: <tydf62> 누가 거기 박아놨더만
[21Nov2025 09:16:35.930] [Server thread/INFO] [net.minecraft.server.MinecraftServer/]: <lame1202> 몇개
[21Nov2025 09:16:40.022] [Server thread/INFO] [net.minecraft.server.MinecraftServer/]: <lame1202> 엄 ㅋㅋㅋ
[21Nov2025 09:16:55.419] [Server thread/INFO] [net.minecraft.server.MinecraftServer/]: [Dulmin: Teleported Dulmin to lame1202]
[21Nov2025 09:16:55.628] [Server thread/INFO] [net.minecraft.server.MinecraftServer/]: Dulmin fell from a high place
[21Nov2025 09:16:56.394] [Server thread/INFO] [net.minecraft.server.MinecraftServer/]: [tydf62: Teleported tydf62 to 25669.500000, 95.500000, 7045.500000]
[21Nov2025 09:16:56.837] [Server thread/WARN] [net.minecraft.server.network.ServerGamePacketListenerImpl/]: Dulmin moved too quickly! -13.636389058289296,1.0,-14.437115337313571
[21Nov2025 09:16:58.651] [Server thread/INFO] [net.minecraft.server.MinecraftServer/]: <lame1202> ?
[21Nov2025 09:16:59.187] [Server thread/INFO] [net.minecraft.server.MinecraftServer/]: [@: Applied effect Night Vision to 3 targets]
[21Nov2025 09:17:01.882] [Server thread/INFO] [net.minecraft.server.MinecraftServer/]: [@: Applied effect Saturation to 3 targets]
[21Nov2025 09:17:02.410] [Server thread/INFO] [com.b1n_ry.yigd.Yigd/]: Dulmin claimed a grave belonging to Dulmin at 3821, 100, -2639, minecraft:overworld
[21Nov2025 09:17:05.360] [Server thread/INFO] [net.minecraft.server.MinecraftServer/]: [tydf62: Teleported tydf62 to 9478.500000, 72.500000, -8323.500000]
[21Nov2025 09:17:07.321] [Server thread/INFO] [net.minecraft.server.MinecraftServer/]: <Dulmin> 나 공허 낙하했음
[21Nov2025 09:17:09.108] [Server thread/INFO] [net.minecraft.server.MinecraftServer/]: [tydf62: Teleported tydf62 to 11126.500000, 68.500000, -10787.500000]
[21Nov2025 09:17:14.854] [Server thread/INFO] [net.minecraft.server.MinecraftServer/]: [tydf62: Teleported tydf62 to 6995.500000, 63.500000, -11593.500000]
[21Nov2025 09:17:20.099] [Server thread/INFO] [net.minecraft.server.MinecraftServer/]: [tydf62: Teleported tydf62 to 10333.500000, 101.500000, -22851.500000]
[21Nov2025 09:17:24.372] [Server thread/INFO] [net.minecraft.server.MinecraftServer/]: [Dulmin: Teleported Dulmin to lame1202]
[21Nov2025 09:17:28.990] [Server thread/INFO] [net.minecraft.server.MinecraftServer/]: [tydf62: Teleported tydf62 to -26162.500000, 97.500000, -5659.500000]
[21Nov2025 09:17:38.807] [Server thread/INFO] [net.minecraft.server.MinecraftServer/]: <lame1202> 소원의 덩어리 얻었다
[21Nov2025 09:17:42.537] [Server thread/INFO] [net.minecraft.server.MinecraftServer/]: <Dulmin> 상엽아
[21Nov2025 09:17:43.894] [Server thread/INFO] [net.minecraft.server.MinecraftServer/]: [lame1202: Teleported lame1202 to -6667.500000, 88.000000, -32083.500000]
[21Nov2025 09:17:44.662] [Server thread/INFO] [net.minecraft.server.MinecraftServer/]: <Dulmin> 집에 있어
[21Nov2025 09:17:45.894] [Server thread/ERROR] [com.pixelmonmod.pixelmon.Pixelmon/]: Invalid NPC preset provided: `pixelmon:trainers/femalescientist`
[21Nov2025 09:17:47.420] [Server thread/INFO] [net.minecraft.server.MinecraftServer/]: <Dulmin> ㅏㅁ시만
[21Nov2025 09:17:49.752] [Server thread/INFO] [net.minecraft.server.MinecraftServer/]: [lame1202: Teleported lame1202 to 13709.500000, 70.000000, -10779.500000]
[21Nov2025 09:17:53.989] [Server thread/INFO] [net.minecraft.server.MinecraftServer/]: [lame1202: Teleported lame1202 to -26162.500000, 97.000000, -5659.500000]
[21Nov2025 09:17:58.327] [Server thread/INFO] [net.minecraft.server.MinecraftServer/]: [lame1202: Teleported lame1202 to -26923.500000, 70.000000, 18043.500000]
[21Nov2025 09:18:03.467] [Server thread/INFO] [net.minecraft.server.MinecraftServer/]: [lame1202: Teleported lame1202 to 6884.500000, 67.000000, -12524.500000]
[21Nov2025 09:18:06.587] [Server thread/INFO] [net.minecraft.server.MinecraftServer/]: [lame1202: Teleported lame1202 to 25668.500000, 95.000000, 7043.500000]
[21Nov2025 09:18:08.074] [Server thread/INFO] [net.minecraft.server.MinecraftServer/]: [Dulmin: Teleported Dulmin to lame1202]
[21Nov2025 09:18:08.203] [Server thread/INFO] [net.minecraft.server.MinecraftServer/]: Dulmin fell from a high place
[21Nov2025 09:18:10.848] [Server thread/INFO] [net.minecraft.server.MinecraftServer/]: <lame1202> ?
[21Nov2025 09:18:12.330] [Server thread/INFO] [net.minecraft.server.MinecraftServer/]: [@: Applied effect Night Vision to 3 targets]
[21Nov2025 09:18:14.580] [Server thread/INFO] [net.minecraft.server.MinecraftServer/]: [@: Applied effect Saturation to 3 targets]
[21Nov2025 09:18:18.289] [Server thread/INFO] [net.minecraft.server.MinecraftServer/]: [Dulmin: Teleported Dulmin to lame1202]
[21Nov2025 09:18:20.312] [Server thread/INFO] [com.b1n_ry.yigd.Yigd/]: Dulmin claimed a grave belonging to Dulmin at 25668, 95, 7043, minecraft:overworld
[21Nov2025 09:18:29.207] [Server thread/INFO] [net.minecraft.server.MinecraftServer/]: <lame1202> 꽝이네
[21Nov2025 09:18:36.222] [Server thread/INFO] [net.minecraft.server.MinecraftServer/]: [Dulmin: Teleported Dulmin to 3813.500000, 100.500000, -2647.500000]
[21Nov2025 09:18:48.843] [Server thread/INFO] [net.minecraft.server.MinecraftServer/]: [lame1202: Teleported lame1202 to -38876.500000, 74.000000, 2588.500000]
[21Nov2025 09:18:52.659] [Server thread/INFO] [net.minecraft.server.MinecraftServer/]: [lame1202: Teleported lame1202 to 403676.500000, 80.000000, 7732.500000]
[21Nov2025 09:18:57.099] [Server thread/INFO] [net.minecraft.server.MinecraftServer/]: [lame1202: Teleported lame1202 to -6667.500000, 88.000000, -32083.500000]
[21Nov2025 09:19:03.102] [Server thread/INFO] [net.minecraft.server.MinecraftServer/]: [lame1202: Teleported lame1202 to -2363.500000, 86.000000, 132.500000]
[21Nov2025 09:19:06.204] [Server thread/INFO] [net.minecraft.server.MinecraftServer/]: [lame1202: Teleported lame1202 to 2748.500000, 74.000000, -1507.500000]
[21Nov2025 09:19:07.513] [Server thread/WARN] [net.minecraft.server.network.ServerGamePacketListenerImpl/]: Rejecting UseItemOnPacket from Dulmin: Location (3816.0, 101.50684642791748, -2655.4058074355125) too far away from hit block BlockPos{x=3816, y=100, z=-2656}.
[21Nov2025 09:19:08.965] [Server thread/INFO] [net.minecraft.server.MinecraftServer/]: [lame1202: Teleported lame1202 to 2764.500000, 70.000000, -4019.500000]
[21Nov2025 09:19:16.724] [Server thread/INFO] [net.minecraft.server.MinecraftServer/]: [lame1202: Teleported lame1202 to -21026.500000, 105.000000, 23907.500000]
[21Nov2025 09:19:24.414] [Server thread/INFO] [net.minecraft.server.MinecraftServer/]: [lame1202: Teleported lame1202 to -2123.500000, 64.000000, 9822.500000]
[21Nov2025 09:19:28.455] [Server thread/INFO] [net.minecraft.server.MinecraftServer/]: <Dulmin> 애들아 양털있냐
[21Nov2025 09:19:29.506] [Server thread/INFO] [net.minecraft.server.MinecraftServer/]: [lame1202: Teleported lame1202 to -2123.500000, 64.000000, 9822.500000]
[21Nov2025 09:19:31.216] [Server thread/INFO] [net.minecraft.server.MinecraftServer/]: <Dulmin> 하양색 양털
[21Nov2025 09:19:36.298] [Server thread/INFO] [net.minecraft.server.MinecraftServer/]: [lame1202: Teleported lame1202 to -2123.000000, 77.000000, 9821.000000]
[21Nov2025 09:19:44.609] [Server thread/INFO] [net.minecraft.server.MinecraftServer/]: <lame1202> 집쪽에
[21Nov2025 09:19:46.314] [Server thread/INFO] [net.minecraft.server.MinecraftServer/]: <tydf62> 그건 없
[21Nov2025 09:19:49.887] [Server thread/INFO] [net.minecraft.server.MinecraftServer/]: <lame1202> 양 ㄸ잡아
[21Nov2025 09:20:02.984] [Server thread/INFO] [net.minecraft.server.MinecraftServer/]: <Dulmin> 이거 알
[21Nov2025 09:20:04.661] [Server thread/INFO] [net.minecraft.server.MinecraftServer/]: <tydf62> 양 딸잡아?
[21Nov2025 09:20:05.259] [Server thread/INFO] [net.minecraft.server.MinecraftServer/]: <Dulmin> 어켛는거임
[21Nov2025 09:20:05.835] [Server thread/INFO] [net.minecraft.server.MinecraftServer/]: [lame1202: Teleported lame1202 to -2123.500000, 64.000000, 9822.500000]
[21Nov2025 09:20:05.869] [Server thread/WARN] [net.minecraft.server.network.ServerGamePacketListenerImpl/]: lame1202 moved too quickly! 10.901907965012015,-9.0,17.794355687206917
[21Nov2025 09:20:10.584] [Server thread/INFO] [net.minecraft.server.MinecraftServer/]: <Dulmin> 다 ㅜ니까
[21Nov2025 09:20:13.790] [Server thread/INFO] [net.minecraft.server.MinecraftServer/]: <Dulmin> 3시 이러는데
[21Nov2025 09:20:29.808] [Server thread/INFO] [net.minecraft.server.MinecraftServer/]: <lame1202> 그거 3시간 기다려야함
[21Nov2025 09:20:32.897] [Server thread/INFO] [net.minecraft.server.MinecraftServer/]: <Dulmin> 현실 시간으로 3시간 기다려야해?
[21Nov2025 09:20:35.682] [Server thread/INFO] [net.minecraft.server.MinecraftServer/]: <lame1202> ㅇㅇ
[21Nov2025 09:20:40.962] [Server thread/INFO] [net.minecraft.server.MinecraftServer/]: <lame1202> 그러면 알주는데
[21Nov2025 09:20:41.530] [Server thread/ERROR] [com.pixelmonmod.pixelmon.Pixelmon/]: Invalid NPC preset provided: `pixelmon:trainers/maleplasmagrunt`
[21Nov2025 09:20:49.312] [Server thread/INFO] [net.minecraft.server.MinecraftServer/]: <tydf62> ㄹ빨강조각 있는사람
[21Nov2025 09:20:53.230] [Server thread/INFO] [net.minecraft.server.MinecraftServer/]: [Pixelmon] Groudon has spawned in a Desert biome!
[21Nov2025 09:20:53.231] [Server thread/INFO] [net.minecraft.server.MinecraftServer/]: Spawned Groudon at: Chunks[S] W: 7468 E: 172,172,117,1924,1924,0,0 x:-26213, y:74, z:-5733
[21Nov2025 09:20:56.086] [Server thread/INFO] [net.minecraft.server.MinecraftServer/]: <lame1202> 그거 알 먹고 한 2000좌표정도
[21Nov2025 09:20:59.729] [Server thread/INFO] [net.minecraft.server.MinecraftServer/]: <lame1202> 날아다니다 보면
[21Nov2025 09:21:03.057] [Server thread/INFO] [net.minecraft.server.MinecraftServer/]: <lame1202> 알부호함
[21Nov2025 09:21:03.533] [Server thread/INFO] [net.minecraft.server.MinecraftServer/]: <Dulmin> `홍수몬 있는사람
[21Nov2025 09:21:14.585] [Server thread/INFO] [net.minecraft.server.MinecraftServer/]: <lame1202> 난 없어
[21Nov2025 09:21:21.345] [Server thread/INFO] [net.minecraft.server.MinecraftServer/]: <tydf62> 상엽 나한테 티피
[21Nov2025 09:21:21.357] [Server thread/INFO] [net.minecraft.server.MinecraftServer/]: [lame1202: Teleported lame1202 to -2123.500000, 64.000000, 9822.500000]
[21Nov2025 09:21:26.109] [Server thread/INFO] [net.minecraft.server.MinecraftServer/]: [lame1202: Teleported lame1202 to -2127.000000, 67.000000, 9822.000000]
[21Nov2025 09:21:27.485] [Server thread/INFO] [net.minecraft.server.MinecraftServer/]: [Dulmin: Teleported Dulmin to -14097.500000, 130.500000, 28941.500000]
[21Nov2025 09:21:28.242] [Server thread/INFO] [net.minecraft.server.MinecraftServer/]: <tydf62> 그란돈 떴음
[21Nov2025 09:21:31.442] [Server thread/INFO] [net.minecraft.server.MinecraftServer/]: <lame1202> 나 그란돈 있어
[21Nov2025 09:21:37.154] [Server thread/INFO] [net.minecraft.server.MinecraftServer/]: <tydf62> 아 오키
[21Nov2025 09:21:38.479] [Server thread/ERROR] [com.pixelmonmod.pixelmon.Pixelmon/]: Invalid NPC preset provided: `pixelmon:trainers/femalescientist`
[21Nov2025 09:21:41.787] [Server thread/INFO] [net.minecraft.server.MinecraftServer/]: [lame1202: Teleported lame1202 to -2123.500000, 67.000000, 9822.500000]
[21Nov2025 09:21:49.959] [Server thread/INFO] [net.minecraft.server.MinecraftServer/]: <Dulmin> 야 그
[21Nov2025 09:21:56.814] [Server thread/INFO] [net.minecraft.server.MinecraftServer/]: <Dulmin> 벌집 같이 생긴애 있는사람
[21Nov2025 09:21:59.054] [Server thread/INFO] [net.minecraft.server.MinecraftServer/]: <Dulmin> 아니면 퀸비
[21Nov2025 09:22:01.649] [Server thread/INFO] [net.minecraft.server.commands.LocateCommand/]: Locating element pixelmon:den/badlands took 1270 ms
[21Nov2025 09:22:07.959] [Server thread/INFO] [net.minecraft.server.MinecraftServer/]: [lame1202: Teleported lame1202 to -2399.500000, 65.000000, 15472.500000]
[21Nov2025 09:22:07.972] [Server thread/WARN] [net.minecraft.server.network.ServerGamePacketListenerImpl/]: Dulmin moved too quickly! -9.645761162151757,0.0,2.956018960896472
[21Nov2025 09:22:08.443] [Server thread/WARN] [net.minecraft.server.network.ServerGamePacketListenerImpl/]: lame1202 moved wrongly!
[21Nov2025 09:22:15.046] [Server thread/INFO] [net.minecraft.server.MinecraftServer/]: [lame1202: Teleported lame1202 to -2401.000000, 66.000000, 15471.000000]
[21Nov2025 09:22:27.729] [Server thread/INFO] [net.minecraft.server.MinecraftServer/]: [lame1202: Teleported lame1202 to -2401.000000, 71.000000, 15471.000000]
[21Nov2025 09:22:28.629] [Server thread/INFO] [net.minecraft.server.MinecraftServer/]: [lame1202: Teleported lame1202 to -2401.000000, 76.000000, 15471.000000]
[21Nov2025 09:22:29.302] [Server thread/INFO] [net.minecraft.server.MinecraftServer/]: [lame1202: Teleported lame1202 to -2401.000000, 81.000000, 15471.000000]
[21Nov2025 09:22:29.996] [Server thread/INFO] [net.minecraft.server.MinecraftServer/]: [lame1202: Teleported lame1202 to -2401.000000, 86.000000, 15471.000000]
[21Nov2025 09:22:30.765] [Server thread/INFO] [net.minecraft.server.MinecraftServer/]: [lame1202: Teleported lame1202 to -2401.000000, 91.000000, 15471.000000]
[21Nov2025 09:22:31.576] [Server thread/INFO] [net.minecraft.server.MinecraftServer/]: [lame1202: Teleported lame1202 to -2401.000000, 95.500000, 15471.000000]
[21Nov2025 09:22:38.814] [Server thread/INFO] [net.minecraft.server.MinecraftServer/]: [Dulmin: Teleported Dulmin to 2469.500000, 111.500000, 31800.500000]
[21Nov2025 09:22:49.861] [Server thread/INFO] [net.minecraft.server.MinecraftServer/]: <Dulmin> 오늘 다크라이임
[21Nov2025 09:22:51.742] [Server thread/INFO] [net.minecraft.server.MinecraftServer/]: <Dulmin> 컴
[21Nov2025 09:22:58.164] [Server thread/INFO] [net.minecraft.server.MinecraftServer/]: [tydf62: Teleported tydf62 to Dulmin]
[21Nov2025 09:23:36.778] [Server thread/INFO] [net.minecraft.server.MinecraftServer/]: <tydf62> 이름이 메롱뀽 ㄷㄷ
[21Nov2025 09:23:49.121] [Server thread/INFO] [net.minecraft.server.MinecraftServer/]: <Dulmin> 태우야
[21Nov2025 09:23:52.350] [Server thread/INFO] [net.minecraft.server.MinecraftServer/]: <Dulmin> 내루미있어?
[21Nov2025 09:23:53.911] [Server thread/INFO] [net.minecraft.server.MinecraftServer/]: [lame1202: Teleported lame1202 to Dulmin]
[21Nov2025 09:23:55.135] [Server thread/INFO] [net.minecraft.server.MinecraftServer/]: <tydf62> ㄴㄴ
[21Nov2025 09:24:00.511] [Server thread/INFO] [net.minecraft.server.MinecraftServer/]: <tydf62> 나 앵간한게 없어
[21Nov2025 09:24:06.545] [Server thread/INFO] [net.minecraft.server.MinecraftServer/]: <tydf62> 나 도감작 안했으
[21Nov2025 09:24:56.880] [Server thread/INFO] [net.minecraft.server.MinecraftServer/]: <lame1202> 금왕관이 벌써
[21Nov2025 09:25:00.648] [Server thread/INFO] [net.minecraft.server.MinecraftServer/]: <lame1202> 한세트를 넘음 ㅋㅋ
[21Nov2025 09:25:03.876] [Server thread/INFO] [net.minecraft.server.MinecraftServer/]: <lame1202> 19개 ㅋㅋㅋ
[21Nov2025 09:25:05.296] [Server thread/INFO] [net.minecraft.server.MinecraftServer/]: <Dulmin> 제발 1분
[21Nov2025 09:25:16.365] [Server thread/ERROR] [com.pixelmonmod.pixelmon.Pixelmon/]: Invalid NPC preset provided: `pixelmon:trainers/femalescientist`
[21Nov2025 09:25:49.392] [Server thread/INFO] [net.minecraft.server.MinecraftServer/]: [Pixelmon] Terrakion has spawned in a Forest biome!
[21Nov2025 09:25:49.393] [Server thread/INFO] [net.minecraft.server.MinecraftServer/]: Spawned Terrakion at: Chunks[S] W: 3050 E: 118,118,77,674,674,0,0 x:2383, y:124, z:31747
[21Nov2025 09:25:53.701] [Server thread/INFO] [net.minecraft.server.MinecraftServer/]: <Dulmin> ?
[21Nov2025 09:25:55.755] [Server thread/INFO] [net.minecraft.server.MinecraftServer/]: <tydf62> 엄ㅋㅋㅋㅋㅋㅋ
[21Nov2025 09:26:04.146] [Server thread/INFO] [net.minecraft.server.MinecraftServer/]: <lame1202> ?
[21Nov2025 09:26:05.256] [Server thread/INFO] [net.minecraft.server.MinecraftServer/]: <Dulmin> 아니 다크라이로 뜨잖아
[21Nov2025 09:26:14.093] [Server thread/INFO] [net.minecraft.server.MinecraftServer/]: <tydf62> 개버그
[21Nov2025 09:26:15.304] [Server thread/INFO] [net.minecraft.server.MinecraftServer/]: <lame1202> 숲이랑 너무 가까운듯
[21Nov2025 09:26:35.666] [Server thread/INFO] [net.minecraft.server.MinecraftServer/]: <lame1202> ㅋㅋㅋㅋㅋㅋㅋㅋㅋㅋㅋㅋㅋㅋㅋ
[21Nov2025 09:26:38.504] [Server thread/INFO] [net.minecraft.server.MinecraftServer/]: <Dulmin> 다른곳 찾아봐줘
[21Nov2025 09:26:48.464] [Server thread/INFO] [net.minecraft.server.MinecraftServer/]: <lame1202> 그거 굴있는 곳
[21Nov2025 09:26:54.974] [Server thread/INFO] [net.minecraft.server.MinecraftServer/]: [tydf62: Teleported tydf62 to 9590.500000, 72.500000, -22290.500000]
[21Nov2025 09:26:55.403] [Server thread/INFO] [net.minecraft.server.MinecraftServer/]: <lame1202> 거기가 다 어두운숲이라
[21Nov2025 09:27:02.218] [Server thread/INFO] [net.minecraft.server.MinecraftServer/]: <lame1202> 괜찮을거 같은데
[21Nov2025 09:27:16.203] [Server thread/INFO] [net.minecraft.server.MinecraftServer/]: [lame1202: Teleported lame1202 to 2660.500000, 105.000000, -2315.500000]
[21Nov2025 09:27:24.786] [Server thread/INFO] [net.minecraft.server.MinecraftServer/]: [tydf62: Teleported tydf62 to 3818.500000, 100.500000, -2636.500000]
[21Nov2025 09:27:37.064] [Server thread/INFO] [net.minecraft.server.MinecraftServer/]: [lame1202: Teleported lame1202 to 2678.000000, 105.000000, -2304.000000]
[21Nov2025 09:28:15.312] [Server thread/ERROR] [com.pixelmonmod.pixelmon.Pixelmon/]: Invalid NPC preset provided: `pixelmon:trainers/femalescientist`
[21Nov2025 09:29:09.584] [Server thread/INFO] [net.minecraft.server.MinecraftServer/]: <lame1202> 다크라이 한번 더 되냐
[21Nov2025 09:29:21.818] [Server thread/INFO] [net.minecraft.server.MinecraftServer/]: <Dulmin> 젭ㄹ
[21Nov2025 09:29:31.770] [Server thread/INFO] [net.minecraft.server.MinecraftServer/]: <lame1202> 이 밤이 지나면~
[21Nov2025 09:29:33.660] [Server thread/INFO] [net.minecraft.server.MinecraftServer/]: <lame1202> 우린~
[21Nov2025 09:29:39.608] [Server thread/INFO] [net.minecraft.server.MinecraftServer/]: <lame1202> 여기로 와봐
[21Nov2025 09:29:45.510] [Server thread/INFO] [net.minecraft.server.MinecraftServer/]: <lame1202> 여기 다 어두운 숲임
[21Nov2025 09:30:16.710] [Server thread/INFO] [net.minecraft.server.MinecraftServer/]: [Dulmin: Teleported Dulmin to lame1202]
[21Nov2025 09:30:26.753] [Server thread/INFO] [net.minecraft.server.MinecraftServer/]: <lame1202> 아이고
[21Nov2025 09:30:27.554] [Server thread/INFO] [net.minecraft.server.MinecraftServer/]: <Dulmin> 아
[21Nov2025 09:30:29.909] [Server thread/INFO] [net.minecraft.server.MinecraftServer/]: <lame1202> 해뜬다
[21Nov2025 09:30:37.389] [Server thread/INFO] [net.minecraft.server.MinecraftServer/]: <lame1202> 눈부시네
[21Nov2025 09:30:44.360] [Server thread/INFO] [net.minecraft.server.MinecraftServer/]: <lame1202> 크레세리아
[21Nov2025 09:30:47.505] [Server thread/INFO] [net.minecraft.server.MinecraftServer/]: <lame1202> 잡압죠
[21Nov2025 09:30:52.103] [Server thread/INFO] [net.minecraft.server.MinecraftServer/]: <lame1202> 잡아보죠
[21Nov2025 09:30:59.103] [Server thread/INFO] [net.minecraft.server.MinecraftServer/]: <Dulmin> ㄷ
[21Nov2025 09:31:01.120] [Server thread/INFO] [net.minecraft.server.MinecraftServer/]: <Dulmin> ㅇㄷ
[21Nov2025 09:31:06.041] [Server thread/INFO] [net.minecraft.server.MinecraftServer/]: [Dulmin: Teleported Dulmin to lame1202]
[21Nov2025 09:31:08.682] [Server thread/INFO] [net.minecraft.server.MinecraftServer/]: <lame1202> 40분뒤에 ㅋㅋㅋ
[21Nov2025 09:31:21.932] [Server thread/INFO] [net.minecraft.server.MinecraftServer/]: [Dulmin: Teleported Dulmin to 3813.500000, 100.500000, -2647.500000]
[21Nov2025 09:31:36.378] [Server thread/INFO] [net.minecraft.server.MinecraftServer/]: [lame1202: Teleported lame1202 to 25668.500000, 95.000000, 7043.500000]
[21Nov2025 09:31:41.123] [Server thread/INFO] [net.minecraft.server.MinecraftServer/]: [lame1202: Teleported lame1202 to 6884.500000, 67.000000, -12524.500000]
[21Nov2025 09:31:44.641] [Server thread/INFO] [net.minecraft.server.MinecraftServer/]: [Dulmin: Teleported Dulmin to 1688.500000, 65.500000, -2642.500000]
[21Nov2025 09:31:45.026] [Server thread/INFO] [net.minecraft.server.MinecraftServer/]: [lame1202: Teleported lame1202 to -26923.500000, 70.000000, 18043.500000]
[21Nov2025 09:31:48.945] [Server thread/INFO] [net.minecraft.server.MinecraftServer/]: [lame1202: Teleported lame1202 to -26162.500000, 97.000000, -5659.500000]
[21Nov2025 09:31:51.977] [Server thread/INFO] [net.minecraft.server.MinecraftServer/]: [lame1202: Teleported lame1202 to 13709.500000, 70.000000, -10779.500000]
[21Nov2025 09:31:55.669] [Server thread/INFO] [net.minecraft.server.MinecraftServer/]: [lame1202: Teleported lame1202 to -6667.500000, 88.000000, -32083.500000]
[21Nov2025 09:32:03.457] [Server thread/INFO] [net.minecraft.server.MinecraftServer/]: <lame1202> ㅋㅋ 파이리다
[21Nov2025 09:32:07.884] [Server thread/INFO] [net.minecraft.server.MinecraftServer/]: [Dulmin: Teleported Dulmin to 1212.500000, 70.500000, -2696.500000]
[21Nov2025 09:32:10.862] [Server thread/INFO] [net.minecraft.server.MinecraftServer/]: <lame1202> 승훈이 그렇게 찾더만
[21Nov2025 09:32:13.262] [Server thread/INFO] [net.minecraft.server.MinecraftServer/]: <lame1202> 굴에서 뜨네
[21Nov2025 09:32:31.268] [Server thread/INFO] [net.minecraft.server.MinecraftServer/]: [Dulmin: Teleported Dulmin to -431.500000, 67.500000, -2873.500000]
[21Nov2025 09:32:45.199] [Server thread/INFO] [net.minecraft.server.MinecraftServer/]: [Dulmin: Teleported Dulmin to -4324.500000, 69.500000, -4190.500000]
[21Nov2025 09:32:57.917] [Server thread/INFO] [net.minecraft.server.MinecraftServer/]: [lame1202: Teleported lame1202 to -38876.500000, 74.000000, 2588.500000]
[21Nov2025 09:33:00.155] [Server thread/ERROR] [com.pixelmonmod.pixelmon.Pixelmon/]: Invalid NPC preset provided: `pixelmon:old_fisherman`
[21Nov2025 09:33:01.265] [Server thread/INFO] [net.minecraft.server.MinecraftServer/]: [lame1202: Teleported lame1202 to 403676.500000, 80.000000, 7732.500000]
[21Nov2025 09:33:01.456] [Server thread/INFO] [net.minecraft.server.MinecraftServer/]: [Dulmin: Teleported Dulmin to -4616.500000, 72.500000, -3991.500000]
[21Nov2025 09:33:05.799] [Server thread/INFO] [net.minecraft.server.MinecraftServer/]: [lame1202: Teleported lame1202 to 25668.500000, 95.000000, 7043.500000]
[21Nov2025 09:33:09.839] [Server thread/INFO] [net.minecraft.server.MinecraftServer/]: [lame1202: Teleported lame1202 to 6884.500000, 67.000000, -12524.500000]
[21Nov2025 09:33:14.102] [Server thread/INFO] [net.minecraft.server.MinecraftServer/]: [lame1202: Teleported lame1202 to -26923.500000, 70.000000, 18043.500000]
[21Nov2025 09:33:14.633] [Server thread/INFO] [net.minecraft.server.MinecraftServer/]: [Dulmin: Teleported Dulmin to -4359.500000, 67.500000, -4178.500000]
[21Nov2025 09:33:16.607] [Server thread/ERROR] [com.pixelmonmod.pixelmon.Pixelmon/]: Invalid NPC preset provided: `pixelmon:old_fisherman`
[21Nov2025 09:33:18.324] [Server thread/INFO] [net.minecraft.server.MinecraftServer/]: [lame1202: Teleported lame1202 to -26162.500000, 97.000000, -5659.500000]
[21Nov2025 09:33:22.543] [Server thread/INFO] [net.minecraft.server.MinecraftServer/]: [lame1202: Teleported lame1202 to 13709.500000, 70.000000, -10779.500000]
[21Nov2025 09:33:26.279] [Server thread/INFO] [net.minecraft.server.MinecraftServer/]: [lame1202: Teleported lame1202 to -6667.500000, 88.000000, -32083.500000]
[21Nov2025 09:33:28.849] [Server thread/INFO] [net.minecraft.server.MinecraftServer/]: [Dulmin: Teleported Dulmin to -3949.500000, 70.500000, -4722.500000]
[21Nov2025 09:33:31.711] [Server thread/INFO] [net.minecraft.server.MinecraftServer/]: [lame1202: Teleported lame1202 to 11124.500000, 68.000000, -10788.500000]
[21Nov2025 09:33:40.124] [Server thread/INFO] [net.minecraft.server.MinecraftServer/]: [Dulmin: Teleported Dulmin to -2428.500000, 66.500000, -4668.500000]
[21Nov2025 09:33:48.273] [Server thread/INFO] [net.minecraft.server.commands.LocateCommand/]: Locating element pixelmon:den/snow took 42 ms
[21Nov2025 09:33:51.632] [Server thread/INFO] [net.minecraft.server.MinecraftServer/]: [lame1202: Teleported lame1202 to 11216.500000, 68.000000, -10015.500000]
[21Nov2025 09:33:52.272] [Server thread/INFO] [net.minecraft.server.MinecraftServer/]: [Dulmin: Teleported Dulmin to -8089.500000, 120.500000, -1334.500000]
[21Nov2025 09:34:05.495] [Server thread/INFO] [net.minecraft.server.network.ServerGamePacketListenerImpl/]: tydf62 lost connection: Disconnected
[21Nov2025 09:34:05.496] [Server thread/INFO] [net.minecraft.server.MinecraftServer/]: tydf62 left the game
[21Nov2025 09:34:05.497] [Server thread/INFO] [voicechat/]: [voicechat] Disconnecting client tydf62
[21Nov2025 09:34:07.741] [Server thread/INFO] [net.minecraft.server.commands.LocateCommand/]: Locating element pixelmon:den/badlands took 224 ms
[21Nov2025 09:34:11.945] [Server thread/INFO] [net.minecraft.server.MinecraftServer/]: [lame1202: Teleported lame1202 to 13712.500000, 64.500000, -10783.500000]
[21Nov2025 09:34:19.496] [Server thread/INFO] [net.minecraft.server.MinecraftServer/]: [Dulmin: Teleported Dulmin to -25143.500000, 108.500000, -3320.500000]
[21Nov2025 09:34:28.868] [Server thread/INFO] [net.minecraft.server.commands.LocateCommand/]: Locating element pixelmon:den/beach took 24 ms
[21Nov2025 09:34:30.029] [Server thread/WARN] [net.minecraft.server.network.ServerGamePacketListenerImpl/]: Dulmin moved wrongly!
[21Nov2025 09:34:33.796] [Server thread/INFO] [net.minecraft.server.MinecraftServer/]: [lame1202: Teleported lame1202 to 13776.500000, 64.000000, -11711.500000]
[21Nov2025 09:34:38.660] [Worker-Main-45/ERROR] [net.minecraft.world.entity.decoration.BlockAttachedEntity/]: Block-attached entity at invalid position: BlockPos{x=-39, y=-50, z=46}
[21Nov2025 09:34:38.660] [Worker-Main-45/ERROR] [net.minecraft.world.entity.decoration.BlockAttachedEntity/]: Block-attached entity at invalid position: BlockPos{x=-37, y=-50, z=44}
[21Nov2025 09:34:38.661] [Worker-Main-45/ERROR] [net.minecraft.world.entity.decoration.BlockAttachedEntity/]: Block-attached entity at invalid position: BlockPos{x=-37, y=-50, z=46}
[21Nov2025 09:34:38.662] [Worker-Main-45/ERROR] [net.minecraft.world.entity.decoration.BlockAttachedEntity/]: Block-attached entity at invalid position: BlockPos{x=-39, y=-50, z=48}
[21Nov2025 09:34:38.696] [Worker-Main-45/ERROR] [net.minecraft.world.entity.decoration.BlockAttachedEntity/]: Block-attached entity at invalid position: BlockPos{x=10, y=-57, z=32}
[21Nov2025 09:34:38.706] [Worker-Main-45/ERROR] [net.minecraft.world.entity.decoration.BlockAttachedEntity/]: Block-attached entity at invalid position: BlockPos{x=-44, y=-56, z=46}
[21Nov2025 09:34:40.497] [Server thread/WARN] [net.minecraft.world.level.chunk.LevelChunk/]: Tried to load a block entity for block Block{pixelmon:cooking_pot}[facing=south,multipos=top] but failed at location BlockPos{x=13711, y=64, z=-11604}
[21Nov2025 09:34:42.379] [Worker-Main-46/ERROR] [net.minecraft.world.entity.decoration.BlockAttachedEntity/]: Block-attached entity at invalid position: BlockPos{x=-14, y=3, z=13}
[21Nov2025 09:34:42.456] [Server thread/WARN] [net.minecraft.world.level.chunk.LevelChunk/]: Tried to load a block entity for block Block{pixelmon:blue_umbrella}[facing=west,multipos=top] but failed at location BlockPos{x=13708, y=71, z=-11592}
[21Nov2025 09:34:42.456] [Server thread/ERROR] [net.minecraft.util.thread.BlockableEventLoop/FATAL]: Error executing task on Server
java.lang.NullPointerException: Cannot invoke "Object.getClass()" because "blockEntity" is null
	at TRANSFORMER/pixelmon@9.3.9/com.pixelmonmod.pixelmon.api.util.helpers.BlockHelper.findAllTileEntityWithinRange(BlockHelper.java:101) ~[Pixelmon-1.21.1-9.3.9-universal.jar%23138!/:9.3.9-PIPE28826]
	at TRANSFORMER/pixelmon@9.3.9/com.pixelmonmod.pixelmon.listener.ZygardeCellsListener.trySpawnInChunk(ZygardeCellsListener.java:171) ~[Pixelmon-1.21.1-9.3.9-universal.jar%23138!/:9.3.9-PIPE28826]
	at TRANSFORMER/pixelmon@9.3.9/com.pixelmonmod.pixelmon.listener.ZygardeCellsListener.lambda$static$2(ZygardeCellsListener.java:132) ~[Pixelmon-1.21.1-9.3.9-universal.jar%23138!/:9.3.9-PIPE28826]
	at TRANSFORMER/pixelmon@9.3.9/com.pixelmonmod.pixelmon.api.util.Scheduling$ScheduledTask$Builder.lambda$task$1(Scheduling.java:232) ~[Pixelmon-1.21.1-9.3.9-universal.jar%23138!/:9.3.9-PIPE28826]
	at TRANSFORMER/pixelmon@9.3.9/com.pixelmonmod.pixelmon.api.util.Scheduling$ScheduledTask.lambda$new$0(Scheduling.java:67) ~[Pixelmon-1.21.1-9.3.9-universal.jar%23138!/:9.3.9-PIPE28826]
	at TRANSFORMER/minecraft@1.21.1/net.minecraft.server.TickTask.run(TickTask.java:18) ~[server-1.21.1-20240808.144430-srg.jar%23130!/:?]
	at TRANSFORMER/minecraft@1.21.1/net.minecraft.util.thread.BlockableEventLoop.doRunTask(BlockableEventLoop.java:148) ~[server-1.21.1-20240808.144430-srg.jar%23130!/:?]
	at TRANSFORMER/minecraft@1.21.1/net.minecraft.util.thread.ReentrantBlockableEventLoop.doRunTask(ReentrantBlockableEventLoop.java:23) ~[server-1.21.1-20240808.144430-srg.jar%23130!/:?]
	at TRANSFORMER/minecraft@1.21.1/net.minecraft.server.MinecraftServer.doRunTask(MinecraftServer.java:872) ~[server-1.21.1-20240808.144430-srg.jar%23130!/:?]
	at TRANSFORMER/minecraft@1.21.1/net.minecraft.server.MinecraftServer.doRunTask(MinecraftServer.java:170) ~[server-1.21.1-20240808.144430-srg.jar%23130!/:?]
	at TRANSFORMER/minecraft@1.21.1/net.minecraft.util.thread.BlockableEventLoop.pollTask(BlockableEventLoop.java:122) ~[server-1.21.1-20240808.144430-srg.jar%23130!/:?]
	at TRANSFORMER/minecraft@1.21.1/net.minecraft.server.MinecraftServer.pollTaskInternal(MinecraftServer.java:855) ~[server-1.21.1-20240808.144430-srg.jar%23130!/:?]
	at TRANSFORMER/minecraft@1.21.1/net.minecraft.server.MinecraftServer.pollTask(MinecraftServer.java:849) ~[server-1.21.1-20240808.144430-srg.jar%23130!/:?]
	at TRANSFORMER/minecraft@1.21.1/net.minecraft.util.thread.BlockableEventLoop.managedBlock(BlockableEventLoop.java:132) ~[server-1.21.1-20240808.144430-srg.jar%23130!/:?]
	at TRANSFORMER/minecraft@1.21.1/net.minecraft.server.MinecraftServer.managedBlock(MinecraftServer.java:821) ~[server-1.21.1-20240808.144430-srg.jar%23130!/:?]
	at TRANSFORMER/minecraft@1.21.1/net.minecraft.server.MinecraftServer.mixinextras$bridge$managedBlock$269(MinecraftServer.java) ~[server-1.21.1-20240808.144430-srg.jar%23130!/:?]
	at TRANSFORMER/minecraft@1.21.1/net.minecraft.server.MinecraftServer.wrapOperation$zbh000$modernfix$managedBlock(MinecraftServer.java:2154) ~[server-1.21.1-20240808.144430-srg.jar%23130!/:?]
	at TRANSFORMER/minecraft@1.21.1/net.minecraft.server.MinecraftServer.waitUntilNextTick(MinecraftServer.java:826) ~[server-1.21.1-20240808.144430-srg.jar%23130!/:?]
	at TRANSFORMER/minecraft@1.21.1/net.minecraft.server.MinecraftServer.runServer(MinecraftServer.java:712) ~[server-1.21.1-20240808.144430-srg.jar%23130!/:?]
	at TRANSFORMER/minecraft@1.21.1/net.minecraft.server.MinecraftServer.lambda$spin$2(MinecraftServer.java:267) ~[server-1.21.1-20240808.144430-srg.jar%23130!/:?]
	at java.base/java.lang.Thread.run(Unknown Source) [?:?]
[21Nov2025 09:34:42.555] [Server thread/WARN] [net.minecraft.world.level.chunk.LevelChunk/]: Tried to load a block entity for block Block{pixelmon:white_rug}[facing=north,multipos=base] but failed at location BlockPos{x=13705, y=64, z=-11589}
[21Nov2025 09:34:42.555] [Server thread/WARN] [net.minecraft.world.level.chunk.LevelChunk/]: Tried to load a block entity for block Block{pixelmon:blue_umbrella}[facing=south,multipos=base] but failed at location BlockPos{x=13708, y=70, z=-11586}
[21Nov2025 09:34:42.556] [Server thread/WARN] [net.minecraft.world.level.chunk.LevelChunk/]: Tried to load a block entity for block Block{pixelmon:white_rug}[facing=east,multipos=bottom] but failed at location BlockPos{x=13706, y=64, z=-11589}
[21Nov2025 09:34:42.556] [Server thread/WARN] [net.minecraft.world.level.chunk.LevelChunk/]: Tried to load a block entity for block Block{pixelmon:blue_umbrella}[facing=west,multipos=base] but failed at location BlockPos{x=13708, y=70, z=-11592}
[21Nov2025 09:34:42.557] [Server thread/WARN] [net.minecraft.world.level.chunk.LevelChunk/]: Tried to load a block entity for block Block{pixelmon:tv}[facing=north,multipos=top,on=true] but failed at location BlockPos{x=13704, y=70, z=-11591}
[21Nov2025 09:34:42.558] [Server thread/WARN] [net.minecraft.world.level.chunk.LevelChunk/]: Tried to load a block entity for block Block{pixelmon:white_vending_machine}[facing=south,multipos=top] but failed at location BlockPos{x=13706, y=65, z=-11586}
[21Nov2025 09:34:42.558] [Server thread/WARN] [net.minecraft.world.level.chunk.LevelChunk/]: Tried to load a block entity for block Block{pixelmon:blue_folding_chair}[facing=north] but failed at location BlockPos{x=13707, y=69, z=-11586}
[21Nov2025 09:34:42.559] [Server thread/WARN] [net.minecraft.world.level.chunk.LevelChunk/]: Tried to load a block entity for block Block{pixelmon:blue_folding_chair}[facing=west] but failed at location BlockPos{x=13708, y=69, z=-11587}
[21Nov2025 09:34:42.559] [Server thread/WARN] [net.minecraft.world.level.chunk.LevelChunk/]: Tried to load a block entity for block Block{pixelmon:blue_vending_machine}[facing=south,multipos=top] but failed at location BlockPos{x=13704, y=65, z=-11586}
[21Nov2025 09:34:42.560] [Server thread/WARN] [net.minecraft.world.level.chunk.LevelChunk/]: Tried to load a block entity for block Block{pixelmon:blue_rug}[facing=south,multipos=bottom] but failed at location BlockPos{x=13702, y=65, z=-11587}
[21Nov2025 09:34:42.560] [Server thread/WARN] [net.minecraft.world.level.chunk.LevelChunk/]: Tried to load a block entity for block Block{pixelmon:blue_folding_chair}[facing=east] but failed at location BlockPos{x=13706, y=69, z=-11587}
[21Nov2025 09:34:42.561] [Server thread/WARN] [net.minecraft.world.level.chunk.LevelChunk/]: Tried to load a block entity for block Block{pixelmon:blue_folding_chair}[facing=south] but failed at location BlockPos{x=13707, y=69, z=-11588}
[21Nov2025 09:34:42.562] [Server thread/WARN] [net.minecraft.world.level.chunk.LevelChunk/]: Tried to load a block entity for block Block{pixelmon:blue_umbrella}[facing=south,multipos=top] but failed at location BlockPos{x=13708, y=71, z=-11586}
[21Nov2025 09:34:42.562] [Server thread/WARN] [net.minecraft.world.level.chunk.LevelChunk/]: Tried to load a block entity for block Block{pixelmon:blue_rug}[facing=east,multipos=base] but failed at location BlockPos{x=13702, y=65, z=-11588}
[21Nov2025 09:34:42.563] [Server thread/WARN] [net.minecraft.world.level.chunk.LevelChunk/]: Tried to load a block entity for block Block{pixelmon:blue_vending_machine}[facing=south,multipos=top] but failed at location BlockPos{x=13708, y=65, z=-11586}
[21Nov2025 09:34:42.748] [Worker-Main-45/ERROR] [net.minecraft.world.entity.decoration.BlockAttachedEntity/]: Block-attached entity at invalid position: BlockPos{x=-38, y=-52, z=51}
[21Nov2025 09:34:42.748] [Worker-Main-45/ERROR] [net.minecraft.world.entity.decoration.BlockAttachedEntity/]: Block-attached entity at invalid position: BlockPos{x=-38, y=-50, z=51}
[21Nov2025 09:34:42.749] [Worker-Main-45/ERROR] [net.minecraft.world.entity.decoration.BlockAttachedEntity/]: Block-attached entity at invalid position: BlockPos{x=-38, y=-48, z=51}
[21Nov2025 09:34:42.896] [Server thread/WARN] [net.minecraft.world.level.chunk.LevelChunk/]: Tried to load a block entity for block Block{pixelmon:brown_cushion_chair}[facing=north] but failed at location BlockPos{x=13742, y=70, z=-11586}
[21Nov2025 09:34:42.896] [Server thread/WARN] [net.minecraft.world.level.chunk.LevelChunk/]: Tried to load a block entity for block Block{pixelmon:brown_cushion_chair}[facing=south] but failed at location BlockPos{x=13742, y=70, z=-11588}
[21Nov2025 09:34:42.897] [Server thread/WARN] [net.minecraft.world.level.chunk.LevelChunk/]: Tried to load a block entity for block Block{pixelmon:pink_pc}[facing=south,multipos=top] but failed at location BlockPos{x=13741, y=66, z=-11586}
[21Nov2025 09:34:42.898] [Server thread/WARN] [net.minecraft.world.level.chunk.LevelChunk/]: Tried to load a block entity for block Block{pixelmon:white_cushion_chair}[facing=north] but failed at location BlockPos{x=13748, y=65, z=-11587}
[21Nov2025 09:34:42.898] [Server thread/WARN] [net.minecraft.world.level.chunk.LevelChunk/]: Tried to load a block entity for block Block{pixelmon:white_cushion_chair}[facing=north] but failed at location BlockPos{x=13748, y=65, z=-11589}
[21Nov2025 09:34:42.899] [Server thread/WARN] [net.minecraft.world.level.chunk.LevelChunk/]: Tried to load a block entity for block Block{pixelmon:white_cushion_chair}[facing=north] but failed at location BlockPos{x=13748, y=65, z=-11588}
[21Nov2025 09:34:44.793] [Server thread/WARN] [net.minecraft.world.level.chunk.LevelChunk/]: Tried to load a block entity for block Block{pixelmon:red_trade_machine}[facing=south,multipos=top] but failed at location BlockPos{x=13713, y=65, z=-11578}
[21Nov2025 09:34:44.794] [Server thread/WARN] [net.minecraft.world.level.chunk.LevelChunk/]: Tried to load a block entity for block Block{pixelmon:red_trade_machine}[facing=south,multipos=bottom] but failed at location BlockPos{x=13713, y=64, z=-11578}
[21Nov2025 09:34:44.794] [Server thread/WARN] [net.minecraft.world.level.chunk.LevelChunk/]: Tried to load a block entity for block Block{pixelmon:red_trade_machine}[facing=north,multipos=top] but failed at location BlockPos{x=13713, y=65, z=-11580}
[21Nov2025 09:34:44.795] [Server thread/WARN] [net.minecraft.world.level.chunk.LevelChunk/]: Tried to load a block entity for block Block{pixelmon:red_trade_machine}[facing=north,multipos=bottom] but failed at location BlockPos{x=13713, y=64, z=-11580}
[21Nov2025 09:34:44.795] [Server thread/WARN] [net.minecraft.world.level.chunk.LevelChunk/]: Tried to load a block entity for block Block{pixelmon:red_trade_machine}[facing=west,multipos=top] but failed at location BlockPos{x=13713, y=65, z=-11579}
[21Nov2025 09:34:44.796] [Server thread/WARN] [net.minecraft.world.level.chunk.LevelChunk/]: Tried to load a block entity for block Block{pixelmon:red_cushion_chair}[facing=north] but failed at location BlockPos{x=13719, y=64, z=-11577}
[21Nov2025 09:34:44.796] [Server thread/WARN] [net.minecraft.world.level.chunk.LevelChunk/]: Tried to load a block entity for block Block{pixelmon:red_pc}[facing=south,multipos=top] but failed at location BlockPos{x=13718, y=65, z=-11574}
[21Nov2025 09:34:44.797] [Server thread/WARN] [net.minecraft.world.level.chunk.LevelChunk/]: Tried to load a block entity for block Block{pixelmon:red_cushion_chair}[facing=north] but failed at location BlockPos{x=13719, y=64, z=-11579}
[21Nov2025 09:34:44.797] [Server thread/WARN] [net.minecraft.world.level.chunk.LevelChunk/]: Tried to load a block entity for block Block{pixelmon:red_cushion_chair}[facing=north] but failed at location BlockPos{x=13719, y=64, z=-11578}
[21Nov2025 09:34:44.798] [Server thread/WARN] [net.minecraft.world.level.chunk.LevelChunk/]: Tried to load a block entity for block Block{pixelmon:white_rug}[facing=north,multipos=bottom] but failed at location BlockPos{x=13716, y=64, z=-11578}
[21Nov2025 09:34:44.798] [Server thread/WARN] [net.minecraft.world.level.chunk.LevelChunk/]: Tried to load a block entity for block Block{pixelmon:white_rug}[facing=west,multipos=base] but failed at location BlockPos{x=13716, y=64, z=-11577}
[21Nov2025 09:34:50.294] [Server thread/INFO] [net.minecraft.server.commands.LocateCommand/]: Locating element pixelmon:den/desert took 33 ms
[21Nov2025 09:34:54.199] [Server thread/INFO] [net.minecraft.server.MinecraftServer/]: [lame1202: Teleported lame1202 to 14560.500000, 65.500000, -11631.500000]
[21Nov2025 09:34:56.238] [Server thread/WARN] [net.minecraft.world.level.chunk.LevelChunk/]: Tried to load a block entity for block Block{pixelmon:boulder}[facing=east] but failed at location BlockPos{x=14561, y=65, z=-11636}
[21Nov2025 09:34:56.239] [Server thread/WARN] [net.minecraft.world.level.chunk.LevelChunk/]: Tried to load a block entity for block Block{pixelmon:boulder}[facing=south] but failed at location BlockPos{x=14567, y=65, z=-11639}
[21Nov2025 09:34:59.664] [Server thread/INFO] [net.minecraft.server.MinecraftServer/]: [lame1202: Teleported lame1202 to 13776.500000, 65.000000, -11711.500000]
[21Nov2025 09:35:10.291] [Server thread/INFO] [net.minecraft.world.entity.LivingEntity/]: Named entity NPC['Phillip'/146814, l='ServerLevel[world]', x=13702.28, y=64.00, z=-11604.63] died: Phillip suffocated in a wall
[21Nov2025 09:35:37.982] [Server thread/INFO] [net.minecraft.server.commands.LocateCommand/]: Locating element pixelmon:den/forest took 23 ms
[21Nov2025 09:35:43.390] [Server thread/INFO] [net.minecraft.server.MinecraftServer/]: [lame1202: Teleported lame1202 to 12880.500000, 66.000000, -11599.500000]
[21Nov2025 09:35:55.060] [Server thread/WARN] [net.minecraft.world.level.chunk.LevelChunk/]: Tried to load a block entity for block Block{pixelmon:ilex_shrine}[blockpos=top,facing=east,used=false] but failed at location BlockPos{x=12886, y=71, z=-11754}
[21Nov2025 09:38:07.786] [Server thread/WARN] [net.minecraft.server.network.ServerGamePacketListenerImpl/]: Dulmin moved too quickly! 0.7428870947660471,1.0,-21.28294535741088
[21Nov2025 09:39:19.160] [Server thread/INFO] [net.minecraft.server.commands.LocateCommand/]: Locating element pixelmon:den/mushroom took 22813 ms
[21Nov2025 09:39:19.161] [Server thread/WARN] [net.minecraft.server.MinecraftServer/]: Can't keep up! Is the server overloaded? Running 22788ms or 455 ticks behind
[21Nov2025 09:39:19.175] [Server thread/WARN] [net.minecraft.server.network.ServerGamePacketListenerImpl/]: lame1202 moved too quickly! 9.095969876098025,4.0,-1.7620572917512618
[21Nov2025 09:39:26.693] [Server thread/INFO] [net.minecraft.server.commands.LocateCommand/]: Locating element pixelmon:den/mushroom took 7517 ms
[21Nov2025 09:39:28.000] [Server thread/INFO] [net.minecraft.server.MinecraftServer/]: [lame1202: Teleported lame1202 to 40992.500000, 68.000000, -25295.500000]
[21Nov2025 09:39:28.075] [Server thread/WARN] [net.minecraft.world.level.chunk.LevelChunk/]: Tried to load a block entity for block Block{pixelmon:boulder}[facing=west] but failed at location BlockPos{x=40995, y=63, z=-25295}
[21Nov2025 09:39:28.086] [Server thread/WARN] [net.minecraft.world.level.chunk.LevelChunk/]: Tried to load a block entity for block Block{pixelmon:boulder}[facing=south] but failed at location BlockPos{x=40996, y=62, z=-25291}
[21Nov2025 09:40:08.278] [Server thread/INFO] [net.minecraft.world.entity.LivingEntity/]: Named entity NPC['Byron'/148576, l='ServerLevel[world]', x=-25103.50, y=51.00, z=-3440.50] died: Byron drowned
[21Nov2025 09:40:08.279] [Server thread/INFO] [net.minecraft.world.entity.LivingEntity/]: Named entity NPC['Jerry'/148577, l='ServerLevel[world]', x=-25106.50, y=55.00, z=-3443.50] died: Jerry drowned
[21Nov2025 09:40:26.377] [Server thread/INFO] [net.minecraft.world.entity.LivingEntity/]: Named entity NPC['Blake'/148784, l='ServerLevel[world]', x=-25165.50, y=52.00, z=-3441.50] died: Blake drowned
[21Nov2025 09:40:26.377] [Server thread/INFO] [net.minecraft.world.entity.LivingEntity/]: Named entity NPC['Dennis'/148785, l='ServerLevel[world]', x=-25171.50, y=53.00, z=-3444.50] died: Dennis drowned
[21Nov2025 09:40:56.767] [Server thread/INFO] [net.minecraft.server.commands.LocateCommand/]: Locating element pixelmon:den/jungle took 239 ms
[21Nov2025 09:41:00.179] [Server thread/INFO] [net.minecraft.server.MinecraftServer/]: [lame1202: Teleported lame1202 to 37488.500000, 64.000000, -24479.500000]
[21Nov2025 09:42:59.798] [Server thread/INFO] [net.minecraft.server.commands.LocateCommand/]: Locating element pixelmon:den/badlands took 125 ms
[21Nov2025 09:43:03.135] [Server thread/INFO] [net.minecraft.server.MinecraftServer/]: [lame1202: Teleported lame1202 to 35872.500000, 70.500000, -24479.500000]
[21Nov2025 09:43:11.421] [Server thread/INFO] [net.minecraft.server.MinecraftServer/]: [lame1202: Teleported lame1202 to 35875.000000, 94.000000, -24479.000000]
[21Nov2025 09:43:16.225] [Worker-Main-47/ERROR] [net.minecraft.world.entity.decoration.BlockAttachedEntity/]: Block-attached entity at invalid position: BlockPos{x=618, y=16, z=-563}
[21Nov2025 09:43:17.871] [Server thread/WARN] [net.minecraft.world.level.chunk.LevelChunk/]: Tried to load a block entity for block Block{pixelmon:boulder}[facing=west] but failed at location BlockPos{x=35692, y=89, z=-24324}
[21Nov2025 09:43:17.872] [Server thread/WARN] [net.minecraft.world.level.chunk.LevelChunk/]: Tried to load a block entity for block Block{pixelmon:boulder}[facing=south] but failed at location BlockPos{x=35695, y=89, z=-24325}
[21Nov2025 09:43:17.872] [Server thread/WARN] [net.minecraft.world.level.chunk.LevelChunk/]: Tried to load a block entity for block Block{pixelmon:boulder}[facing=west] but failed at location BlockPos{x=35695, y=89, z=-24321}
[21Nov2025 09:43:32.192] [Server thread/INFO] [net.minecraft.server.MinecraftServer/]: [lame1202: Teleported lame1202 to 25668.500000, 95.000000, 7043.500000]
[21Nov2025 09:43:37.229] [Server thread/INFO] [net.minecraft.server.MinecraftServer/]: [lame1202: Teleported lame1202 to 6884.500000, 67.000000, -12524.500000]
[21Nov2025 09:43:39.906] [Server thread/INFO] [net.minecraft.server.MinecraftServer/]: [lame1202: Teleported lame1202 to -26923.500000, 70.000000, 18043.500000]
[21Nov2025 09:43:42.495] [Server thread/INFO] [net.minecraft.server.MinecraftServer/]: [lame1202: Teleported lame1202 to -26162.500000, 97.000000, -5659.500000]
[21Nov2025 09:43:45.584] [Server thread/INFO] [net.minecraft.server.MinecraftServer/]: [lame1202: Teleported lame1202 to 13709.500000, 70.000000, -10779.500000]
[21Nov2025 09:43:47.775] [Server thread/ERROR] [com.pixelmonmod.pixelmon.Pixelmon/]: Invalid NPC preset provided: `pixelmon:old_fisherman`
[21Nov2025 09:43:48.158] [Server thread/INFO] [net.minecraft.server.MinecraftServer/]: [lame1202: Teleported lame1202 to -6667.500000, 88.000000, -32083.500000]
[21Nov2025 09:43:50.910] [Server thread/INFO] [net.minecraft.server.MinecraftServer/]: [lame1202: Teleported lame1202 to -38876.500000, 74.000000, 2588.500000]
[21Nov2025 09:43:53.859] [Server thread/INFO] [net.minecraft.server.MinecraftServer/]: [lame1202: Teleported lame1202 to 403676.500000, 80.000000, 7732.500000]
[21Nov2025 09:43:56.383] [Server thread/INFO] [net.minecraft.server.MinecraftServer/]: [lame1202: Teleported lame1202 to 35867.500000, 94.000000, -24484.500000]
[21Nov2025 09:44:13.954] [Server thread/INFO] [net.minecraft.server.commands.LocateCommand/]: Locating element pixelmon:den/mountain took 171 ms
[21Nov2025 09:44:19.199] [Server thread/INFO] [net.minecraft.server.MinecraftServer/]: [lame1202: Teleported lame1202 to 32400.500000, 94.000000, -27823.500000]
[21Nov2025 09:44:19.711] [Worker-Main-47/ERROR] [net.minecraft.world.entity.decoration.BlockAttachedEntity/]: Block-attached entity at invalid position: BlockPos{x=825, y=58, z=-547}
[21Nov2025 09:44:19.712] [Worker-Main-47/ERROR] [net.minecraft.world.entity.decoration.BlockAttachedEntity/]: Block-attached entity at invalid position: BlockPos{x=819, y=58, z=-543}
[21Nov2025 09:44:19.712] [Worker-Main-47/ERROR] [net.minecraft.world.entity.decoration.BlockAttachedEntity/]: Block-attached entity at invalid position: BlockPos{x=825, y=58, z=-539}
[21Nov2025 09:44:20.384] [Worker-Main-47/ERROR] [net.minecraft.world.entity.decoration.BlockAttachedEntity/]: Block-attached entity at invalid position: BlockPos{x=815, y=61, z=-552}
[21Nov2025 09:44:23.879] [Server thread/INFO] [net.minecraft.server.MinecraftServer/]: [lame1202: Teleported lame1202 to 32402.000000, 123.000000, -27823.000000]
[21Nov2025 09:44:28.022] [Server thread/ERROR] [com.pixelmonmod.pixelmon.Pixelmon/]: Invalid NPC preset provided: `pixelmon:trainers/femalescientist`
[21Nov2025 09:44:28.473] [Worker-Main-45/ERROR] [net.minecraft.world.entity.decoration.BlockAttachedEntity/]: Block-attached entity at invalid position: BlockPos{x=-39, y=-56, z=43}
[21Nov2025 09:44:28.474] [Worker-Main-45/ERROR] [net.minecraft.world.entity.decoration.BlockAttachedEntity/]: Block-attached entity at invalid position: BlockPos{x=-38, y=-56, z=43}
[21Nov2025 09:44:28.841] [Worker-Main-47/ERROR] [net.minecraft.world.entity.decoration.BlockAttachedEntity/]: Block-attached entity at invalid position: BlockPos{x=-36, y=-56, z=45}
[21Nov2025 09:44:28.842] [Worker-Main-47/ERROR] [net.minecraft.world.entity.decoration.BlockAttachedEntity/]: Block-attached entity at invalid position: BlockPos{x=-36, y=-56, z=46}
[21Nov2025 09:44:32.022] [Server thread/WARN] [net.minecraft.world.level.chunk.LevelChunk/]: Tried to load a block entity for block Block{pixelmon:white_chair}[facing=east] but failed at location BlockPos{x=32415, y=118, z=-27977}
[21Nov2025 09:44:32.025] [Server thread/WARN] [net.minecraft.world.level.chunk.LevelChunk/]: Tried to load a block entity for block Block{pixelmon:pink_pc}[facing=west,multipos=top] but failed at location BlockPos{x=32412, y=119, z=-27978}
[21Nov2025 09:44:32.885] [Worker-Main-47/ERROR] [net.minecraft.world.entity.decoration.BlockAttachedEntity/]: Block-attached entity at invalid position: BlockPos{x=10, y=-57, z=32}
[21Nov2025 09:44:34.759] [Worker-Main-45/WARN] [net.minecraft.world.level.levelgen.structure.pools.JigsawPlacement/]: Empty or non-existent pool: minecraft:none
[21Nov2025 09:44:34.760] [Worker-Main-45/WARN] [net.minecraft.world.level.levelgen.structure.pools.JigsawPlacement/]: Empty or non-existent pool: minecraft:none
[21Nov2025 09:44:34.780] [Worker-Main-45/WARN] [net.minecraft.world.level.levelgen.structure.pools.JigsawPlacement/]: Empty or non-existent pool: minecraft:none
[21Nov2025 09:44:34.838] [Worker-Main-45/WARN] [net.minecraft.world.level.levelgen.structure.pools.JigsawPlacement/]: Empty or non-existent pool: minecraft:none
[21Nov2025 09:44:34.860] [Worker-Main-45/WARN] [net.minecraft.world.level.levelgen.structure.pools.JigsawPlacement/]: Empty or non-existent pool: minecraft:none
[21Nov2025 09:44:34.865] [Worker-Main-45/WARN] [net.minecraft.world.level.levelgen.structure.pools.JigsawPlacement/]: Empty or non-existent pool: minecraft:none
[21Nov2025 09:44:34.886] [Worker-Main-45/WARN] [net.minecraft.world.level.levelgen.structure.pools.JigsawPlacement/]: Empty or non-existent pool: minecraft:none
[21Nov2025 09:44:34.907] [Worker-Main-45/WARN] [net.minecraft.world.level.levelgen.structure.pools.JigsawPlacement/]: Empty or non-existent pool: minecraft:none
[21Nov2025 09:44:34.907] [Worker-Main-45/WARN] [net.minecraft.world.level.levelgen.structure.pools.JigsawPlacement/]: Empty or non-existent pool: minecraft:none
[21Nov2025 09:44:34.927] [Worker-Main-45/WARN] [net.minecraft.world.level.levelgen.structure.pools.JigsawPlacement/]: Empty or non-existent pool: minecraft:none
[21Nov2025 09:44:34.927] [Worker-Main-45/WARN] [net.minecraft.world.level.levelgen.structure.pools.JigsawPlacement/]: Empty or non-existent pool: minecraft:none
[21Nov2025 09:44:34.928] [Worker-Main-45/WARN] [net.minecraft.world.level.levelgen.structure.pools.JigsawPlacement/]: Empty or non-existent pool: minecraft:none
[21Nov2025 09:44:34.975] [Worker-Main-45/WARN] [net.minecraft.world.level.levelgen.structure.pools.JigsawPlacement/]: Empty or non-existent pool: minecraft:none
[21Nov2025 09:44:34.998] [Worker-Main-45/WARN] [net.minecraft.world.level.levelgen.structure.pools.JigsawPlacement/]: Empty or non-existent pool: minecraft:none
[21Nov2025 09:44:34.998] [Worker-Main-45/WARN] [net.minecraft.world.level.levelgen.structure.pools.JigsawPlacement/]: Empty or non-existent pool: minecraft:none
[21Nov2025 09:44:35.023] [Worker-Main-45/WARN] [net.minecraft.world.level.levelgen.structure.pools.JigsawPlacement/]: Empty or non-existent pool: minecraft:none
[21Nov2025 09:44:35.024] [Worker-Main-45/WARN] [net.minecraft.world.level.levelgen.structure.pools.JigsawPlacement/]: Empty or non-existent pool: minecraft:none
[21Nov2025 09:44:35.046] [Worker-Main-45/WARN] [net.minecraft.world.level.levelgen.structure.pools.JigsawPlacement/]: Empty or non-existent pool: minecraft:none
[21Nov2025 09:44:35.046] [Worker-Main-45/WARN] [net.minecraft.world.level.levelgen.structure.pools.JigsawPlacement/]: Empty or non-existent pool: minecraft:none
[21Nov2025 09:44:35.047] [Worker-Main-45/WARN] [net.minecraft.world.level.levelgen.structure.pools.JigsawPlacement/]: Empty or non-existent pool: minecraft:none
[21Nov2025 09:44:35.072] [Worker-Main-45/WARN] [net.minecraft.world.level.levelgen.structure.pools.JigsawPlacement/]: Empty or non-existent pool: minecraft:none
[21Nov2025 09:44:35.073] [Worker-Main-45/WARN] [net.minecraft.world.level.levelgen.structure.pools.JigsawPlacement/]: Empty or non-existent pool: minecraft:none
[21Nov2025 09:44:35.099] [Worker-Main-45/WARN] [net.minecraft.world.level.levelgen.structure.pools.JigsawPlacement/]: Empty or non-existent pool: minecraft:none
[21Nov2025 09:44:35.099] [Worker-Main-45/WARN] [net.minecraft.world.level.levelgen.structure.pools.JigsawPlacement/]: Empty or non-existent pool: minecraft:none
[21Nov2025 09:44:35.100] [Worker-Main-45/WARN] [net.minecraft.world.level.levelgen.structure.pools.JigsawPlacement/]: Empty or non-existent pool: minecraft:none
[21Nov2025 09:44:35.101] [Worker-Main-45/WARN] [net.minecraft.world.level.levelgen.structure.pools.JigsawPlacement/]: Empty or non-existent pool: minecraft:none
[21Nov2025 09:44:35.101] [Worker-Main-45/WARN] [net.minecraft.world.level.levelgen.structure.pools.JigsawPlacement/]: Empty or non-existent pool: minecraft:none
[21Nov2025 09:44:35.102] [Worker-Main-45/WARN] [net.minecraft.world.level.levelgen.structure.pools.JigsawPlacement/]: Empty or non-existent pool: minecraft:none
[21Nov2025 09:44:35.102] [Worker-Main-45/WARN] [net.minecraft.world.level.levelgen.structure.pools.JigsawPlacement/]: Empty or non-existent pool: minecraft:none
[21Nov2025 09:44:36.261] [Worker-Main-47/ERROR] [net.minecraft.world.entity.decoration.BlockAttachedEntity/]: Block-attached entity at invalid position: BlockPos{x=-31, y=3, z=13}
[21Nov2025 09:44:37.676] [Server thread/WARN] [net.minecraft.world.level.chunk.LevelChunk/]: Tried to load a block entity for block Block{pixelmon:tv}[facing=north,multipos=top,on=false] but failed at location BlockPos{x=32399, y=126, z=-28013}
[21Nov2025 09:44:37.676] [Server thread/WARN] [net.minecraft.world.level.chunk.LevelChunk/]: Tried to load a block entity for block Block{pixelmon:blue_vending_machine}[facing=south,multipos=top] but failed at location BlockPos{x=32399, y=121, z=-28008}
[21Nov2025 09:44:37.677] [Server thread/WARN] [net.minecraft.world.level.chunk.LevelChunk/]: Tried to load a block entity for block Block{pixelmon:blue_rug}[facing=south,multipos=bottom] but failed at location BlockPos{x=32397, y=121, z=-28009}
[21Nov2025 09:44:37.677] [Server thread/WARN] [net.minecraft.world.level.chunk.LevelChunk/]: Tried to load a block entity for block Block{pixelmon:blue_rug}[facing=east,multipos=base] but failed at location BlockPos{x=32397, y=121, z=-28010}
[21Nov2025 09:44:38.166] [Server thread/WARN] [net.minecraft.world.level.chunk.LevelChunk/]: Tried to load a block entity for block Block{pixelmon:blue_umbrella}[facing=north,multipos=base] but failed at location BlockPos{x=32403, y=126, z=-28014}
[21Nov2025 09:44:38.167] [Server thread/WARN] [net.minecraft.world.level.chunk.LevelChunk/]: Tried to load a block entity for block Block{pixelmon:blue_umbrella}[facing=north,multipos=top] but failed at location BlockPos{x=32403, y=127, z=-28014}
[21Nov2025 09:44:38.167] [Server thread/WARN] [net.minecraft.world.level.chunk.LevelChunk/]: Tried to load a block entity for block Block{pixelmon:white_rug}[facing=north,multipos=base] but failed at location BlockPos{x=32400, y=120, z=-28011}
[21Nov2025 09:44:38.167] [Server thread/WARN] [net.minecraft.world.level.chunk.LevelChunk/]: Tried to load a block entity for block Block{pixelmon:blue_folding_chair}[facing=north] but failed at location BlockPos{x=32402, y=125, z=-28008}
[21Nov2025 09:44:38.168] [Server thread/WARN] [net.minecraft.world.level.chunk.LevelChunk/]: Tried to load a block entity for block Block{pixelmon:blue_folding_chair}[facing=west] but failed at location BlockPos{x=32403, y=125, z=-28009}
[21Nov2025 09:44:38.168] [Server thread/WARN] [net.minecraft.world.level.chunk.LevelChunk/]: Tried to load a block entity for block Block{pixelmon:blue_umbrella}[facing=south,multipos=base] but failed at location BlockPos{x=32403, y=126, z=-28008}
[21Nov2025 09:44:38.169] [Server thread/WARN] [net.minecraft.world.level.chunk.LevelChunk/]: Tried to load a block entity for block Block{pixelmon:blue_umbrella}[facing=south,multipos=top] but failed at location BlockPos{x=32403, y=127, z=-28008}
[21Nov2025 09:44:38.170] [Server thread/WARN] [net.minecraft.world.level.chunk.LevelChunk/]: Tried to load a block entity for block Block{pixelmon:white_rug}[facing=east,multipos=bottom] but failed at location BlockPos{x=32401, y=120, z=-28011}
[21Nov2025 09:44:38.171] [Server thread/WARN] [net.minecraft.world.level.chunk.LevelChunk/]: Tried to load a block entity for block Block{pixelmon:blue_folding_chair}[facing=east] but failed at location BlockPos{x=32401, y=125, z=-28009}
[21Nov2025 09:44:38.171] [Server thread/WARN] [net.minecraft.world.level.chunk.LevelChunk/]: Tried to load a block entity for block Block{pixelmon:blue_folding_chair}[facing=south] but failed at location BlockPos{x=32402, y=125, z=-28010}
[21Nov2025 09:44:38.172] [Server thread/WARN] [net.minecraft.world.level.chunk.LevelChunk/]: Tried to load a block entity for block Block{pixelmon:white_vending_machine}[facing=south,multipos=top] but failed at location BlockPos{x=32401, y=121, z=-28008}
[21Nov2025 09:44:38.173] [Server thread/WARN] [net.minecraft.world.level.chunk.LevelChunk/]: Tried to load a block entity for block Block{pixelmon:blue_vending_machine}[facing=south,multipos=top] but failed at location BlockPos{x=32403, y=121, z=-28008}
[21Nov2025 09:44:38.174] [Server thread/WARN] [net.minecraft.world.level.chunk.LevelChunk/]: Tried to load a block entity for block Block{pixelmon:boulder}[facing=south] but failed at location BlockPos{x=32442, y=110, z=-28015}
[21Nov2025 09:45:06.667] [Server thread/ERROR] [com.pixelmonmod.pixelmon.Pixelmon/]: Invalid NPC preset provided: `pixelmon:trainers/malescientist`
[21Nov2025 09:46:07.452] [User Authenticator #74/INFO] [net.minecraft.server.network.ServerLoginPacketListenerImpl/]: UUID of player tydf62 is 4e2508ea-065b-4fc8-9876-de45b568972f
[21Nov2025 09:46:11.611] [Server thread/INFO] [net.minecraft.server.players.PlayerList/]: tydf62[/172.19.0.1:53070] logged in with entity id 151074 at (3814.737367144213, 96.0, -2614.535536780495)
[21Nov2025 09:46:11.615] [Server thread/INFO] [net.minecraft.server.MinecraftServer/]: tydf62 joined the game
[21Nov2025 09:46:23.724] [Server thread/WARN] [net.minecraft.server.MinecraftServer/]: Can't keep up! Is the server overloaded? Running 12118ms or 242 ticks behind
[21Nov2025 09:46:23.818] [Server thread/INFO] [com.b1n_ry.yigd.Yigd/]: Priority overwritten for player tydf62. Claiming: GRAVE / Robbing: INVENTORY
[21Nov2025 09:46:23.827] [Server thread/WARN] [net.minecraft.server.network.ServerGamePacketListenerImpl/]: lame1202 moved too quickly! 8.867029609624296,0.0,-5.647194585118996
[21Nov2025 09:46:23.827] [Server thread/INFO] [voicechat/]: [voicechat] Received secret request of tydf62 (20)
[21Nov2025 09:46:23.829] [Server thread/INFO] [voicechat/]: [voicechat] Sent secret to tydf62
[21Nov2025 09:46:28.719] [Server thread/WARN] [net.minecraft.world.level.chunk.LevelChunk/]: Tried to load a block entity for block Block{pixelmon:red_pc}[facing=north,multipos=top] but failed at location BlockPos{x=32410, y=121, z=-28026}
[21Nov2025 09:46:28.719] [Server thread/WARN] [net.minecraft.world.level.chunk.LevelChunk/]: Tried to load a block entity for block Block{pixelmon:white_rug}[facing=east,multipos=base] but failed at location BlockPos{x=32412, y=120, z=-28023}
[21Nov2025 09:46:28.720] [Server thread/WARN] [net.minecraft.world.level.chunk.LevelChunk/]: Tried to load a block entity for block Block{pixelmon:red_cushion_chair}[facing=south] but failed at location BlockPos{x=32409, y=120, z=-28021}
[21Nov2025 09:46:28.720] [Server thread/WARN] [net.minecraft.world.level.chunk.LevelChunk/]: Tried to load a block entity for block Block{pixelmon:white_rug}[facing=south,multipos=bottom] but failed at location BlockPos{x=32412, y=120, z=-28022}
[21Nov2025 09:46:28.721] [Server thread/WARN] [net.minecraft.world.level.chunk.LevelChunk/]: Tried to load a block entity for block Block{pixelmon:red_cushion_chair}[facing=south] but failed at location BlockPos{x=32409, y=120, z=-28022}
[21Nov2025 09:46:28.721] [Server thread/WARN] [net.minecraft.world.level.chunk.LevelChunk/]: Tried to load a block entity for block Block{pixelmon:red_cushion_chair}[facing=south] but failed at location BlockPos{x=32409, y=120, z=-28023}
[21Nov2025 09:46:28.722] [Server thread/WARN] [net.minecraft.world.level.chunk.LevelChunk/]: Tried to load a block entity for block Block{pixelmon:red_trade_machine}[facing=north,multipos=bottom] but failed at location BlockPos{x=32415, y=120, z=-28022}
[21Nov2025 09:46:28.724] [Server thread/WARN] [net.minecraft.world.level.chunk.LevelChunk/]: Tried to load a block entity for block Block{pixelmon:red_trade_machine}[facing=east,multipos=top] but failed at location BlockPos{x=32415, y=121, z=-28021}
[21Nov2025 09:46:28.725] [Server thread/WARN] [net.minecraft.world.level.chunk.LevelChunk/]: Tried to load a block entity for block Block{pixelmon:red_trade_machine}[facing=north,multipos=top] but failed at location BlockPos{x=32415, y=121, z=-28022}
[21Nov2025 09:46:28.725] [Server thread/WARN] [net.minecraft.world.level.chunk.LevelChunk/]: Tried to load a block entity for block Block{pixelmon:red_trade_machine}[facing=south,multipos=bottom] but failed at location BlockPos{x=32415, y=120, z=-28020}
[21Nov2025 09:46:28.726] [Server thread/WARN] [net.minecraft.world.level.chunk.LevelChunk/]: Tried to load a block entity for block Block{pixelmon:red_trade_machine}[facing=south,multipos=top] but failed at location BlockPos{x=32415, y=121, z=-28020}
[21Nov2025 09:46:28.727] [Server thread/WARN] [net.minecraft.world.level.chunk.LevelChunk/]: Tried to load a block entity for block Block{pixelmon:cooking_pot}[facing=west,multipos=top] but failed at location BlockPos{x=32428, y=121, z=-28017}
[21Nov2025 09:46:31.822] [Worker-Main-46/ERROR] [net.minecraft.world.entity.decoration.BlockAttachedEntity/]: Block-attached entity at invalid position: BlockPos{x=779, y=23, z=-686}
[21Nov2025 09:46:31.822] [Worker-Main-46/ERROR] [net.minecraft.world.entity.decoration.BlockAttachedEntity/]: Block-attached entity at invalid position: BlockPos{x=774, y=23, z=-682}
[21Nov2025 09:46:40.573] [Server thread/INFO] [net.minecraft.world.entity.LivingEntity/]: Named entity NPC['Arthur'/151049, l='ServerLevel[world]', x=-25110.50, y=57.00, z=-3444.50] died: Arthur drowned
[21Nov2025 09:46:46.766] [Server thread/INFO] [net.minecraft.world.entity.LivingEntity/]: Named entity NPC['Elliot'/151072, l='ServerLevel[world]', x=-25112.50, y=57.00, z=-3444.50] died: Elliot drowned
[21Nov2025 09:46:46.766] [Server thread/INFO] [net.minecraft.world.entity.LivingEntity/]: Named entity NPC['Alen'/151073, l='ServerLevel[world]', x=-25118.50, y=58.00, z=-3443.50] died: Alen drowned
[21Nov2025 09:46:54.662] [Server thread/WARN] [net.minecraft.world.level.chunk.LevelChunk/]: Tried to load a block entity for block Block{pixelmon:ilex_shrine}[blockpos=top,facing=south,used=false] but failed at location BlockPos{x=32395, y=98, z=-28076}
[21Nov2025 09:47:13.963] [Server thread/INFO] [net.minecraft.world.entity.LivingEntity/]: Named entity NPC['Joel'/151324, l='ServerLevel[world]', x=-25115.50, y=57.00, z=-3446.50] died: Joel drowned
[21Nov2025 09:48:09.310] [Server thread/INFO] [net.minecraft.world.entity.LivingEntity/]: Named entity NPC['George'/151712, l='ServerLevel[world]', x=-25182.50, y=55.00, z=-3447.50] died: George drowned
[21Nov2025 09:48:09.311] [Server thread/INFO] [net.minecraft.world.entity.LivingEntity/]: Named entity NPC['George'/151716, l='ServerLevel[world]', x=-25179.50, y=54.00, z=-3442.50] died: George drowned
[21Nov2025 09:48:17.448] [Server thread/INFO] [net.minecraft.server.MinecraftServer/]: [tydf62: Teleported tydf62 to -24435.500000, 74.500000, 16220.500000]
[21Nov2025 09:48:20.211] [Server thread/INFO] [net.minecraft.world.entity.LivingEntity/]: Named entity NPC['Elliot'/151781, l='ServerLevel[world]', x=-25172.50, y=53.00, z=-3451.50] died: Elliot drowned
[21Nov2025 09:48:23.715] [Server thread/INFO] [net.minecraft.world.entity.LivingEntity/]: Named entity NPC['Arthur'/151818, l='ServerLevel[world]', x=-25130.50, y=57.00, z=-3443.50] died: Arthur drowned
[21Nov2025 09:49:00.858] [Server thread/INFO] [net.minecraft.server.commands.LocateCommand/]: Locating element pixelmon:den/badlands took 367 ms
[21Nov2025 09:49:05.318] [Server thread/INFO] [net.minecraft.server.MinecraftServer/]: [lame1202: Teleported lame1202 to 32384.500000, 121.000000, -24319.500000]
[21Nov2025 09:49:05.319] [Server thread/WARN] [net.minecraft.server.MinecraftServer/]: Can't keep up! Is the server overloaded? Running 2370ms or 47 ticks behind
[21Nov2025 09:49:06.803] [Server thread/INFO] [net.minecraft.server.MinecraftServer/]: lame1202 fell from a high place
[21Nov2025 09:49:07.848] [Server thread/INFO] [net.minecraft.world.entity.LivingEntity/]: Named entity NPC['Arthur'/152021, l='ServerLevel[world]', x=-25147.50, y=56.00, z=-3458.50] died: Arthur drowned
[21Nov2025 09:49:10.562] [Server thread/INFO] [net.minecraft.server.MinecraftServer/]: [lame1202: Teleported lame1202 to 32384.500000, 92.000000, -24319.500000]
[21Nov2025 09:49:13.141] [Worker-Main-46/ERROR] [net.minecraft.world.entity.decoration.BlockAttachedEntity/]: Block-attached entity at invalid position: BlockPos{x=618, y=16, z=-563}
[21Nov2025 09:49:14.865] [Server thread/WARN] [net.minecraft.world.level.chunk.LevelChunk/]: Tried to load a block entity for block Block{pixelmon:boulder}[facing=east] but failed at location BlockPos{x=32273, y=57, z=-24367}
[21Nov2025 09:49:14.866] [Server thread/WARN] [net.minecraft.world.level.chunk.LevelChunk/]: Tried to load a block entity for block Block{pixelmon:boulder}[facing=east] but failed at location BlockPos{x=32276, y=57, z=-24364}
[21Nov2025 09:49:14.866] [Server thread/WARN] [net.minecraft.world.level.chunk.LevelChunk/]: Tried to load a block entity for block Block{pixelmon:boulder}[facing=north] but failed at location BlockPos{x=32273, y=57, z=-24363}
[21Nov2025 09:49:27.758] [Server thread/INFO] [net.minecraft.server.MinecraftServer/]: <tydf62> ?
[21Nov2025 09:49:33.628] [Server thread/INFO] [com.b1n_ry.yigd.Yigd/]: lame1202 claimed a grave belonging to lame1202 at 32383, 78, -24319, minecraft:overworld
[21Nov2025 09:49:34.666] [Server thread/INFO] [net.minecraft.server.MinecraftServer/]: [tydf62: Teleported tydf62 to -21026.500000, 105.500000, 23907.500000]
[21Nov2025 09:50:05.286] [Server thread/INFO] [net.minecraft.server.MinecraftServer/]: [lame1202: Teleported lame1202 to 3812.500000, 101.000000, -2636.500000]
[21Nov2025 09:50:10.048] [Server thread/INFO] [net.minecraft.server.MinecraftServer/]: [@: Applied effect Saturation to 3 targets]
[21Nov2025 09:50:28.953] [Server thread/INFO] [net.minecraft.world.entity.LivingEntity/]: Named entity NPC['Brad'/152591, l='ServerLevel[world]', x=-25196.50, y=56.00, z=-3442.50] died: Brad drowned
[21Nov2025 09:50:28.953] [Server thread/INFO] [net.minecraft.world.entity.LivingEntity/]: Named entity NPC['Joel'/152601, l='ServerLevel[world]', x=-25200.50, y=57.00, z=-3442.50] died: Joel drowned
[21Nov2025 09:50:35.450] [Server thread/INFO] [net.minecraft.server.MinecraftServer/]: [tydf62: Teleported tydf62 to -24433.500000, 84.500000, 25733.500000]
[21Nov2025 09:50:41.612] [Server thread/ERROR] [com.pixelmonmod.pixelmon.Pixelmon/]: Invalid NPC preset provided: `pixelmon:trainers/malescientist`
[21Nov2025 09:51:26.914] [Server thread/INFO] [net.minecraft.server.MinecraftServer/]: [tydf62: Teleported tydf62 to -24443.500000, 81.500000, 32292.500000]
[21Nov2025 09:52:10.529] [Server thread/INFO] [net.minecraft.server.MinecraftServer/]: [tydf62: Teleported tydf62 to -24506.500000, 63.500000, 34065.500000]
[21Nov2025 09:52:45.193] [Server thread/INFO] [net.minecraft.server.MinecraftServer/]: [tydf62: Teleported tydf62 to -24458.500000, 108.500000, 35915.500000]
[21Nov2025 09:53:25.821] [Server thread/INFO] [net.minecraft.server.MinecraftServer/]: [tydf62: Teleported tydf62 to -24394.500000, 109.500000, 36603.500000]
[21Nov2025 09:53:29.932] [Server thread/INFO] [net.minecraft.server.MinecraftServer/]: [tydf62: Teleported tydf62 to -24427.500000, 92.500000, 38285.500000]
[21Nov2025 09:53:30.717] [Server thread/INFO] [net.minecraft.world.entity.LivingEntity/]: Named entity NPC['Kai'/153386, l='ServerLevel[world]', x=-25138.50, y=57.00, z=-3451.50] died: Kai drowned
[21Nov2025 09:54:11.067] [Server thread/INFO] [net.minecraft.server.MinecraftServer/]: [tydf62: Teleported tydf62 to -24403.500000, 73.500000, 40732.500000]
[21Nov2025 09:54:36.673] [Server thread/INFO] [net.minecraft.world.entity.LivingEntity/]: Named entity NPC['Messi'/153121, l='ServerLevel[world]', x=3822.76, y=87.00, z=-2534.43] died: Messi was slain by lame1202
[21Nov2025 09:54:43.221] [Server thread/INFO] [net.minecraft.server.MinecraftServer/]: [lame1202: Teleported lame1202 to 25668.500000, 95.000000, 7043.500000]
[21Nov2025 09:54:47.235] [Server thread/INFO] [net.minecraft.server.MinecraftServer/]: [lame1202: Teleported lame1202 to 32379.500000, 78.000000, -24315.500000]
[21Nov2025 09:54:56.186] [Server thread/INFO] [net.minecraft.server.MinecraftServer/]: [tydf62: Teleported tydf62 to -24411.500000, 47.500000, 41779.500000]
[21Nov2025 09:54:56.672] [Server thread/INFO] [net.minecraft.server.MinecraftServer/]: [lame1202: Teleported lame1202 to 6884.500000, 67.000000, -12524.500000]
[21Nov2025 09:55:02.825] [Server thread/INFO] [net.minecraft.server.MinecraftServer/]: <lame1202> 어우 근육통이
[21Nov2025 09:55:12.929] [Server thread/INFO] [net.minecraft.server.MinecraftServer/]: <lame1202> 어깨 등 팔 가슴 다리 허벅지 종아리
[21Nov2025 09:55:14.723] [Server thread/INFO] [net.minecraft.server.MinecraftServer/]: <lame1202> 스발
[21Nov2025 09:55:16.943] [Server thread/INFO] [net.minecraft.world.entity.LivingEntity/]: Named entity NPC['Dean'/154178, l='ServerLevel[world]', x=-24413.50, y=41.00, z=41780.50] died: Dean discovered the floor was lava
[21Nov2025 09:55:26.313] [Server thread/INFO] [net.minecraft.server.MinecraftServer/]: [lame1202: Teleported lame1202 to -26923.500000, 70.000000, 18043.500000]
[21Nov2025 09:55:41.929] [Server thread/INFO] [net.minecraft.server.MinecraftServer/]: [tydf62: Teleported tydf62 to -24485.500000, 63.500000, 45229.500000]
[21Nov2025 09:56:05.625] [Server thread/INFO] [net.minecraft.server.MinecraftServer/]: [lame1202: Teleported lame1202 to -26162.500000, 97.000000, -5659.500000]
[21Nov2025 09:56:16.591] [Server thread/INFO] [net.minecraft.server.MinecraftServer/]: [lame1202: Teleported lame1202 to 13709.500000, 70.000000, -10779.500000]
[21Nov2025 09:56:17.243] [Server thread/INFO] [net.minecraft.world.entity.LivingEntity/]: Named entity NPC['Jim'/154424, l='ServerLevel[world]', x=-24432.50, y=49.00, z=45166.50] died: Jim drowned
[21Nov2025 09:56:21.681] [Server thread/INFO] [net.minecraft.server.MinecraftServer/]: [tydf62: Teleported tydf62 to -24406.500000, 68.500000, 47699.500000]
[21Nov2025 09:56:49.147] [User Authenticator #75/INFO] [net.minecraft.server.network.ServerLoginPacketListenerImpl/]: UUID of player lame1202 is cf928e1e-2069-4923-bfa2-89a09778628b
[21Nov2025 09:56:49.190] [Server thread/INFO] [net.minecraft.server.network.ServerGamePacketListenerImpl/]: lame1202 lost connection: You logged in from another location
[21Nov2025 09:56:49.191] [Server thread/INFO] [net.minecraft.server.MinecraftServer/]: lame1202 left the game
[21Nov2025 09:56:49.192] [Server thread/INFO] [voicechat/]: [voicechat] Disconnecting client lame1202
[21Nov2025 09:56:49.244] [Server thread/WARN] [net.minecraft.network.Connection/]: handleDisconnection() called twice
[21Nov2025 09:57:20.641] [Server thread/INFO] [net.minecraft.server.MinecraftServer/]: [tydf62: Teleported tydf62 to -24401.500000, 121.500000, 48636.500000]
[21Nov2025 09:57:55.053] [Server thread/INFO] [net.minecraft.server.MinecraftServer/]: [tydf62: Teleported tydf62 to -24434.500000, 63.500000, 57849.500000]
[21Nov2025 09:58:04.133] [Server thread/INFO] [net.minecraft.server.network.ServerConfigurationPacketListenerImpl/]: com.mojang.authlib.GameProfile@47f56012[id=cf928e1e-2069-4923-bfa2-89a09778628b,name=lame1202,properties={textures=[Property[name=textures, value=ewogICJ0aW1lc3RhbXAiIDogMTc2MzY4NjYwOTk5NCwKICAicHJvZmlsZUlkIiA6ICJjZjkyOGUxZTIwNjk0OTIzYmZhMjg5YTA5Nzc4NjI4YiIsCiAgInByb2ZpbGVOYW1lIiA6ICJsYW1lMTIwMiIsCiAgInNpZ25hdHVyZVJlcXVpcmVkIiA6IHRydWUsCiAgInRleHR1cmVzIiA6IHsKICAgICJTS0lOIiA6IHsKICAgICAgInVybCIgOiAiaHR0cDovL3RleHR1cmVzLm1pbmVjcmFmdC5uZXQvdGV4dHVyZS9lNzBjNzZjMTE3MDRmY2YwMjQ2N2YyYTExZWVmODc5YjRkYWMwM2Y4NWIwNzUyOGNhMWRlMzljZTNmZDBjMWZmIiwKICAgICAgIm1ldGFkYXRhIiA6IHsKICAgICAgICAibW9kZWwiIDogInNsaW0iCiAgICAgIH0KICAgIH0sCiAgICAiQ0FQRSIgOiB7CiAgICAgICJ1cmwiIDogImh0dHA6Ly90ZXh0dXJlcy5taW5lY3JhZnQubmV0L3RleHR1cmUvMjM0MGMwZTAzZGQyNGExMWIxNWE4YjMzYzJhN2U5ZTMyYWJiMjA1MWIyNDgxZDBiYTdkZWZkNjM1Y2E3YTkzMyIKICAgIH0KICB9Cn0=, signature=CI5cj0uBmyl/jaQj3L+7/1KcD1SXaSX6uyEsEgwsyTNYyBsujqBVu7nzkzgLeBQrINYOCVGLxnN3PgmF4dmO6ZdsIuqbubzE/2SiST2M0aoxdXpNQmAbBZ8YT+YJzz4rxBToKgkZZjPuOL+uOiqL+nukf4Xa0U0iDkc22wjuGvHj61VJG6ARYCIhqqz/WJzlWisrizdsInVfLwP05tkew606HPLQQisTQRyWs0s4hM6V3GPVoWciMjxK4kWVmpgmab736pI+VO77Cou4lCwvy/tMHzrGivYEsF/Lvm82O35yV/PuxQwplMeHKE0Hqcv6qVunGVTPLI8b2OIpHOuYDSvMyNKUw+E1XVL8d9mVV76dQxNgck70TRleeqhi0JAu1N1FS4vltafa+3+x7XNrF6cMxQTHvfnY3gpSqv2RrPjI/uOaxg25JsZCA2rs+OlxaHfdLCZs3cfmc10+hx0z5IS1WqGabwE8LZQmpV5bVYM+K/YnyQCJbGFmZeSGWqVqSvfMH4lEzW3GDnUkMYHrU30F+dcxv2n8lNQnRB7meOEQlcwzMvXLKipf+SkFa8WTmTPZxsYL7kJLGssitnoEgM/3cXYeUbAZ8ooYes303gTNfQq6eERbkYpkKU2LYGDCHwFoCk5W7uwCxBG9tpSa6lzbP38RTrjybsk1FioNt2I=]]}] lost connection: Disconnected
[21Nov2025 09:58:25.082] [Server thread/INFO] [net.minecraft.world.entity.LivingEntity/]: Named entity NPC['Brad'/154859, l='ServerLevel[world]', x=-24537.50, y=51.00, z=57888.50] died: Brad drowned
[21Nov2025 09:58:28.231] [Server thread/INFO] [net.minecraft.world.entity.LivingEntity/]: Named entity NPC['Carlos'/154878, l='ServerLevel[world]', x=-24402.50, y=51.00, z=57880.50] died: Carlos drowned
[21Nov2025 09:58:31.097] [Server thread/INFO] [net.minecraft.server.MinecraftServer/]: [tydf62: Teleported tydf62 to -24501.500000, 63.500000, 58765.500000]
[21Nov2025 09:59:30.128] [Server thread/INFO] [net.minecraft.server.MinecraftServer/]: [tydf62: Teleported tydf62 to -24420.500000, 64.500000, 59548.500000]
[21Nov2025 09:59:35.224] [Server thread/INFO] [net.minecraft.server.MinecraftServer/]: [tydf62: Teleported tydf62 to -24385.500000, 63.500000, 62026.500000]
[21Nov2025 09:59:59.927] [User Authenticator #76/INFO] [net.minecraft.server.network.ServerLoginPacketListenerImpl/]: UUID of player lame1202 is cf928e1e-2069-4923-bfa2-89a09778628b
[21Nov2025 10:00:04.978] [Server thread/INFO] [net.minecraft.world.entity.LivingEntity/]: Named entity NPC['Ashton'/155394, l='ServerLevel[world]', x=-24333.50, y=48.49, z=61994.50] died: Ashton drowned
[21Nov2025 10:00:10.792] [Server thread/INFO] [net.minecraft.server.players.PlayerList/]: lame1202[/172.19.0.1:47450] logged in with entity id 155434 at (13709.5, 70.0, -10779.5)
[21Nov2025 10:00:10.801] [Server thread/INFO] [net.minecraft.server.MinecraftServer/]: lame1202 joined the game
[21Nov2025 10:00:28.650] [Server thread/WARN] [net.minecraft.server.MinecraftServer/]: Can't keep up! Is the server overloaded? Running 17880ms or 357 ticks behind
[21Nov2025 10:00:28.733] [Server thread/INFO] [net.minecraft.server.MinecraftServer/]: [tydf62: Teleported tydf62 to -24341.500000, 63.500000, 62759.500000]
[21Nov2025 10:00:28.734] [Server thread/INFO] [com.b1n_ry.yigd.Yigd/]: Priority overwritten for player lame1202. Claiming: GRAVE / Robbing: INVENTORY
[21Nov2025 10:00:28.745] [Server thread/INFO] [voicechat/]: [voicechat] Received secret request of lame1202 (20)
[21Nov2025 10:00:28.747] [Server thread/INFO] [voicechat/]: [voicechat] Sent secret to lame1202
[21Nov2025 10:00:33.495] [Server thread/INFO] [net.minecraft.server.MinecraftServer/]: [tydf62: Teleported tydf62 to -24369.500000, 63.500000, 64570.500000]
[21Nov2025 10:00:40.581] [Server thread/INFO] [net.minecraft.server.MinecraftServer/]: [lame1202: Teleported lame1202 to -6667.500000, 88.000000, -32083.500000]
[21Nov2025 10:00:40.751] [Server thread/INFO] [net.minecraft.server.MinecraftServer/]: [tydf62: Teleported tydf62 to -9067.500000, 77.500000, 37341.500000]
[21Nov2025 10:00:41.182] [Server thread/INFO] [net.minecraft.server.MinecraftServer/]: [Pixelmon] Landorus has appeared in a den in a Badlands biome!
[21Nov2025 10:00:41.182] [Server thread/INFO] [net.minecraft.server.MinecraftServer/]: Spawned Landorus at: minecraft:overworld x:-6668, y:88, z:-32084
[21Nov2025 10:00:56.731] [Server thread/INFO] [net.minecraft.server.MinecraftServer/]: <tydf62> 모래성이당
[21Nov2025 10:00:56.829] [Server thread/INFO] [net.minecraft.server.MinecraftServer/]: <lame1202> 랜드로스는 좀
[21Nov2025 10:01:05.880] [Server thread/INFO] [net.minecraft.server.MinecraftServer/]: <tydf62> 이름 짜치네
[21Nov2025 10:01:08.426] [Server thread/INFO] [net.minecraft.world.entity.LivingEntity/]: Named entity NPC['Kai'/155699, l='ServerLevel[world]', x=-25123.50, y=58.00, z=-3440.50] died: Kai drowned
[21Nov2025 10:01:11.479] [Server thread/INFO] [net.minecraft.world.entity.LivingEntity/]: Named entity NPC['Ian'/155764, l='ServerLevel[world]', x=-9141.50, y=48.49, z=37373.50] died: Ian drowned
[21Nov2025 10:01:11.480] [Server thread/INFO] [net.minecraft.world.entity.LivingEntity/]: Named entity NPC['Henry'/155765, l='ServerLevel[world]', x=-9145.50, y=50.00, z=37372.50] died: Henry drowned
[21Nov2025 10:01:16.289] [Server thread/INFO] [net.minecraft.server.commands.LocateCommand/]: Locating element minecraft:ruined_portal_mountain took 403 ms
[21Nov2025 10:01:22.666] [Server thread/INFO] [net.minecraft.server.MinecraftServer/]: [Dulmin: Teleported Dulmin to -26607.500000, 65.500000, -5727.500000]
[21Nov2025 10:01:51.559] [Server thread/INFO] [net.minecraft.server.commands.LocateCommand/]: Locating element pixelmon:den/mountain took 266 ms
[21Nov2025 10:02:04.390] [Server thread/INFO] [net.minecraft.server.MinecraftServer/]: [Dulmin: Teleported Dulmin to -28591.500000, 120.000000, -8159.500000]
[21Nov2025 10:02:15.985] [Server thread/INFO] [net.minecraft.world.entity.LivingEntity/]: Named entity NPC['Alex'/155987, l='ServerLevel[world]', x=-9123.50, y=48.49, z=37277.50] died: Alex drowned
[21Nov2025 10:02:23.597] [Server thread/INFO] [net.minecraft.server.MinecraftServer/]: [tydf62: Teleported tydf62 to 1783.500000, 123.500000, 43444.500000]
[21Nov2025 10:02:33.848] [Server thread/INFO] [net.minecraft.server.MinecraftServer/]: [tydf62: Teleported tydf62 to -21026.500000, 105.500000, 23907.500000]
[21Nov2025 10:02:40.726] [Server thread/ERROR] [com.pixelmonmod.pixelmon.Pixelmon/]: Invalid NPC preset provided: `pixelmon:trainers/malescientist`
[21Nov2025 10:02:49.178] [Server thread/INFO] [net.minecraft.server.MinecraftServer/]: [lame1202: Set own game mode to Creative Mode]
[21Nov2025 10:03:05.272] [Server thread/ERROR] [com.pixelmonmod.pixelmon.Pixelmon/]: Invalid NPC preset provided: `pixelmon:trainers/femalegalacticgrunt`
[21Nov2025 10:03:10.775] [Server thread/ERROR] [com.pixelmonmod.pixelmon.Pixelmon/]: Invalid NPC preset provided: `pixelmon:trainers/femalegalacticgrunt`
[21Nov2025 10:03:23.351] [Server thread/INFO] [net.minecraft.server.MinecraftServer/]: [tydf62: Teleported tydf62 to -26162.500000, 97.500000, -5659.500000]
[21Nov2025 10:03:29.387] [Server thread/INFO] [net.minecraft.server.MinecraftServer/]: [tydf62: Teleported tydf62 to -2363.500000, 86.500000, 132.500000]
[21Nov2025 10:04:41.261] [Server thread/INFO] [net.minecraft.server.MinecraftServer/]: [tydf62: Teleported tydf62 to 1028.500000, 43.500000, 7011.500000]
[21Nov2025 10:04:42.263] [Server thread/INFO] [net.minecraft.server.MinecraftServer/]: [@: Summoned new Den]
[21Nov2025 10:04:59.906] [Server thread/INFO] [net.minecraft.server.MinecraftServer/]: [lame1202: Set own game mode to Survival Mode]
[21Nov2025 10:05:05.367] [Server thread/INFO] [net.minecraft.world.entity.LivingEntity/]: Named entity NPC['Sean'/157101, l='ServerLevel[world]', x=1026.50, y=37.00, z=7012.50] died: Sean discovered the floor was lava
[21Nov2025 10:05:09.266] [Server thread/INFO] [net.minecraft.world.entity.LivingEntity/]: Named entity NPC['Declan'/157020, l='ServerLevel[world]', x=1103.50, y=49.00, z=7059.50] died: Declan drowned
[21Nov2025 10:05:20.765] [Server thread/INFO] [net.minecraft.world.entity.LivingEntity/]: Named entity NPC['Sean'/157100, l='ServerLevel[world]', x=1028.32, y=37.00, z=7014.68] died: Sean drowned
[21Nov2025 10:05:20.766] [Server thread/INFO] [net.minecraft.world.entity.LivingEntity/]: Named entity NPC['Alfie'/157102, l='ServerLevel[world]', x=1028.06, y=37.00, z=7010.32] died: Alfie drowned
[21Nov2025 10:05:22.429] [Server thread/ERROR] [com.pixelmonmod.pixelmon.Pixelmon/]: Error executing command: checkspawns
java.lang.IllegalArgumentException: Permission node not found: pixelmon.checkspawns.normal
	at TRANSFORMER/pixelmon@9.3.9/com.pixelmonmod.pixelmon.api.util.helpers.PlayerHelper.hasPermission(PlayerHelper.java:47) ~[Pixelmon-1.21.1-9.3.9-universal.jar%23138!/:9.3.9-PIPE28826]
	at TRANSFORMER/pixelmon@9.3.9/com.pixelmonmod.pixelmon.api.command.PixelmonCommandUtils.hasPermission(PixelmonCommandUtils.java:571) ~[Pixelmon-1.21.1-9.3.9-universal.jar%23138!/:9.3.9-PIPE28826]
	at TRANSFORMER/pixelmon@9.3.9/com.pixelmonmod.pixelmon.command.impl.CheckSpawnsCommand.execute(CheckSpawnsCommand.java:44) ~[Pixelmon-1.21.1-9.3.9-universal.jar%23138!/:9.3.9-PIPE28826]
	at TRANSFORMER/pixelmon@9.3.9/com.pixelmonmod.pixelmon.command.PixelCommand.executeCommand(PixelCommand.java:158) ~[Pixelmon-1.21.1-9.3.9-universal.jar%23138!/:9.3.9-PIPE28826]
	at TRANSFORMER/pixelmon@9.3.9/com.pixelmonmod.pixelmon.command.PixelCommand.handleExecution(PixelCommand.java:128) ~[Pixelmon-1.21.1-9.3.9-universal.jar%23138!/:9.3.9-PIPE28826]
	at TRANSFORMER/pixelmon@9.3.9/com.pixelmonmod.pixelmon.command.PixelCommand.lambda$new$1(PixelCommand.java:51) ~[Pixelmon-1.21.1-9.3.9-universal.jar%23138!/:9.3.9-PIPE28826]
	at MC-BOOTSTRAP/brigadier@1.3.10/com.mojang.brigadier.context.ContextChain.runExecutable(ContextChain.java:73) ~[brigadier-1.3.10.jar%2399!/:?]
	at TRANSFORMER/minecraft@1.21.1/net.minecraft.commands.execution.tasks.ExecuteCommand.execute(ExecuteCommand.java:29) ~[server-1.21.1-20240808.144430-srg.jar%23130!/:?]
	at TRANSFORMER/minecraft@1.21.1/net.minecraft.commands.execution.tasks.ExecuteCommand.execute(ExecuteCommand.java:13) ~[server-1.21.1-20240808.144430-srg.jar%23130!/:?]
	at TRANSFORMER/minecraft@1.21.1/net.minecraft.commands.execution.UnboundEntryAction.lambda$bind$0(UnboundEntryAction.java:8) ~[server-1.21.1-20240808.144430-srg.jar%23130!/:?]
	at TRANSFORMER/minecraft@1.21.1/net.minecraft.commands.execution.CommandQueueEntry.execute(CommandQueueEntry.java:8) ~[server-1.21.1-20240808.144430-srg.jar%23130!/:?]
	at TRANSFORMER/minecraft@1.21.1/net.minecraft.commands.execution.ExecutionContext.runCommandQueue(ExecutionContext.java:107) ~[server-1.21.1-20240808.144430-srg.jar%23130!/:?]
	at TRANSFORMER/minecraft@1.21.1/net.minecraft.commands.Commands.executeCommandInContext(Commands.java:363) ~[server-1.21.1-20240808.144430-srg.jar%23130!/:?]
	at TRANSFORMER/minecraft@1.21.1/net.minecraft.commands.Commands.performCommand(Commands.java:284) ~[server-1.21.1-20240808.144430-srg.jar%23130!/:?]
	at TRANSFORMER/minecraft@1.21.1/net.minecraft.server.network.ServerGamePacketListenerImpl.performUnsignedChatCommand(ServerGamePacketListenerImpl.java:1282) ~[server-1.21.1-20240808.144430-srg.jar%23130!/:?]
	at TRANSFORMER/minecraft@1.21.1/net.minecraft.server.network.ServerGamePacketListenerImpl.lambda$handleChatCommand$7(ServerGamePacketListenerImpl.java:1269) ~[server-1.21.1-20240808.144430-srg.jar%23130!/:?]
	at TRANSFORMER/minecraft@1.21.1/net.minecraft.server.TickTask.run(TickTask.java:18) ~[server-1.21.1-20240808.144430-srg.jar%23130!/:?]
	at TRANSFORMER/minecraft@1.21.1/net.minecraft.util.thread.BlockableEventLoop.doRunTask(BlockableEventLoop.java:148) ~[server-1.21.1-20240808.144430-srg.jar%23130!/:?]
	at TRANSFORMER/minecraft@1.21.1/net.minecraft.util.thread.ReentrantBlockableEventLoop.doRunTask(ReentrantBlockableEventLoop.java:23) ~[server-1.21.1-20240808.144430-srg.jar%23130!/:?]
	at TRANSFORMER/minecraft@1.21.1/net.minecraft.server.MinecraftServer.doRunTask(MinecraftServer.java:872) ~[server-1.21.1-20240808.144430-srg.jar%23130!/:?]
	at TRANSFORMER/minecraft@1.21.1/net.minecraft.server.MinecraftServer.doRunTask(MinecraftServer.java:170) ~[server-1.21.1-20240808.144430-srg.jar%23130!/:?]
	at TRANSFORMER/minecraft@1.21.1/net.minecraft.util.thread.BlockableEventLoop.pollTask(BlockableEventLoop.java:122) ~[server-1.21.1-20240808.144430-srg.jar%23130!/:?]
	at TRANSFORMER/minecraft@1.21.1/net.minecraft.server.MinecraftServer.pollTaskInternal(MinecraftServer.java:855) ~[server-1.21.1-20240808.144430-srg.jar%23130!/:?]
	at TRANSFORMER/minecraft@1.21.1/net.minecraft.server.MinecraftServer.pollTask(MinecraftServer.java:849) ~[server-1.21.1-20240808.144430-srg.jar%23130!/:?]
	at TRANSFORMER/minecraft@1.21.1/net.minecraft.util.thread.BlockableEventLoop.managedBlock(BlockableEventLoop.java:132) ~[server-1.21.1-20240808.144430-srg.jar%23130!/:?]
	at TRANSFORMER/minecraft@1.21.1/net.minecraft.server.MinecraftServer.managedBlock(MinecraftServer.java:821) ~[server-1.21.1-20240808.144430-srg.jar%23130!/:?]
	at TRANSFORMER/minecraft@1.21.1/net.minecraft.server.MinecraftServer.mixinextras$bridge$managedBlock$269(MinecraftServer.java) ~[server-1.21.1-20240808.144430-srg.jar%23130!/:?]
	at TRANSFORMER/minecraft@1.21.1/net.minecraft.server.MinecraftServer.wrapOperation$zbh000$modernfix$managedBlock(MinecraftServer.java:2154) ~[server-1.21.1-20240808.144430-srg.jar%23130!/:?]
	at TRANSFORMER/minecraft@1.21.1/net.minecraft.server.MinecraftServer.waitUntilNextTick(MinecraftServer.java:826) ~[server-1.21.1-20240808.144430-srg.jar%23130!/:?]
	at TRANSFORMER/minecraft@1.21.1/net.minecraft.server.MinecraftServer.runServer(MinecraftServer.java:712) ~[server-1.21.1-20240808.144430-srg.jar%23130!/:?]
	at TRANSFORMER/minecraft@1.21.1/net.minecraft.server.MinecraftServer.lambda$spin$2(MinecraftServer.java:267) ~[server-1.21.1-20240808.144430-srg.jar%23130!/:?]
	at java.base/java.lang.Thread.run(Unknown Source) [?:?]
[21Nov2025 10:05:45.665] [Server thread/INFO] [net.minecraft.server.MinecraftServer/]: [tydf62: Teleported tydf62 to 1829.500000, 63.500000, 5191.500000]
[21Nov2025 10:05:50.693] [Server thread/INFO] [net.minecraft.server.MinecraftServer/]: [tydf62: Teleported tydf62 to 2747.500000, 74.500000, -1507.500000]
[21Nov2025 10:06:03.165] [Server thread/ERROR] [com.pixelmonmod.pixelmon.Pixelmon/]: Invalid NPC preset provided: `pixelmon:trainers/malegalacticgrunt`
[21Nov2025 10:06:06.366] [Server thread/ERROR] [com.pixelmonmod.pixelmon.Pixelmon/]: Invalid NPC preset provided: `pixelmon:trainers/maleplasmagrunt`
[21Nov2025 10:06:41.636] [Server thread/INFO] [net.minecraft.server.MinecraftServer/]: [tydf62: Teleported tydf62 to 3628.500000, 83.500000, -4985.500000]
[21Nov2025 10:06:48.930] [Server thread/INFO] [net.minecraft.server.MinecraftServer/]: [tydf62: Teleported tydf62 to 6995.500000, 63.500000, -11593.500000]
[21Nov2025 10:07:16.962] [Server thread/INFO] [net.minecraft.world.entity.LivingEntity/]: Named entity NPC['Henry'/157546, l='ServerLevel[world]', x=6909.50, y=57.00, z=-11632.50] died: Henry drowned
[21Nov2025 10:07:20.561] [Server thread/INFO] [net.minecraft.world.entity.LivingEntity/]: Named entity NPC['Glen'/157584, l='ServerLevel[world]', x=6948.50, y=56.00, z=-11620.50] died: Glen drowned
[21Nov2025 10:07:25.858] [Server thread/INFO] [net.minecraft.world.entity.LivingEntity/]: Named entity NPC['Sophie'/157612, l='ServerLevel[world]', x=6995.32, y=46.00, z=-11595.68] died: Sophie drowned
[21Nov2025 10:07:25.859] [Server thread/INFO] [net.minecraft.world.entity.LivingEntity/]: Named entity NPC['Portia'/157613, l='ServerLevel[world]', x=6997.50, y=46.00, z=-11597.50] died: Portia drowned
[21Nov2025 10:07:54.433] [Server thread/INFO] [net.minecraft.server.MinecraftServer/]: [tydf62: Teleported tydf62 to 10333.500000, 101.500000, -22851.500000]
[21Nov2025 10:07:59.026] [Server thread/INFO] [net.minecraft.server.MinecraftServer/]: [tydf62: Teleported tydf62 to 11126.500000, 68.500000, -10787.500000]
[21Nov2025 10:08:02.265] [Server thread/INFO] [net.minecraft.server.MinecraftServer/]: [tydf62: Teleported tydf62 to 9478.500000, 72.500000, -8323.500000]
[21Nov2025 10:08:58.090] [Server thread/INFO] [net.minecraft.server.MinecraftServer/]: [tydf62: Teleported tydf62 to 23100.500000, 79.500000, 3556.500000]
[21Nov2025 10:09:02.656] [Server thread/ERROR] [com.pixelmonmod.pixelmon.Pixelmon/]: Invalid NPC preset provided: `pixelmon:trainers/femalescientist`
[21Nov2025 10:09:06.819] [Server thread/ERROR] [com.pixelmonmod.pixelmon.Pixelmon/]: Invalid NPC preset provided: `pixelmon:trainers/femalescientist`
[21Nov2025 10:09:40.606] [Server thread/ERROR] [com.pixelmonmod.pixelmon.Pixelmon/]: Invalid NPC preset provided: `pixelmon:trainers/malescientist`
[21Nov2025 10:09:50.329] [Server thread/WARN] [net.minecraft.server.network.ServerGamePacketListenerImpl/]: lame1202 moved wrongly!
[21Nov2025 10:10:00.645] [Server thread/INFO] [net.minecraft.server.MinecraftServer/]: [tydf62: Teleported tydf62 to 25668.500000, 69.500000, 3547.500000]
[21Nov2025 10:10:30.879] [Server thread/INFO] [net.minecraft.server.MinecraftServer/]: [tydf62: Teleported tydf62 to 26395.500000, 75.500000, 3626.500000]
[21Nov2025 10:10:53.807] [Server thread/INFO] [net.minecraft.server.MinecraftServer/]: [lame1202: Teleported lame1202 to 25668.500000, 95.000000, 7043.500000]
[21Nov2025 10:10:59.351] [Server thread/ERROR] [com.pixelmonmod.pixelmon.Pixelmon/]: Invalid NPC preset provided: `pixelmon:trainers/femalescientist`
[21Nov2025 10:11:07.775] [Server thread/INFO] [net.minecraft.server.MinecraftServer/]: [lame1202: Teleported lame1202 to 32379.500000, 78.000000, -24315.500000]
[21Nov2025 10:11:07.790] [Server thread/WARN] [net.minecraft.server.network.ServerGamePacketListenerImpl/]: lame1202 moved too quickly! 6710.083041319842,-17.5,-31361.02264690675
[21Nov2025 10:11:19.247] [Server thread/INFO] [net.minecraft.server.MinecraftServer/]: [lame1202: Teleported lame1202 to 6884.500000, 67.000000, -12524.500000]
[21Nov2025 10:11:21.246] [Server thread/INFO] [net.minecraft.server.MinecraftServer/]: [tydf62: Teleported tydf62 to 25669.500000, 95.500000, 7045.500000]
[21Nov2025 10:11:21.739] [Server thread/INFO] [net.minecraft.server.MinecraftServer/]: [lame1202: Teleported lame1202 to 32379.500000, 78.000000, -24315.500000]
[21Nov2025 10:11:25.650] [Server thread/ERROR] [com.pixelmonmod.pixelmon.Pixelmon/]: Invalid NPC preset provided: `pixelmon:trainers/malescientist`
[21Nov2025 10:11:26.080] [Server thread/INFO] [net.minecraft.server.MinecraftServer/]: [tydf62: Teleported tydf62 to 34829.500000, 117.500000, 5220.500000]
[21Nov2025 10:11:30.116] [Server thread/INFO] [net.minecraft.server.MinecraftServer/]: [lame1202: Teleported lame1202 to 6884.500000, 67.000000, -12524.500000]
[21Nov2025 10:11:32.608] [Server thread/INFO] [net.minecraft.server.MinecraftServer/]: [lame1202: Teleported lame1202 to 32379.500000, 78.000000, -24315.500000]
[21Nov2025 10:11:39.534] [Server thread/INFO] [net.minecraft.server.MinecraftServer/]: [lame1202: Teleported lame1202 to 35867.500000, 94.000000, -24484.500000]
[21Nov2025 10:11:43.323] [Server thread/INFO] [net.minecraft.server.MinecraftServer/]: [lame1202: Teleported lame1202 to 32379.500000, 78.000000, -24315.500000]
[21Nov2025 10:11:44.905] [Server thread/INFO] [net.minecraft.server.MinecraftServer/]: [Dulmin: Teleported Dulmin to -14097.500000, 130.500000, 28941.500000]
[21Nov2025 10:11:51.406] [Server thread/INFO] [net.minecraft.server.MinecraftServer/]: [lame1202: Teleported lame1202 to 35867.500000, 94.000000, -24484.500000]
[21Nov2025 10:11:57.156] [Server thread/INFO] [net.minecraft.server.MinecraftServer/]: [Dulmin: Teleported Dulmin to -17549.500000, 95.500000, 28083.500000]
[21Nov2025 10:11:58.157] [Server thread/INFO] [net.minecraft.server.MinecraftServer/]: [lame1202: Teleported lame1202 to 32379.500000, 78.000000, -24315.500000]
[21Nov2025 10:12:05.523] [Server thread/INFO] [net.minecraft.server.MinecraftServer/]: [lame1202: Teleported lame1202 to 35867.500000, 94.000000, -24484.500000]
[21Nov2025 10:12:12.455] [Server thread/INFO] [net.minecraft.server.MinecraftServer/]: [lame1202: Teleported lame1202 to 32379.500000, 78.000000, -24315.500000]
[21Nov2025 10:12:14.603] [Server thread/INFO] [net.minecraft.server.MinecraftServer/]: [Dulmin: Teleported Dulmin to -7617.500000, 129.500000, 37372.500000]
[21Nov2025 10:12:16.657] [Server thread/INFO] [net.minecraft.server.MinecraftServer/]: [tydf62: Teleported tydf62 to 34995.500000, 88.500000, 6149.500000]
[21Nov2025 10:12:19.023] [Server thread/INFO] [net.minecraft.server.MinecraftServer/]: [lame1202: Teleported lame1202 to 35867.500000, 94.000000, -24484.500000]
[21Nov2025 10:12:28.077] [Server thread/INFO] [net.minecraft.server.MinecraftServer/]: [lame1202: Teleported lame1202 to 32379.500000, 78.000000, -24315.500000]
[21Nov2025 10:12:33.565] [Server thread/INFO] [net.minecraft.server.MinecraftServer/]: [lame1202: Teleported lame1202 to 6884.500000, 67.000000, -12524.500000]
[21Nov2025 10:12:36.852] [Server thread/INFO] [net.minecraft.server.MinecraftServer/]: [lame1202: Teleported lame1202 to 25668.500000, 95.000000, 7043.500000]
[21Nov2025 10:12:43.032] [Server thread/INFO] [net.minecraft.server.MinecraftServer/]: [lame1202: Teleported lame1202 to -26923.500000, 70.000000, 18043.500000]
[21Nov2025 10:12:50.671] [Server thread/INFO] [net.minecraft.server.MinecraftServer/]: [lame1202: Teleported lame1202 to -26162.500000, 97.000000, -5659.500000]
[21Nov2025 10:12:58.998] [Server thread/INFO] [net.minecraft.server.MinecraftServer/]: [lame1202: Teleported lame1202 to 13709.500000, 70.000000, -10779.500000]
[21Nov2025 10:13:05.087] [Server thread/INFO] [net.minecraft.server.MinecraftServer/]: [lame1202: Teleported lame1202 to -6667.500000, 88.000000, -32083.500000]
[21Nov2025 10:13:11.044] [Server thread/INFO] [net.minecraft.server.MinecraftServer/]: [Dulmin: Teleported Dulmin to 23007.500000, 125.500000, 11981.500000]
[21Nov2025 10:13:19.360] [Server thread/INFO] [net.minecraft.server.MinecraftServer/]: [lame1202: Teleported lame1202 to -38876.500000, 74.000000, 2588.500000]
[21Nov2025 10:13:19.733] [Server thread/INFO] [net.minecraft.server.MinecraftServer/]: [Dulmin: Teleported Dulmin to -39623.500000, 70.500000, 2789.500000]
[21Nov2025 10:13:20.650] [Server thread/INFO] [net.minecraft.server.MinecraftServer/]: [tydf62: Teleported tydf62 to -10060.500000, 99.500000, -9133.500000]
[21Nov2025 10:13:23.771] [Server thread/INFO] [net.minecraft.server.MinecraftServer/]: [lame1202: Teleported lame1202 to 403676.500000, 80.000000, 7732.500000]
[21Nov2025 10:13:26.767] [Server thread/INFO] [net.minecraft.server.MinecraftServer/]: [Dulmin: Teleported Dulmin to -2411.500000, 53.500000, -1498.500000]
[21Nov2025 10:13:27.380] [Server thread/INFO] [net.minecraft.server.MinecraftServer/]: [lame1202: Teleported lame1202 to 35867.500000, 94.000000, -24484.500000]
[21Nov2025 10:13:31.575] [Server thread/INFO] [net.minecraft.server.MinecraftServer/]: [Dulmin: Teleported Dulmin to 34994.500000, 88.500000, 6149.500000]
[21Nov2025 10:13:35.540] [Server thread/INFO] [net.minecraft.server.MinecraftServer/]: [lame1202: Teleported lame1202 to -38876.500000, 74.000000, 2588.500000]
[21Nov2025 10:13:35.754] [Server thread/INFO] [net.minecraft.server.MinecraftServer/]: [Dulmin: Teleported Dulmin to 2750.500000, 74.500000, -1508.500000]
[21Nov2025 10:13:41.693] [Server thread/INFO] [net.minecraft.server.MinecraftServer/]: [lame1202: Teleported lame1202 to 35867.500000, 94.000000, -24484.500000]
[21Nov2025 10:13:42.060] [Server thread/INFO] [net.minecraft.server.MinecraftServer/]: [Dulmin: Teleported Dulmin to 23099.500000, 79.500000, 3556.500000]
[21Nov2025 10:13:47.812] [Server thread/INFO] [net.minecraft.server.MinecraftServer/]: [lame1202: Teleported lame1202 to 403676.500000, 80.000000, 7732.500000]
[21Nov2025 10:13:51.882] [Server thread/INFO] [net.minecraft.server.MinecraftServer/]: [Dulmin: Teleported Dulmin to -24438.500000, 70.500000, 16220.500000]
[21Nov2025 10:13:53.615] [Server thread/INFO] [net.minecraft.server.MinecraftServer/]: [lame1202: Teleported lame1202 to -38876.500000, 74.000000, 2588.500000]
[21Nov2025 10:13:57.098] [Server thread/INFO] [net.minecraft.server.MinecraftServer/]: [Dulmin: Teleported Dulmin to -21025.500000, 105.500000, 23908.500000]
[21Nov2025 10:13:59.707] [Server thread/INFO] [net.minecraft.server.MinecraftServer/]: [lame1202: Teleported lame1202 to -6667.500000, 88.000000, -32083.500000]
[21Nov2025 10:14:02.545] [Server thread/ERROR] [com.pixelmonmod.pixelmon.Pixelmon/]: Invalid NPC preset provided: `pixelmon:trainers/femaleplasmagrunt`
[21Nov2025 10:14:08.860] [Server thread/INFO] [net.minecraft.server.MinecraftServer/]: [lame1202: Teleported lame1202 to 13709.500000, 70.000000, -10779.500000]
[21Nov2025 10:14:17.475] [Server thread/INFO] [net.minecraft.server.MinecraftServer/]: [lame1202: Teleported lame1202 to -26162.500000, 97.000000, -5659.500000]
[21Nov2025 10:14:22.627] [Server thread/INFO] [net.minecraft.server.MinecraftServer/]: [lame1202: Teleported lame1202 to -26923.500000, 70.000000, 18043.500000]
[21Nov2025 10:14:24.250] [Server thread/ERROR] [com.pixelmonmod.pixelmon.Pixelmon/]: Invalid NPC preset provided: `pixelmon:old_fisherman`
[21Nov2025 10:14:25.355] [Server thread/INFO] [net.minecraft.server.MinecraftServer/]: [Dulmin: Teleported Dulmin to 6996.500000, 46.500000, -11594.500000]
[21Nov2025 10:14:31.462] [Server thread/INFO] [net.minecraft.server.MinecraftServer/]: [lame1202: Teleported lame1202 to 6884.500000, 67.000000, -12524.500000]
[21Nov2025 10:14:31.541] [Server thread/INFO] [net.minecraft.server.MinecraftServer/]: [Dulmin: Teleported Dulmin to 11125.500000, 62.500000, -10791.500000]
[21Nov2025 10:14:34.292] [Server thread/INFO] [net.minecraft.server.MinecraftServer/]: [tydf62: Teleported tydf62 to 2750.500000, 120.500000, -9099.500000]
[21Nov2025 10:14:36.101] [Server thread/ERROR] [com.pixelmonmod.pixelmon.Pixelmon/]: Invalid NPC preset provided: `pixelmon:trainers/maleplasmagrunt`
[21Nov2025 10:14:36.422] [Server thread/INFO] [net.minecraft.server.MinecraftServer/]: [lame1202: Teleported lame1202 to 32379.500000, 78.000000, -24315.500000]
[21Nov2025 10:14:41.280] [Server thread/INFO] [net.minecraft.server.MinecraftServer/]: [lame1202: Teleported lame1202 to 25668.500000, 95.000000, 7043.500000]
[21Nov2025 10:14:52.789] [Server thread/INFO] [net.minecraft.server.MinecraftServer/]: [lame1202: Teleported lame1202 to 32379.500000, 78.000000, -24315.500000]
[21Nov2025 10:14:59.449] [Server thread/INFO] [net.minecraft.server.MinecraftServer/]: [lame1202: Teleported lame1202 to 6884.500000, 67.000000, -12524.500000]
[21Nov2025 10:15:06.429] [Server thread/INFO] [net.minecraft.server.MinecraftServer/]: [lame1202: Teleported lame1202 to -26923.500000, 70.000000, 18043.500000]
[21Nov2025 10:15:30.414] [Server thread/INFO] [net.minecraft.server.MinecraftServer/]: [lame1202: Teleported lame1202 to -26162.500000, 97.000000, -5659.500000]
[21Nov2025 10:15:35.421] [Server thread/INFO] [net.minecraft.server.MinecraftServer/]: [lame1202: Teleported lame1202 to 13709.500000, 70.000000, -10779.500000]
[21Nov2025 10:15:35.749] [Server thread/INFO] [net.minecraft.server.MinecraftServer/]: [tydf62: Teleported tydf62 to 3628.500000, 83.500000, -4985.500000]
[21Nov2025 10:15:41.256] [Server thread/INFO] [net.minecraft.server.MinecraftServer/]: [lame1202: Teleported lame1202 to -6667.500000, 88.000000, -32083.500000]
[21Nov2025 10:15:41.273] [Server thread/WARN] [net.minecraft.server.network.ServerGamePacketListenerImpl/]: lame1202 moved too quickly! -20377.0,18.0,-21304.0
[21Nov2025 10:15:42.677] [Server thread/INFO] [net.minecraft.server.MinecraftServer/]: [tydf62: Teleported tydf62 to 3818.500000, 100.500000, -2636.500000]
[21Nov2025 10:15:45.880] [Server thread/INFO] [net.minecraft.server.MinecraftServer/]: [lame1202: Teleported lame1202 to -38876.500000, 74.000000, 2588.500000]
[21Nov2025 10:15:48.684] [Server thread/INFO] [net.minecraft.server.MinecraftServer/]: [Dulmin: Teleported Dulmin to -24368.500000, 38.500000, 64570.500000]
[21Nov2025 10:15:50.131] [Server thread/INFO] [net.minecraft.server.MinecraftServer/]: [lame1202: Teleported lame1202 to 403676.500000, 80.000000, 7732.500000]
[21Nov2025 10:15:53.505] [Server thread/INFO] [net.minecraft.server.MinecraftServer/]: [Dulmin: Teleported Dulmin to -24368.500000, 38.500000, 64570.500000]
[21Nov2025 10:15:54.957] [Server thread/INFO] [net.minecraft.server.MinecraftServer/]: [lame1202: Teleported lame1202 to 35867.500000, 94.000000, -24484.500000]
[21Nov2025 10:16:00.002] [Server thread/INFO] [net.minecraft.server.MinecraftServer/]: [Dulmin: Teleported Dulmin to -43130.500000, 64.500000, 7822.500000]
[21Nov2025 10:16:02.489] [Server thread/INFO] [net.minecraft.server.MinecraftServer/]: [lame1202: Teleported lame1202 to 25668.500000, 95.000000, 7043.500000]
[21Nov2025 10:16:06.541] [Server thread/INFO] [net.minecraft.server.MinecraftServer/]: [lame1202: Teleported lame1202 to 32379.500000, 78.000000, -24315.500000]
[21Nov2025 10:16:10.859] [Server thread/INFO] [net.minecraft.server.MinecraftServer/]: [lame1202: Teleported lame1202 to 6884.500000, 67.000000, -12524.500000]
[21Nov2025 10:16:10.872] [Server thread/WARN] [net.minecraft.server.network.ServerGamePacketListenerImpl/]: lame1202 moved too quickly! -25495.0,-11.0,11791.0
[21Nov2025 10:16:12.103] [Server thread/INFO] [net.minecraft.server.MinecraftServer/]: [Dulmin: Teleported Dulmin to 18788.500000, 96.500000, 7772.500000]
[21Nov2025 10:16:15.722] [Server thread/INFO] [net.minecraft.server.MinecraftServer/]: [lame1202: Teleported lame1202 to -26923.500000, 70.000000, 18043.500000]
[21Nov2025 10:16:23.124] [Server thread/INFO] [net.minecraft.server.MinecraftServer/]: [lame1202: Teleported lame1202 to -26162.500000, 97.000000, -5659.500000]
[21Nov2025 10:16:27.440] [Server thread/INFO] [net.minecraft.server.MinecraftServer/]: [lame1202: Teleported lame1202 to 13709.500000, 70.000000, -10779.500000]
[21Nov2025 10:16:30.601] [Server thread/INFO] [net.minecraft.server.MinecraftServer/]: [Dulmin: Teleported Dulmin to 1028.500000, 105.500000, 42526.500000]
[21Nov2025 10:16:31.519] [Server thread/INFO] [net.minecraft.server.MinecraftServer/]: [lame1202: Teleported lame1202 to -6667.500000, 88.000000, -32083.500000]
[21Nov2025 10:16:39.769] [Server thread/INFO] [net.minecraft.server.MinecraftServer/]: [Dulmin: Teleported Dulmin to 1028.500000, 105.500000, 42526.500000]
[21Nov2025 10:16:39.859] [Server thread/INFO] [net.minecraft.server.MinecraftServer/]: [lame1202: Teleported lame1202 to -38876.500000, 74.000000, 2588.500000]
[21Nov2025 10:16:44.484] [Server thread/INFO] [net.minecraft.server.MinecraftServer/]: [Dulmin: Teleported Dulmin to -14097.500000, 130.500000, 28941.500000]
[21Nov2025 10:16:47.275] [Server thread/INFO] [net.minecraft.server.MinecraftServer/]: [lame1202: Teleported lame1202 to 403676.500000, 80.000000, 7732.500000]
[21Nov2025 10:16:48.864] [Server thread/INFO] [net.minecraft.server.MinecraftServer/]: [Dulmin: Teleported Dulmin to -17549.500000, 95.500000, 28083.500000]
[21Nov2025 10:16:51.756] [Server thread/INFO] [net.minecraft.server.MinecraftServer/]: [lame1202: Teleported lame1202 to 35867.500000, 94.000000, -24484.500000]
[21Nov2025 10:16:54.517] [Server thread/INFO] [net.minecraft.server.MinecraftServer/]: [Dulmin: Teleported Dulmin to 18819.500000, 63.500000, 10378.500000]
[21Nov2025 10:16:56.974] [Server thread/INFO] [net.minecraft.server.MinecraftServer/]: [lame1202: Teleported lame1202 to 25668.500000, 95.000000, 7043.500000]
[21Nov2025 10:17:00.072] [Server thread/INFO] [net.minecraft.server.MinecraftServer/]: [Dulmin: Teleported Dulmin to 399454.500000, 81.500000, 7917.500000]
[21Nov2025 10:17:01.368] [Server thread/INFO] [net.minecraft.server.MinecraftServer/]: [lame1202: Teleported lame1202 to 32379.500000, 78.000000, -24315.500000]
[21Nov2025 10:17:05.159] [Server thread/INFO] [net.minecraft.server.MinecraftServer/]: [lame1202: Teleported lame1202 to 6884.500000, 67.000000, -12524.500000]
[21Nov2025 10:17:09.188] [Server thread/INFO] [net.minecraft.server.MinecraftServer/]: [lame1202: Teleported lame1202 to -26923.500000, 70.000000, 18043.500000]
[21Nov2025 10:17:13.451] [Server thread/INFO] [net.minecraft.server.MinecraftServer/]: [lame1202: Teleported lame1202 to -26162.500000, 97.000000, -5659.500000]
[21Nov2025 10:17:13.466] [Server thread/WARN] [net.minecraft.server.network.ServerGamePacketListenerImpl/]: lame1202 moved too quickly! 761.0,27.0,-23703.0
[21Nov2025 10:17:18.186] [Server thread/INFO] [net.minecraft.server.MinecraftServer/]: [lame1202: Teleported lame1202 to 13709.500000, 70.000000, -10779.500000]
[21Nov2025 10:17:22.450] [Server thread/INFO] [net.minecraft.server.MinecraftServer/]: [lame1202: Teleported lame1202 to -6667.500000, 88.000000, -32083.500000]
[21Nov2025 10:17:23.846] [Server thread/ERROR] [com.pixelmonmod.pixelmon.Pixelmon/]: Invalid NPC preset provided: `pixelmon:trainers/malegalacticgrunt`
[21Nov2025 10:17:26.771] [Server thread/INFO] [net.minecraft.server.MinecraftServer/]: [lame1202: Teleported lame1202 to -38876.500000, 74.000000, 2588.500000]
[21Nov2025 10:17:30.741] [Server thread/INFO] [net.minecraft.server.MinecraftServer/]: [lame1202: Teleported lame1202 to 403676.500000, 80.000000, 7732.500000]
[21Nov2025 10:17:39.182] [Server thread/INFO] [net.minecraft.server.MinecraftServer/]: [lame1202: Teleported lame1202 to 35867.500000, 94.000000, -24484.500000]
[21Nov2025 10:17:43.292] [Server thread/INFO] [net.minecraft.server.MinecraftServer/]: [lame1202: Teleported lame1202 to 25668.500000, 95.000000, 7043.500000]
[21Nov2025 10:17:47.701] [Server thread/INFO] [net.minecraft.server.MinecraftServer/]: [lame1202: Teleported lame1202 to 32379.500000, 78.000000, -24315.500000]
[21Nov2025 10:17:52.839] [Server thread/INFO] [net.minecraft.server.MinecraftServer/]: [lame1202: Teleported lame1202 to 6884.500000, 67.000000, -12524.500000]
[21Nov2025 10:18:00.544] [Server thread/INFO] [net.minecraft.server.MinecraftServer/]: [lame1202: Teleported lame1202 to -26923.500000, 70.000000, 18043.500000]
[21Nov2025 10:18:05.662] [Server thread/INFO] [net.minecraft.server.MinecraftServer/]: [lame1202: Teleported lame1202 to -26162.500000, 97.000000, -5659.500000]
[21Nov2025 10:18:15.197] [Server thread/INFO] [net.minecraft.server.MinecraftServer/]: [lame1202: Teleported lame1202 to 13709.500000, 70.000000, -10779.500000]
[21Nov2025 10:20:07.552] [Server thread/INFO] [net.minecraft.server.MinecraftServer/]: [lame1202: Teleported lame1202 to -6667.500000, 88.000000, -32083.500000]
[21Nov2025 10:20:07.568] [Server thread/WARN] [net.minecraft.server.network.ServerGamePacketListenerImpl/]: lame1202 moved too quickly! -20376.36324905791,18.0,-21305.748214401014
[21Nov2025 10:20:20.045] [Server thread/INFO] [net.minecraft.server.MinecraftServer/]: [lame1202: Teleported lame1202 to 25668.500000, 95.000000, 7043.500000]
[21Nov2025 10:20:24.034] [Server thread/INFO] [net.minecraft.server.MinecraftServer/]: [lame1202: Teleported lame1202 to 32379.500000, 78.000000, -24315.500000]
[21Nov2025 10:21:03.796] [Server thread/INFO] [net.minecraft.server.MinecraftServer/]: <Dulmin> 태우야
[21Nov2025 10:21:06.495] [Server thread/INFO] [net.minecraft.server.MinecraftServer/]: <tydf62> ?
[21Nov2025 10:21:08.777] [Server thread/INFO] [net.minecraft.server.MinecraftServer/]: <Dulmin> 부동산 갈거냐
[21Nov2025 10:21:11.962] [Server thread/INFO] [net.minecraft.server.MinecraftServer/]: <lame1202> 개 지랄
[21Nov2025 10:21:16.765] [Server thread/INFO] [net.minecraft.server.MinecraftServer/]: <Dulmin> ㄴ 지금
[21Nov2025 10:21:19.883] [Server thread/INFO] [net.minecraft.server.MinecraftServer/]: <tydf62> 환용쌤이 강제로 시키는데
[21Nov2025 10:21:20.402] [Server thread/INFO] [net.minecraft.server.MinecraftServer/]: <lame1202> 진짜 개에반데
[21Nov2025 10:21:23.843] [Server thread/INFO] [net.minecraft.server.MinecraftServer/]: <Dulmin> 환용이 말 ㅈ까고 안가고있음
[21Nov2025 10:21:36.819] [Worker-Main-45/ERROR] [net.minecraft.world.entity.decoration.BlockAttachedEntity/]: Block-attached entity at invalid position: BlockPos{x=-38, y=-52, z=51}
[21Nov2025 10:21:36.820] [Worker-Main-45/ERROR] [net.minecraft.world.entity.decoration.BlockAttachedEntity/]: Block-attached entity at invalid position: BlockPos{x=-38, y=-50, z=51}
[21Nov2025 10:21:36.821] [Worker-Main-45/ERROR] [net.minecraft.world.entity.decoration.BlockAttachedEntity/]: Block-attached entity at invalid position: BlockPos{x=-38, y=-48, z=51}
[21Nov2025 10:21:37.517] [Worker-Main-46/ERROR] [net.minecraft.world.entity.decoration.BlockAttachedEntity/]: Block-attached entity at invalid position: BlockPos{x=10, y=-57, z=32}
[21Nov2025 10:21:37.671] [Worker-Main-46/ERROR] [net.minecraft.world.entity.decoration.BlockAttachedEntity/]: Block-attached entity at invalid position: BlockPos{x=-44, y=-56, z=46}
[21Nov2025 10:21:37.681] [Worker-Main-47/ERROR] [net.minecraft.world.entity.decoration.BlockAttachedEntity/]: Block-attached entity at invalid position: BlockPos{x=-39, y=-50, z=46}
[21Nov2025 10:21:37.682] [Worker-Main-47/ERROR] [net.minecraft.world.entity.decoration.BlockAttachedEntity/]: Block-attached entity at invalid position: BlockPos{x=-37, y=-50, z=44}
[21Nov2025 10:21:37.682] [Worker-Main-47/ERROR] [net.minecraft.world.entity.decoration.BlockAttachedEntity/]: Block-attached entity at invalid position: BlockPos{x=-37, y=-50, z=46}
[21Nov2025 10:21:37.683] [Worker-Main-47/ERROR] [net.minecraft.world.entity.decoration.BlockAttachedEntity/]: Block-attached entity at invalid position: BlockPos{x=-39, y=-50, z=48}
[21Nov2025 10:21:38.027] [Server thread/WARN] [net.minecraft.world.level.chunk.LevelChunk/]: Tried to load a block entity for block Block{pixelmon:blue_folding_chair}[facing=north] but failed at location BlockPos{x=32455, y=84, z=-24084}
[21Nov2025 10:21:38.028] [Server thread/WARN] [net.minecraft.world.level.chunk.LevelChunk/]: Tried to load a block entity for block Block{pixelmon:blue_folding_chair}[facing=west] but failed at location BlockPos{x=32456, y=84, z=-24085}
[21Nov2025 10:21:38.028] [Server thread/WARN] [net.minecraft.world.level.chunk.LevelChunk/]: Tried to load a block entity for block Block{pixelmon:blue_vending_machine}[facing=west,multipos=top] but failed at location BlockPos{x=32454, y=80, z=-24088}
[21Nov2025 10:21:38.029] [Server thread/WARN] [net.minecraft.world.level.chunk.LevelChunk/]: Tried to load a block entity for block Block{pixelmon:blue_rug}[facing=south,multipos=base] but failed at location BlockPos{x=32456, y=80, z=-24090}
[21Nov2025 10:21:38.029] [Server thread/WARN] [net.minecraft.world.level.chunk.LevelChunk/]: Tried to load a block entity for block Block{pixelmon:blue_rug}[facing=west,multipos=bottom] but failed at location BlockPos{x=32455, y=80, z=-24090}
[21Nov2025 10:21:38.030] [Server thread/WARN] [net.minecraft.world.level.chunk.LevelChunk/]: Tried to load a block entity for block Block{pixelmon:blue_folding_chair}[facing=east] but failed at location BlockPos{x=32454, y=84, z=-24085}
[21Nov2025 10:21:38.030] [Server thread/WARN] [net.minecraft.world.level.chunk.LevelChunk/]: Tried to load a block entity for block Block{pixelmon:blue_folding_chair}[facing=south] but failed at location BlockPos{x=32455, y=84, z=-24086}
[21Nov2025 10:21:38.031] [Server thread/WARN] [net.minecraft.world.level.chunk.LevelChunk/]: Tried to load a block entity for block Block{pixelmon:blue_umbrella}[facing=west,multipos=top] but failed at location BlockPos{x=32454, y=86, z=-24084}
[21Nov2025 10:21:38.031] [Server thread/WARN] [net.minecraft.world.level.chunk.LevelChunk/]: Tried to load a block entity for block Block{pixelmon:white_rug}[facing=south,multipos=bottom] but failed at location BlockPos{x=32457, y=79, z=-24086}
[21Nov2025 10:21:38.033] [Server thread/WARN] [net.minecraft.world.level.chunk.LevelChunk/]: Tried to load a block entity for block Block{pixelmon:white_rug}[facing=east,multipos=base] but failed at location BlockPos{x=32457, y=79, z=-24087}
[21Nov2025 10:21:38.033] [Server thread/WARN] [net.minecraft.world.level.chunk.LevelChunk/]: Tried to load a block entity for block Block{pixelmon:blue_umbrella}[facing=north,multipos=base] but failed at location BlockPos{x=32460, y=85, z=-24084}
[21Nov2025 10:21:38.034] [Server thread/WARN] [net.minecraft.world.level.chunk.LevelChunk/]: Tried to load a block entity for block Block{pixelmon:tv}[facing=east,multipos=top,on=true] but failed at location BlockPos{x=32459, y=85, z=-24088}
[21Nov2025 10:21:38.034] [Server thread/WARN] [net.minecraft.world.level.chunk.LevelChunk/]: Tried to load a block entity for block Block{pixelmon:blue_umbrella}[facing=west,multipos=base] but failed at location BlockPos{x=32454, y=85, z=-24084}
[21Nov2025 10:21:38.035] [Server thread/WARN] [net.minecraft.world.level.chunk.LevelChunk/]: Tried to load a block entity for block Block{pixelmon:blue_vending_machine}[facing=west,multipos=top] but failed at location BlockPos{x=32454, y=80, z=-24084}
[21Nov2025 10:21:38.036] [Server thread/WARN] [net.minecraft.world.level.chunk.LevelChunk/]: Tried to load a block entity for block Block{pixelmon:blue_umbrella}[facing=north,multipos=top] but failed at location BlockPos{x=32460, y=86, z=-24084}
[21Nov2025 10:21:38.037] [Server thread/WARN] [net.minecraft.world.level.chunk.LevelChunk/]: Tried to load a block entity for block Block{pixelmon:white_vending_machine}[facing=west,multipos=top] but failed at location BlockPos{x=32454, y=80, z=-24086}
[21Nov2025 10:21:43.644] [Worker-Main-47/ERROR] [net.minecraft.world.entity.decoration.BlockAttachedEntity/]: Block-attached entity at invalid position: BlockPos{x=-14, y=3, z=13}
[21Nov2025 10:21:43.974] [Server thread/WARN] [net.minecraft.world.level.chunk.LevelChunk/]: Tried to load a block entity for block Block{pixelmon:white_cushion_chair}[facing=south] but failed at location BlockPos{x=32425, y=78, z=-24075}
[21Nov2025 10:21:43.974] [Server thread/WARN] [net.minecraft.world.level.chunk.LevelChunk/]: Tried to load a block entity for block Block{pixelmon:brown_cushion_chair}[facing=north] but failed at location BlockPos{x=32431, y=83, z=-24076}
[21Nov2025 10:21:43.975] [Server thread/WARN] [net.minecraft.world.level.chunk.LevelChunk/]: Tried to load a block entity for block Block{pixelmon:white_cushion_chair}[facing=south] but failed at location BlockPos{x=32425, y=78, z=-24076}
[21Nov2025 10:21:43.975] [Server thread/WARN] [net.minecraft.world.level.chunk.LevelChunk/]: Tried to load a block entity for block Block{pixelmon:white_cushion_chair}[facing=south] but failed at location BlockPos{x=32425, y=78, z=-24077}
[21Nov2025 10:21:43.976] [Server thread/WARN] [net.minecraft.world.level.chunk.LevelChunk/]: Tried to load a block entity for block Block{pixelmon:brown_cushion_chair}[facing=south] but failed at location BlockPos{x=32431, y=83, z=-24078}
[21Nov2025 10:21:43.977] [Server thread/WARN] [net.minecraft.world.level.chunk.LevelChunk/]: Tried to load a block entity for block Block{pixelmon:pink_pc}[facing=north,multipos=top] but failed at location BlockPos{x=32432, y=79, z=-24078}
[21Nov2025 10:21:43.980] [Server thread/WARN] [net.minecraft.world.level.chunk.LevelChunk/]: Tried to load a block entity for block Block{pixelmon:red_trade_machine}[facing=north,multipos=bottom] but failed at location BlockPos{x=32456, y=79, z=-24065}
[21Nov2025 10:21:43.980] [Server thread/WARN] [net.minecraft.world.level.chunk.LevelChunk/]: Tried to load a block entity for block Block{pixelmon:red_trade_machine}[facing=north,multipos=top] but failed at location BlockPos{x=32456, y=80, z=-24065}
[21Nov2025 10:21:43.981] [Server thread/WARN] [net.minecraft.world.level.chunk.LevelChunk/]: Tried to load a block entity for block Block{pixelmon:cooking_pot}[facing=east,multipos=top] but failed at location BlockPos{x=32468, y=81, z=-24069}
[21Nov2025 10:21:44.877] [Server thread/WARN] [net.minecraft.world.level.chunk.LevelChunk/]: Tried to load a block entity for block Block{pixelmon:red_cushion_chair}[facing=north] but failed at location BlockPos{x=32462, y=79, z=-24064}
[21Nov2025 10:21:44.878] [Server thread/WARN] [net.minecraft.world.level.chunk.LevelChunk/]: Tried to load a block entity for block Block{pixelmon:white_rug}[facing=west,multipos=base] but failed at location BlockPos{x=32459, y=79, z=-24062}
[21Nov2025 10:21:44.878] [Server thread/WARN] [net.minecraft.world.level.chunk.LevelChunk/]: Tried to load a block entity for block Block{pixelmon:white_rug}[facing=north,multipos=bottom] but failed at location BlockPos{x=32459, y=79, z=-24063}
[21Nov2025 10:21:44.879] [Server thread/WARN] [net.minecraft.world.level.chunk.LevelChunk/]: Tried to load a block entity for block Block{pixelmon:red_trade_machine}[facing=south,multipos=bottom] but failed at location BlockPos{x=32456, y=79, z=-24063}
[21Nov2025 10:21:44.879] [Server thread/WARN] [net.minecraft.world.level.chunk.LevelChunk/]: Tried to load a block entity for block Block{pixelmon:red_trade_machine}[facing=south,multipos=top] but failed at location BlockPos{x=32456, y=80, z=-24063}
[21Nov2025 10:21:44.880] [Server thread/WARN] [net.minecraft.world.level.chunk.LevelChunk/]: Tried to load a block entity for block Block{pixelmon:red_trade_machine}[facing=west,multipos=top] but failed at location BlockPos{x=32456, y=80, z=-24064}
[21Nov2025 10:21:44.880] [Server thread/WARN] [net.minecraft.world.level.chunk.LevelChunk/]: Tried to load a block entity for block Block{pixelmon:red_pc}[facing=south,multipos=top] but failed at location BlockPos{x=32461, y=80, z=-24059}
[21Nov2025 10:21:44.881] [Server thread/WARN] [net.minecraft.world.level.chunk.LevelChunk/]: Tried to load a block entity for block Block{pixelmon:red_cushion_chair}[facing=north] but failed at location BlockPos{x=32462, y=79, z=-24062}
[21Nov2025 10:21:44.882] [Server thread/WARN] [net.minecraft.world.level.chunk.LevelChunk/]: Tried to load a block entity for block Block{pixelmon:red_cushion_chair}[facing=north] but failed at location BlockPos{x=32462, y=79, z=-24063}
[21Nov2025 10:21:56.992] [Server thread/INFO] [net.minecraft.server.MinecraftServer/]: <tydf62> 가서 마크할까 ㅋㅋㅋㅋㅋㅋㅋ
[21Nov2025 10:22:22.938] [Server thread/INFO] [net.minecraft.server.MinecraftServer/]: [Dulmin: Teleported Dulmin to -38108.500000, 68.500000, 2443.500000]
[21Nov2025 10:23:29.877] [Server thread/ERROR] [com.pixelmonmod.pixelmon.Pixelmon/]: Invalid NPC preset provided: `pixelmon:trainers/maleflaregrunt`
[21Nov2025 10:24:09.919] [Server thread/INFO] [net.minecraft.server.network.ServerGamePacketListenerImpl/]: tydf62 lost connection: Disconnected
[21Nov2025 10:24:09.920] [Server thread/INFO] [net.minecraft.server.MinecraftServer/]: tydf62 left the game
[21Nov2025 10:24:09.921] [Server thread/INFO] [voicechat/]: [voicechat] Disconnecting client tydf62
[21Nov2025 10:24:41.166] [Server thread/ERROR] [com.pixelmonmod.pixelmon.Pixelmon/]: Invalid NPC preset provided: `pixelmon:trainers/maleflaregrunt`
[21Nov2025 10:25:02.950] [Server thread/INFO] [net.minecraft.server.commands.LocateCommand/]: Locating element pixelmon:den/forest took 64 ms
[21Nov2025 10:25:13.105] [Server thread/INFO] [net.minecraft.server.MinecraftServer/]: [Dulmin: Teleported Dulmin to -37119.500000, 72.000000, 2736.500000]
[21Nov2025 10:25:19.011] [Server thread/INFO] [net.minecraft.server.MinecraftServer/]: [lame1202: Teleported lame1202 to 25668.500000, 95.000000, 7043.500000]
[21Nov2025 10:25:24.231] [Server thread/INFO] [net.minecraft.server.MinecraftServer/]: [lame1202: Teleported lame1202 to 32379.500000, 78.000000, -24315.500000]
[21Nov2025 10:25:25.881] [Server thread/INFO] [net.minecraft.server.MinecraftServer/]: [Dulmin: Teleported Dulmin to -37905.500000, 93.500000, 1621.500000]
[21Nov2025 10:25:28.199] [Server thread/INFO] [net.minecraft.server.MinecraftServer/]: [lame1202: Teleported lame1202 to 6884.500000, 67.000000, -12524.500000]
[21Nov2025 10:25:33.195] [Server thread/INFO] [net.minecraft.server.MinecraftServer/]: [lame1202: Teleported lame1202 to -26923.500000, 70.000000, 18043.500000]
[21Nov2025 10:25:40.443] [Server thread/INFO] [net.minecraft.server.MinecraftServer/]: [lame1202: Teleported lame1202 to -2363.500000, 86.000000, 132.500000]
[21Nov2025 10:25:43.428] [Server thread/ERROR] [com.pixelmonmod.pixelmon.Pixelmon/]: Invalid NPC preset provided: `pixelmon:trainers/femalescientist`
[21Nov2025 10:25:46.828] [Server thread/ERROR] [com.pixelmonmod.pixelmon.Pixelmon/]: Invalid NPC preset provided: `pixelmon:trainers/malescientist`
[21Nov2025 10:25:52.528] [Server thread/INFO] [net.minecraft.server.MinecraftServer/]: [Pixelmon] Zamazenta has spawned in a Forest biome!
[21Nov2025 10:25:52.529] [Server thread/INFO] [net.minecraft.server.MinecraftServer/]: Spawned Zamazenta at: Chunks[S] W: 6260 E: 67,67,34,293,293,0,0 x:-2342, y:71, z:127
[21Nov2025 10:26:03.012] [Server thread/INFO] [net.minecraft.server.MinecraftServer/]: <Dulmin> ㅇㄴ간다고 ㅅㅂ
[21Nov2025 10:26:04.912] [Server thread/INFO] [net.minecraft.server.MinecraftServer/]: <lame1202> 아 젠장
[21Nov2025 10:26:21.612] [Server thread/INFO] [net.minecraft.server.MinecraftServer/]: <lame1202> 일단 백성준 김민규랑
[21Nov2025 10:26:25.163] [Server thread/INFO] [net.minecraft.server.MinecraftServer/]: <lame1202> 뻐겨보는중 ㅋㅋ
[21Nov2025 10:26:42.639] [User Authenticator #77/INFO] [net.minecraft.server.network.ServerLoginPacketListenerImpl/]: UUID of player tydf62 is 4e2508ea-065b-4fc8-9876-de45b568972f
[21Nov2025 10:26:45.194] [Server thread/INFO] [net.minecraft.server.players.PlayerList/]: tydf62[/172.19.0.1:56340] logged in with entity id 168154 at (3803.0460819610585, 97.0, -2597.3070528966914)
[21Nov2025 10:26:45.197] [Server thread/INFO] [net.minecraft.server.MinecraftServer/]: tydf62 joined the game
[21Nov2025 10:26:56.529] [Server thread/WARN] [net.minecraft.server.MinecraftServer/]: Can't keep up! Is the server overloaded? Running 11370ms or 227 ticks behind
[21Nov2025 10:26:56.566] [Server thread/INFO] [com.b1n_ry.yigd.Yigd/]: Priority overwritten for player tydf62. Claiming: GRAVE / Robbing: INVENTORY
[21Nov2025 10:26:56.570] [Server thread/INFO] [voicechat/]: [voicechat] Received secret request of tydf62 (20)
[21Nov2025 10:26:56.571] [Server thread/INFO] [voicechat/]: [voicechat] Sent secret to tydf62
[21Nov2025 10:27:02.018] [Server thread/ERROR] [com.pixelmonmod.pixelmon.Pixelmon/]: Invalid NPC preset provided: `pixelmon:trainers/femalescientist`
[21Nov2025 10:29:37.616] [Server thread/ERROR] [net.neoforged.fml.common.asm.RuntimeDistCleaner/DISTXFORM]: Attempted to load class net/minecraft/client/resources/sounds/SoundInstance for invalid dist DEDICATED_SERVER
[21Nov2025 10:29:37.617] [Server thread/ERROR] [com.pixelmonmod.pixelmon.Pixelmon/]: Caught error in battle. Continuing...
java.lang.RuntimeException: Attempted to load class net/minecraft/client/resources/sounds/SoundInstance for invalid dist DEDICATED_SERVER
	at MC-BOOTSTRAP/fml_loader@4.0.41/net.neoforged.fml.common.asm.RuntimeDistCleaner.processClassWithFlags(RuntimeDistCleaner.java:60) ~[loader-4.0.41.jar%2359!/:4.0]
	at MC-BOOTSTRAP/cpw.mods.modlauncher@11.0.5/cpw.mods.modlauncher.LaunchPluginHandler.offerClassNodeToPlugins(LaunchPluginHandler.java:94) ~[modlauncher-11.0.5.jar%2364!/:?]
	at MC-BOOTSTRAP/cpw.mods.modlauncher@11.0.5/cpw.mods.modlauncher.ClassTransformer.transform(ClassTransformer.java:120) ~[modlauncher-11.0.5.jar%2364!/:?]
	at MC-BOOTSTRAP/cpw.mods.modlauncher@11.0.5/cpw.mods.modlauncher.TransformingClassLoader.maybeTransformClassBytes(TransformingClassLoader.java:57) ~[modlauncher-11.0.5.jar%2364!/:?]
	at cpw.mods.securejarhandler/cpw.mods.cl.ModuleClassLoader.readerToClass(ModuleClassLoader.java:190) ~[securejarhandler-3.0.8.jar:?]
	at cpw.mods.securejarhandler/cpw.mods.cl.ModuleClassLoader.lambda$findClass$20(ModuleClassLoader.java:298) ~[securejarhandler-3.0.8.jar:?]
	at cpw.mods.securejarhandler/cpw.mods.cl.ModuleClassLoader.loadFromModule(ModuleClassLoader.java:311) ~[securejarhandler-3.0.8.jar:?]
	at cpw.mods.securejarhandler/cpw.mods.cl.ModuleClassLoader.findClass(ModuleClassLoader.java:298) ~[securejarhandler-3.0.8.jar:?]
	at cpw.mods.securejarhandler/cpw.mods.cl.ModuleClassLoader.loadClass(ModuleClassLoader.java:214) ~[securejarhandler-3.0.8.jar:?]
	at java.base/java.lang.ClassLoader.loadClass(Unknown Source) ~[?:?]
	at TRANSFORMER/pixelmon@9.3.9/com.pixelmonmod.pixelmon.battles.controller.participants.PlayerParticipant.forfeitBattleForBeingTooFarAway(PlayerParticipant.java:666) ~[Pixelmon-1.21.1-9.3.9-universal.jar%23138!/:9.3.9-PIPE28826]
	at TRANSFORMER/pixelmon@9.3.9/com.pixelmonmod.pixelmon.battles.controller.participants.PlayerParticipant.handlePlayerDistanceFromBattle(PlayerParticipant.java:647) ~[Pixelmon-1.21.1-9.3.9-universal.jar%23138!/:9.3.9-PIPE28826]
	at TRANSFORMER/pixelmon@9.3.9/com.pixelmonmod.pixelmon.battles.controller.participants.PlayerParticipant.tick(PlayerParticipant.java:451) ~[Pixelmon-1.21.1-9.3.9-universal.jar%23138!/:9.3.9-PIPE28826]
	at TRANSFORMER/pixelmon@9.3.9/com.pixelmonmod.pixelmon.battles.controller.BattleController.onUpdate(BattleController.java:1135) ~[Pixelmon-1.21.1-9.3.9-universal.jar%23138!/:9.3.9-PIPE28826]
	at TRANSFORMER/pixelmon@9.3.9/com.pixelmonmod.pixelmon.battles.controller.BattleController.update(BattleController.java:511) ~[Pixelmon-1.21.1-9.3.9-universal.jar%23138!/:9.3.9-PIPE28826]
	at TRANSFORMER/pixelmon@9.3.9/com.pixelmonmod.pixelmon.battles.BattleRegistry.updateBattles(BattleRegistry.java:202) ~[Pixelmon-1.21.1-9.3.9-universal.jar%23138!/:9.3.9-PIPE28826]
	at TRANSFORMER/pixelmon@9.3.9/com.pixelmonmod.pixelmon.battles.BattleTickHandler.tickStart(BattleTickHandler.java:10) ~[Pixelmon-1.21.1-9.3.9-universal.jar%23138!/:9.3.9-PIPE28826]
	at MC-BOOTSTRAP/net.neoforged.bus/net.neoforged.bus.EventBus.post(EventBus.java:360) ~[bus-8.0.5.jar%2362!/:?]
	at MC-BOOTSTRAP/net.neoforged.bus/net.neoforged.bus.EventBus.post(EventBus.java:328) ~[bus-8.0.5.jar%2362!/:?]
	at TRANSFORMER/neoforge@21.1.209/net.neoforged.neoforge.event.EventHooks.fireServerTickPost(EventHooks.java:1020) ~[neoforge-21.1.209-universal.jar%23131!/:?]
	at TRANSFORMER/minecraft@1.21.1/net.minecraft.server.MinecraftServer.tickServer(MinecraftServer.java:943) ~[server-1.21.1-20240808.144430-srg.jar%23130!/:?]
	at TRANSFORMER/minecraft@1.21.1/net.minecraft.server.MinecraftServer.runServer(MinecraftServer.java:707) ~[server-1.21.1-20240808.144430-srg.jar%23130!/:?]
	at TRANSFORMER/minecraft@1.21.1/net.minecraft.server.MinecraftServer.lambda$spin$2(MinecraftServer.java:267) ~[server-1.21.1-20240808.144430-srg.jar%23130!/:?]
	at java.base/java.lang.Thread.run(Unknown Source) [?:?]
[21Nov2025 10:29:37.618] [Server thread/ERROR] [com.pixelmonmod.pixelmon.Pixelmon/]: ===Too many errors detected in battle, force-ending===
[21Nov2025 10:29:49.563] [Server thread/INFO] [net.minecraft.server.MinecraftServer/]: [lame1202: Teleported lame1202 to 12884.500000, 69.000000, -11594.500000]
[21Nov2025 10:29:55.638] [Server thread/INFO] [net.minecraft.server.MinecraftServer/]: [lame1202: Teleported lame1202 to 2660.500000, 105.000000, -2315.500000]
[21Nov2025 10:29:55.652] [Server thread/WARN] [net.minecraft.server.network.ServerGamePacketListenerImpl/]: lame1202 moved too quickly! -10224.0,36.0,9279.0
[21Nov2025 10:30:17.895] [Server thread/INFO] [net.minecraft.server.MinecraftServer/]: <Dulmin> 그 \
[21Nov2025 10:30:20.394] [Server thread/INFO] [net.minecraft.server.MinecraftServer/]: <Dulmin> 핑복이나
[21Nov2025 10:30:25.400] [Server thread/INFO] [net.minecraft.server.MinecraftServer/]: <Dulmin> 럭키 있는ㄴ사람
[21Nov2025 10:30:27.212] [Server thread/INFO] [net.minecraft.server.MinecraftServer/]: <Dulmin> 럭키
[21Nov2025 10:30:28.713] [Server thread/INFO] [net.minecraft.server.MinecraftServer/]: <Dulmin> 피복
[21Nov2025 10:31:22.460] [Server thread/INFO] [net.minecraft.server.network.ServerGamePacketListenerImpl/]: Dulmin lost connection: Disconnected
[21Nov2025 10:31:22.460] [Server thread/INFO] [net.minecraft.server.MinecraftServer/]: Dulmin left the game
[21Nov2025 10:31:22.461] [Server thread/INFO] [voicechat/]: [voicechat] Disconnecting client Dulmin
[21Nov2025 10:32:25.409] [Server thread/INFO] [net.minecraft.server.MinecraftServer/]: [lame1202: Teleported lame1202 to 25668.500000, 95.000000, 7043.500000]
[21Nov2025 10:32:37.314] [Server thread/INFO] [net.minecraft.server.MinecraftServer/]: [lame1202: Teleported lame1202 to 32379.500000, 78.000000, -24315.500000]
[21Nov2025 10:32:43.145] [Server thread/INFO] [net.minecraft.server.MinecraftServer/]: [lame1202: Teleported lame1202 to 6884.500000, 67.000000, -12524.500000]
[21Nov2025 10:32:49.644] [Server thread/INFO] [net.minecraft.server.MinecraftServer/]: [lame1202: Teleported lame1202 to -26923.500000, 70.000000, 18043.500000]
[21Nov2025 10:34:29.225] [Server thread/INFO] [net.minecraft.server.MinecraftServer/]: [lame1202: Teleported lame1202 to -26162.500000, 97.000000, -5659.500000]
[21Nov2025 10:34:37.565] [Server thread/INFO] [net.minecraft.server.MinecraftServer/]: [lame1202: Teleported lame1202 to 13709.500000, 70.000000, -10779.500000]
[21Nov2025 10:34:37.753] [Server thread/INFO] [net.minecraft.server.MinecraftServer/]: [Pixelmon] Ho-Oh has appeared in a den in a Badlands biome!
[21Nov2025 10:34:37.754] [Server thread/INFO] [net.minecraft.server.MinecraftServer/]: Spawned Ho-Oh at: minecraft:overworld x:13708, y:70, z:-10780
[21Nov2025 10:34:45.820] [Server thread/INFO] [net.minecraft.server.MinecraftServer/]: <lame1202> 태우야 칠색조 2트 ㄱ?
[21Nov2025 10:46:35.066] [Server thread/ERROR] [com.pixelmonmod.pixelmon.Pixelmon/]: Invalid NPC preset provided: `pixelmon:trainers/malescientist`
[21Nov2025 10:57:32.539] [Server thread/ERROR] [com.pixelmonmod.pixelmon.Pixelmon/]: Invalid NPC preset provided: `pixelmon:trainers/maleflaregrunt`
[21Nov2025 11:09:47.608] [Server thread/ERROR] [com.pixelmonmod.pixelmon.Pixelmon/]: Invalid NPC preset provided: `pixelmon:old_fisherman`
[21Nov2025 11:14:19.402] [User Authenticator #78/INFO] [net.minecraft.server.network.ServerLoginPacketListenerImpl/]: UUID of player Dulmin is 869a9225-c810-4a5c-a7cf-d83766145b7b
[21Nov2025 11:14:27.199] [Server thread/INFO] [net.minecraft.server.players.PlayerList/]: Dulmin[/172.19.0.1:36208] logged in with entity id 173185 at (-37898.17091355008, 94.0, 1625.2053175272483)
[21Nov2025 11:14:27.202] [Server thread/INFO] [net.minecraft.server.MinecraftServer/]: Dulmin joined the game
[21Nov2025 11:14:57.818] [Server thread/WARN] [net.minecraft.server.MinecraftServer/]: Can't keep up! Is the server overloaded? Running 30630ms or 612 ticks behind
[21Nov2025 11:14:57.842] [Server thread/INFO] [net.minecraft.server.network.ServerGamePacketListenerImpl/]: lame1202 lost connection: Disconnected
[21Nov2025 11:14:57.844] [Server thread/INFO] [net.minecraft.server.MinecraftServer/]: lame1202 left the game
[21Nov2025 11:14:57.845] [Server thread/INFO] [voicechat/]: [voicechat] Disconnecting client lame1202
[21Nov2025 11:14:57.889] [Server thread/INFO] [net.minecraft.server.network.ServerGamePacketListenerImpl/]: tydf62 lost connection: Disconnected
[21Nov2025 11:14:57.890] [Server thread/INFO] [net.minecraft.server.MinecraftServer/]: tydf62 left the game
[21Nov2025 11:14:57.890] [Server thread/INFO] [voicechat/]: [voicechat] Disconnecting client tydf62
[21Nov2025 11:14:58.039] [Server thread/INFO] [com.b1n_ry.yigd.Yigd/]: Priority overwritten for player Dulmin. Claiming: GRAVE / Robbing: INVENTORY
[21Nov2025 11:14:58.042] [Server thread/INFO] [voicechat/]: [voicechat] Received secret request of Dulmin (20)
[21Nov2025 11:14:58.044] [Server thread/INFO] [voicechat/]: [voicechat] Sent secret to Dulmin
[21Nov2025 11:15:05.073] [User Authenticator #79/INFO] [net.minecraft.server.network.ServerLoginPacketListenerImpl/]: UUID of player tydf62 is 4e2508ea-065b-4fc8-9876-de45b568972f
[21Nov2025 11:15:08.625] [Server thread/INFO] [net.minecraft.server.players.PlayerList/]: tydf62[/172.19.0.1:33158] logged in with entity id 173268 at (3815.699999988079, 96.0, -2618.699999988079)
[21Nov2025 11:15:08.629] [Server thread/INFO] [net.minecraft.server.MinecraftServer/]: tydf62 joined the game
[21Nov2025 11:15:20.084] [Server thread/INFO] [com.b1n_ry.yigd.Yigd/]: Priority overwritten for player tydf62. Claiming: GRAVE / Robbing: INVENTORY
[21Nov2025 11:15:20.087] [Server thread/WARN] [net.minecraft.server.network.ServerGamePacketListenerImpl/]: Dulmin moved too quickly! -10.033376105689968,-1.0,-0.6406377356693156
[21Nov2025 11:15:20.088] [Server thread/INFO] [voicechat/]: [voicechat] Received secret request of tydf62 (20)
[21Nov2025 11:15:20.089] [Server thread/INFO] [voicechat/]: [voicechat] Sent secret to tydf62
[21Nov2025 11:15:20.336] [Server thread/WARN] [net.minecraft.server.MinecraftServer/]: Can't keep up! Is the server overloaded? Running 7547ms or 150 ticks behind
[21Nov2025 11:17:27.388] [Server thread/INFO] [net.minecraft.world.entity.LivingEntity/]: Named entity NPC['Johanne'/173727, l='ServerLevel[world]', x=3741.50, y=87.00, z=-2590.50] died: Johanne suffocated in a wall
[21Nov2025 11:18:54.722] [Server thread/INFO] [net.minecraft.server.MinecraftServer/]: [tydf62: Teleported tydf62 to -26162.500000, 97.500000, -5659.500000]
[21Nov2025 11:18:59.923] [Server thread/INFO] [net.minecraft.server.MinecraftServer/]: [tydf62: Teleported tydf62 to -38874.500000, 74.500000, 2589.500000]
[21Nov2025 11:19:05.604] [Server thread/INFO] [net.minecraft.server.MinecraftServer/]: [tydf62: Teleported tydf62 to -24435.500000, 74.500000, 16220.500000]
[21Nov2025 11:20:20.576] [Server thread/INFO] [net.minecraft.server.MinecraftServer/]: [tydf62: Teleported tydf62 to -21026.500000, 105.500000, 23907.500000]
[21Nov2025 11:20:25.475] [Server thread/INFO] [net.minecraft.server.MinecraftServer/]: [tydf62: Teleported tydf62 to -24433.500000, 84.500000, 25733.500000]
[21Nov2025 11:21:37.077] [Server thread/INFO] [net.minecraft.server.MinecraftServer/]: [tydf62: Teleported tydf62 to -24443.500000, 81.500000, 32292.500000]
[21Nov2025 11:21:49.471] [Server thread/INFO] [net.minecraft.server.MinecraftServer/]: [tydf62: Teleported tydf62 to -24506.500000, 63.500000, 34065.500000]
[21Nov2025 11:22:14.489] [Server thread/INFO] [net.minecraft.server.MinecraftServer/]: <Dulmin> 태우 ㄴ 쪼마리 있어?
[21Nov2025 11:22:24.641] [Server thread/INFO] [net.minecraft.server.MinecraftServer/]: <tydf62> 그런애는 안키웁니다
[21Nov2025 11:22:55.395] [Server thread/INFO] [net.minecraft.server.MinecraftServer/]: [tydf62: Teleported tydf62 to -24458.500000, 108.500000, 35915.500000]
[21Nov2025 11:23:00.147] [Server thread/INFO] [net.minecraft.server.MinecraftServer/]: [tydf62: Teleported tydf62 to -24394.500000, 109.500000, 36603.500000]
[21Nov2025 11:23:11.094] [Server thread/INFO] [net.minecraft.server.MinecraftServer/]: [tydf62: Teleported tydf62 to -24427.500000, 92.500000, 38285.500000]
[21Nov2025 11:23:11.107] [Server thread/WARN] [net.minecraft.server.network.ServerGamePacketListenerImpl/]: tydf62 moved too quickly! -31.820625196363835,-16.5,1681.7888769330166
[21Nov2025 11:23:12.280] [Server thread/ERROR] [com.pixelmonmod.pixelmon.Pixelmon/]: Invalid NPC preset provided: `pixelmon:trainers/malescientist`
[21Nov2025 11:23:59.180] [Server thread/INFO] [net.minecraft.server.MinecraftServer/]: [tydf62: Teleported tydf62 to -24403.500000, 73.500000, 40732.500000]
[21Nov2025 11:24:11.340] [User Authenticator #80/INFO] [net.minecraft.server.network.ServerLoginPacketListenerImpl/]: UUID of player ___________12345 is 97610a1d-b4f7-4884-8782-bc4959586510
[21Nov2025 11:24:17.531] [Server thread/INFO] [net.minecraft.server.players.PlayerList/]: ___________12345[/172.19.0.1:41386] logged in with entity id 175086 at (3644.72094841646, 95.0, -2567.794382329748)
[21Nov2025 11:24:17.534] [Server thread/INFO] [net.minecraft.server.MinecraftServer/]: ___________12345 joined the game
[21Nov2025 11:24:48.212] [Server thread/WARN] [net.minecraft.server.MinecraftServer/]: Can't keep up! Is the server overloaded? Running 30698ms or 613 ticks behind
[21Nov2025 11:24:48.224] [Server thread/INFO] [net.minecraft.server.network.ServerGamePacketListenerImpl/]: Dulmin lost connection: Disconnected
[21Nov2025 11:24:48.224] [Server thread/INFO] [net.minecraft.server.MinecraftServer/]: Dulmin left the game
[21Nov2025 11:24:48.225] [Server thread/INFO] [voicechat/]: [voicechat] Disconnecting client Dulmin
[21Nov2025 11:24:48.258] [Server thread/INFO] [net.minecraft.server.network.ServerGamePacketListenerImpl/]: tydf62 lost connection: Disconnected
[21Nov2025 11:24:48.258] [Server thread/INFO] [net.minecraft.server.MinecraftServer/]: tydf62 left the game
[21Nov2025 11:24:48.260] [Server thread/INFO] [voicechat/]: [voicechat] Disconnecting client tydf62
[21Nov2025 11:24:48.293] [Server thread/INFO] [net.minecraft.server.network.ServerGamePacketListenerImpl/]: ___________12345 lost connection: Disconnected
[21Nov2025 11:24:48.293] [Server thread/INFO] [net.minecraft.server.MinecraftServer/]: ___________12345 left the game
[21Nov2025 11:24:48.294] [Server thread/INFO] [voicechat/]: [voicechat] Disconnecting client ___________12345
[21Nov2025 11:24:48.330] [Server thread/INFO] [com.b1n_ry.yigd.Yigd/]: Priority overwritten for player ___________12345. Claiming: GRAVE / Robbing: INVENTORY
[21Nov2025 11:24:48.331] [Server thread/WARN] [net.minecraft.server.network.ServerGamePacketListenerImpl/]: Failed to update secure chat state for ___________12345: 'Chat disabled due to missing profile public key. Please try reconnecting.'
[21Nov2025 11:24:48.331] [Server thread/INFO] [voicechat/]: [voicechat] Received secret request of ___________12345 (20)
[21Nov2025 11:24:48.332] [Server thread/INFO] [voicechat/]: [voicechat] Sent secret to ___________12345
[21Nov2025 11:24:51.557] [User Authenticator #81/INFO] [net.minecraft.server.network.ServerLoginPacketListenerImpl/]: UUID of player Dulmin is 869a9225-c810-4a5c-a7cf-d83766145b7b
[21Nov2025 11:24:51.996] [User Authenticator #82/INFO] [net.minecraft.server.network.ServerLoginPacketListenerImpl/]: UUID of player tydf62 is 4e2508ea-065b-4fc8-9876-de45b568972f
[21Nov2025 11:24:53.699] [User Authenticator #83/INFO] [net.minecraft.server.network.ServerLoginPacketListenerImpl/]: UUID of player ___________12345 is 97610a1d-b4f7-4884-8782-bc4959586510
[21Nov2025 11:24:54.068] [Server thread/INFO] [net.minecraft.server.players.PlayerList/]: tydf62[/172.19.0.1:46646] logged in with entity id 175089 at (-24404.347201663404, 68.5, 40732.367587776775)
[21Nov2025 11:24:54.071] [Server thread/INFO] [net.minecraft.server.MinecraftServer/]: tydf62 joined the game
[21Nov2025 11:25:04.428] [Server thread/INFO] [com.b1n_ry.yigd.Yigd/]: Priority overwritten for player tydf62. Claiming: GRAVE / Robbing: INVENTORY
[21Nov2025 11:25:04.481] [Server thread/INFO] [net.minecraft.server.players.PlayerList/]: Dulmin[/172.19.0.1:46632] logged in with entity id 175090 at (-37887.43700088127, 129.1661092609382, 1699.761585329734)
[21Nov2025 11:25:04.483] [Server thread/INFO] [net.minecraft.server.MinecraftServer/]: Dulmin joined the game
[21Nov2025 11:25:32.495] [User Authenticator #84/INFO] [net.minecraft.server.network.ServerLoginPacketListenerImpl/]: UUID of player ___________12345 is 97610a1d-b4f7-4884-8782-bc4959586510
[21Nov2025 11:25:37.464] [Server thread/INFO] [net.minecraft.server.network.ServerGamePacketListenerImpl/]: Dulmin lost connection: Disconnected
[21Nov2025 11:25:37.465] [Server thread/INFO] [net.minecraft.server.MinecraftServer/]: Dulmin left the game
[21Nov2025 11:25:37.465] [Server thread/INFO] [voicechat/]: [voicechat] Disconnecting client Dulmin
[21Nov2025 11:25:37.501] [Server thread/INFO] [net.minecraft.server.network.ServerGamePacketListenerImpl/]: tydf62 lost connection: Disconnected
[21Nov2025 11:25:37.501] [Server thread/INFO] [net.minecraft.server.MinecraftServer/]: tydf62 left the game
[21Nov2025 11:25:37.502] [Server thread/INFO] [voicechat/]: [voicechat] Disconnecting client tydf62
[21Nov2025 11:25:37.539] [Server thread/INFO] [net.minecraft.server.network.ServerConfigurationPacketListenerImpl/]: com.mojang.authlib.GameProfile@35f6d5b9[id=97610a1d-b4f7-4884-8782-bc4959586510,name=___________12345,properties={textures=[Property[name=textures, value=ewogICJ0aW1lc3RhbXAiIDogMTc2MzY5MTg5MzE1MywKICAicHJvZmlsZUlkIiA6ICI5NzYxMGExZGI0Zjc0ODg0ODc4MmJjNDk1OTU4NjUxMCIsCiAgInByb2ZpbGVOYW1lIiA6ICJfX19fX19fX19fXzEyMzQ1IiwKICAic2lnbmF0dXJlUmVxdWlyZWQiIDogdHJ1ZSwKICAidGV4dHVyZXMiIDogewogICAgIlNLSU4iIDogewogICAgICAidXJsIiA6ICJodHRwOi8vdGV4dHVyZXMubWluZWNyYWZ0Lm5ldC90ZXh0dXJlL2M4NTcyZGNiOGZiMDhhZWExYzE1Y2ZlNDIyYjM1MzQ5ZWQ4YjQ5YTI5ODBiM2NkOGRlMDFiOWQ4NjYzYzFjOWMiCiAgICB9LAogICAgIkNBUEUiIDogewogICAgICAidXJsIiA6ICJodHRwOi8vdGV4dHVyZXMubWluZWNyYWZ0Lm5ldC90ZXh0dXJlLzIzNDBjMGUwM2RkMjRhMTFiMTVhOGIzM2MyYTdlOWUzMmFiYjIwNTFiMjQ4MWQwYmE3ZGVmZDYzNWNhN2E5MzMiCiAgICB9CiAgfQp9, signature=BkOw/z2/hN2U+EibSBkEUprkIbeQxIr/db9LlOHXrzCkm/cCRWFRG303ybNv7NNb+J304pQIzFYzPD2W/SwACPSGEkbzUE1+Npz30U2hHp380KwvcU+ys7006AkcXXLSls+TEYc8wx1gefTZJFdpqLlspnztDfhA3KXBIG+eJZeawg8y1x2L0QOUBLlEhEgEGebVYP6ZLNFk6Wvf1JpoHs+LIqcgf0QYtcTE+CHd/gkErZOpAhi51H/OFEJ8GanKU/NLnuPma2tGmPRz7IMb6sw/n8jdjG7cruhKLqlZEnbpF0870S90Z1LVbYeRbnA2rkobRbSxQNV0xVDoe5juy9dgAEpMtupnYjgV/v7UbWejQmvPziXrVc4qkAxDUeKIfESxMlJ4jKHmdCU6SOVOSlOG4NBz3T90Aaaj3aaIaWiiMmgbdDrfKOJs4+1Zj6h69hbCJBacHsNI2o+wcOobSIZA0+DW5sg1zj0ugMYK4srAIi0gDiad4pS/2r+Yi6/jyh1I0QzIL3j2kyE0VtdZYgTvvVRnvp6mQ7xSK43p6d+qlI9TvHCDn9dZqRZEKCtakZF4rbWGdwU0OMQt826t8WJIHLdWUk2reaovLjAmPkADoU7yC2wtopv9yVbGzYvMpd3IF8kvt4BgXBgB5Q1RL1ZiRU+46TRSeYKO4HfSbNY=]]}] lost connection: Disconnected
[21Nov2025 11:25:37.540] [Server thread/INFO] [voicechat/]: [voicechat] Received secret request of tydf62 (20)
[21Nov2025 11:25:37.541] [Server thread/INFO] [voicechat/]: [voicechat] Sent secret to tydf62
[21Nov2025 11:25:37.542] [Server thread/INFO] [com.b1n_ry.yigd.Yigd/]: Priority overwritten for player Dulmin. Claiming: GRAVE / Robbing: INVENTORY
[21Nov2025 11:25:37.543] [Server thread/INFO] [voicechat/]: [voicechat] Received secret request of Dulmin (20)
[21Nov2025 11:25:37.544] [Server thread/INFO] [voicechat/]: [voicechat] Sent secret to Dulmin
[21Nov2025 11:25:37.613] [Server thread/WARN] [net.minecraft.server.MinecraftServer/]: Can't keep up! Is the server overloaded? Running 34452ms or 689 ticks behind
[21Nov2025 11:25:38.705] [User Authenticator #85/INFO] [net.minecraft.server.network.ServerLoginPacketListenerImpl/]: UUID of player Dulmin is 869a9225-c810-4a5c-a7cf-d83766145b7b
[21Nov2025 11:25:38.709] [User Authenticator #86/INFO] [net.minecraft.server.network.ServerLoginPacketListenerImpl/]: UUID of player tydf62 is 4e2508ea-065b-4fc8-9876-de45b568972f
[21Nov2025 11:25:40.708] [Server thread/INFO] [net.minecraft.server.players.PlayerList/]: Dulmin[/172.19.0.1:55112] logged in with entity id 175104 at (-37887.43700088127, 129.1661092609382, 1699.761585329734)
[21Nov2025 11:25:40.711] [Server thread/INFO] [net.minecraft.server.MinecraftServer/]: Dulmin joined the game
[21Nov2025 11:26:17.266] [Server thread/INFO] [net.minecraft.server.network.ServerConfigurationPacketListenerImpl/]: com.mojang.authlib.GameProfile@6225874c[id=97610a1d-b4f7-4884-8782-bc4959586510,name=___________12345,properties={textures=[Property[name=textures, value=ewogICJ0aW1lc3RhbXAiIDogMTc2MzY5MTkzMjAxNCwKICAicHJvZmlsZUlkIiA6ICI5NzYxMGExZGI0Zjc0ODg0ODc4MmJjNDk1OTU4NjUxMCIsCiAgInByb2ZpbGVOYW1lIiA6ICJfX19fX19fX19fXzEyMzQ1IiwKICAic2lnbmF0dXJlUmVxdWlyZWQiIDogdHJ1ZSwKICAidGV4dHVyZXMiIDogewogICAgIlNLSU4iIDogewogICAgICAidXJsIiA6ICJodHRwOi8vdGV4dHVyZXMubWluZWNyYWZ0Lm5ldC90ZXh0dXJlL2M4NTcyZGNiOGZiMDhhZWExYzE1Y2ZlNDIyYjM1MzQ5ZWQ4YjQ5YTI5ODBiM2NkOGRlMDFiOWQ4NjYzYzFjOWMiCiAgICB9LAogICAgIkNBUEUiIDogewogICAgICAidXJsIiA6ICJodHRwOi8vdGV4dHVyZXMubWluZWNyYWZ0Lm5ldC90ZXh0dXJlLzIzNDBjMGUwM2RkMjRhMTFiMTVhOGIzM2MyYTdlOWUzMmFiYjIwNTFiMjQ4MWQwYmE3ZGVmZDYzNWNhN2E5MzMiCiAgICB9CiAgfQp9, signature=d1a0HktdXiNuQWYZQKiilqmLw516OxZ8pNYK15CzLB64vqO9odc51m0AfVnkuiLeUDytp5XVi4lxWWMqd0raOKhqn9EV99buFSS91NuwOoHi1Db8JiEyRGXfbGhCDDM1xBGxo4FQLuXayULE7SYPXtWI3wqQY5eRzmEkWKYaSnrOVfr1epaUudxzmzNYutw2DWbsnTFDW4vTWkHezzl+tDKpbEOj3Og4eWF8+sTJzkDZrbglz04m0+VDOLwlSiOiT2PPT3M0hJPM9d8uw12luYN/WA7jFjtRxYcuaS8UuQ9M1Igi1KzCusHsML9Xlu8X3Wt6mgn3YolkDjFDa2CM/+b5q+7QSIYt2XT+6zocpNOdZtco8zAbqHYawCYOi105BkdhXT2xidKghAfpBuITatSV/tmz1aNM1BBE3zAoPypRP14OQHfGnZCkh7zTxFJb4lt1KQE7kKIloLnSSX7WRcYcTVwp00z8nq3GOQKriAG/HlwiJn1CoGb9Tda7UNbf+JvBpIA892gc5ffyISvsvh1Mf231OkwWrNbSxkfKTrFBKoYVgsQEhxKZC+oFgbPvJVBynfATckvdDm/p0vqPdkfZiXka9p/JNbgWBm5JDK+nwJPkiC15+wGCxzrtFZTSkSWpSeEs2sQTOn64j13xTJArykks55Edk+nwKM2/ep0=]]}] lost connection: Disconnected
[21Nov2025 11:26:17.272] [Server thread/INFO] [net.minecraft.server.network.ServerGamePacketListenerImpl/]: Dulmin lost connection: Disconnected
[21Nov2025 11:26:17.273] [Server thread/INFO] [net.minecraft.server.MinecraftServer/]: Dulmin left the game
[21Nov2025 11:26:17.273] [Server thread/INFO] [voicechat/]: [voicechat] Disconnecting client Dulmin
[21Nov2025 11:26:17.309] [Server thread/INFO] [net.minecraft.server.network.ServerConfigurationPacketListenerImpl/]: com.mojang.authlib.GameProfile@67a17dd3[id=4e2508ea-065b-4fc8-9876-de45b568972f,name=tydf62,properties={textures=[Property[name=textures, value=ewogICJ0aW1lc3RhbXAiIDogMTc2MzY5MTkzODMzOSwKICAicHJvZmlsZUlkIiA6ICI0ZTI1MDhlYTA2NWI0ZmM4OTg3NmRlNDViNTY4OTcyZiIsCiAgInByb2ZpbGVOYW1lIiA6ICJ0eWRmNjIiLAogICJzaWduYXR1cmVSZXF1aXJlZCIgOiB0cnVlLAogICJ0ZXh0dXJlcyIgOiB7CiAgICAiU0tJTiIgOiB7CiAgICAgICJ1cmwiIDogImh0dHA6Ly90ZXh0dXJlcy5taW5lY3JhZnQubmV0L3RleHR1cmUvMjkyNWNhNjE5NzM4MTVkYzA1Mjc1MzhkZDc5NWZmYmRjMTI5YWExMDQwMjRmODdlZGRlMGRkMjhmZmI5YzBlNyIsCiAgICAgICJtZXRhZGF0YSIgOiB7CiAgICAgICAgIm1vZGVsIiA6ICJzbGltIgogICAgICB9CiAgICB9CiAgfQp9, signature=TTIQIhVyTxMjBPFWjXecrs1usm9Uiz47MhMP/Qpi02aKrZCzNxbRQx7ckBfdT/Bcx42/DRVctjy5m59Yal4LCreV0bnfsDLIqQN0bAkdx4PP2pvSLDxYtfM4tMPVBcq5UTRAYx0cbZ2zQlgiAFbGI/MCD7glUpjeyFGskjcZ97fz1jjCWXtf4pPnmeSPjGXr56rPHcPeU0Cr4Vvadp3SjjevMEXK1snjHL1RHLKNRlSb6tLOQNeNg6dxedMVt/hFqWf5tdC6fKvKiPv5Rh/kHpoJGxS0hv9/y5alFKjdwnAbv173LQipiIRPwBbWCnzlbYOrEUIJKeEHQefiyEl3Ua4cQYbpLp41lIVV0y8Oo81VnS6Y6pyDQvGCNbc1FAd7QfIOQNuOVJ3Px6Tn/nmErcMrN0CSNo6yhBKRRFvqrotU/UI/UWOIMffmOTKRczsZ326zPTc41L+2JSxD4fN2rFzu4iwZxp0AJQQUBti5j5ZE7Y2nTnZ0omxhfIca0AB1Oh9KkfW0A/8FuNYgoVLjjNOZ4mgBz+R21YsnpI3jkkBATytbgk9w0vi9KeF8+XqaZcjJ1oPlz2jtSMA1ttvYNvAnU8mu7BgvmuKzv/gGtQjyDxKvmiuD1XzzVwivn0mNY4ywMshnahUAKltu/oLxU3lUQUEzWbzLIHBE0+Cc6rI=]]}] lost connection: Disconnected
[21Nov2025 11:26:17.309] [Server thread/INFO] [com.b1n_ry.yigd.Yigd/]: Priority overwritten for player Dulmin. Claiming: GRAVE / Robbing: INVENTORY
[21Nov2025 11:26:17.310] [Server thread/INFO] [voicechat/]: [voicechat] Received secret request of Dulmin (20)
[21Nov2025 11:26:17.311] [Server thread/INFO] [voicechat/]: [voicechat] Sent secret to Dulmin
[21Nov2025 11:26:17.326] [Server thread/WARN] [net.minecraft.server.MinecraftServer/]: Can't keep up! Is the server overloaded? Running 24716ms or 494 ticks behind
[21Nov2025 11:26:37.822] [User Authenticator #87/INFO] [net.minecraft.server.network.ServerLoginPacketListenerImpl/]: UUID of player ___________12345 is 97610a1d-b4f7-4884-8782-bc4959586510
[21Nov2025 11:26:41.044] [User Authenticator #88/INFO] [net.minecraft.server.network.ServerLoginPacketListenerImpl/]: UUID of player Dulmin is 869a9225-c810-4a5c-a7cf-d83766145b7b
[21Nov2025 11:26:41.811] [Server thread/INFO] [net.minecraft.server.players.PlayerList/]: ___________12345[/172.19.0.1:47388] logged in with entity id 175105 at (3644.72094841646, 95.0, -2567.794382329748)
[21Nov2025 11:26:41.814] [Server thread/INFO] [net.minecraft.server.MinecraftServer/]: ___________12345 joined the game
[21Nov2025 11:27:06.805] [Server thread/WARN] [net.minecraft.server.MinecraftServer/]: Can't keep up! Is the server overloaded? Running 25048ms or 500 ticks behind
[21Nov2025 11:27:06.831] [Server thread/INFO] [com.b1n_ry.yigd.Yigd/]: Priority overwritten for player ___________12345. Claiming: GRAVE / Robbing: INVENTORY
[21Nov2025 11:27:06.835] [Server thread/INFO] [voicechat/]: [voicechat] Received secret request of ___________12345 (20)
[21Nov2025 11:27:06.837] [Server thread/WARN] [voicechat/]: [voicechat] Player already requested secret - ignoring
[21Nov2025 11:27:07.792] [Server thread/INFO] [net.minecraft.server.players.PlayerList/]: Dulmin[/172.19.0.1:51406] logged in with entity id 175118 at (-37887.43700088127, 129.1661092609382, 1699.761585329734)
[21Nov2025 11:27:07.795] [Server thread/INFO] [net.minecraft.server.MinecraftServer/]: Dulmin joined the game
[21Nov2025 11:27:14.676] [User Authenticator #89/INFO] [net.minecraft.server.network.ServerLoginPacketListenerImpl/]: UUID of player tydf62 is 4e2508ea-065b-4fc8-9876-de45b568972f
[21Nov2025 11:27:41.069] [User Authenticator #90/INFO] [net.minecraft.server.network.ServerLoginPacketListenerImpl/]: UUID of player Dulmin is 869a9225-c810-4a5c-a7cf-d83766145b7b
[21Nov2025 11:27:44.203] [Server thread/INFO] [net.minecraft.server.network.ServerGamePacketListenerImpl/]: ___________12345 lost connection: Disconnected
[21Nov2025 11:27:44.204] [Server thread/INFO] [net.minecraft.server.MinecraftServer/]: ___________12345 left the game
[21Nov2025 11:27:44.205] [Server thread/INFO] [voicechat/]: [voicechat] Disconnecting client ___________12345
[21Nov2025 11:27:44.239] [Server thread/INFO] [net.minecraft.server.network.ServerGamePacketListenerImpl/]: Dulmin lost connection: Disconnected
[21Nov2025 11:27:44.240] [Server thread/INFO] [net.minecraft.server.MinecraftServer/]: Dulmin left the game
[21Nov2025 11:27:44.241] [Server thread/INFO] [voicechat/]: [voicechat] Disconnecting client Dulmin
[21Nov2025 11:27:44.276] [Server thread/INFO] [net.minecraft.server.network.ServerLoginPacketListenerImpl/]: tydf62 (/172.19.0.1:51722) lost connection: Disconnected
[21Nov2025 11:27:44.276] [Server thread/INFO] [com.b1n_ry.yigd.Yigd/]: Priority overwritten for player Dulmin. Claiming: GRAVE / Robbing: INVENTORY
[21Nov2025 11:27:44.277] [Server thread/INFO] [voicechat/]: [voicechat] Received secret request of Dulmin (20)
[21Nov2025 11:27:44.278] [Server thread/INFO] [voicechat/]: [voicechat] Sent secret to Dulmin
[21Nov2025 11:27:44.346] [Server thread/WARN] [net.minecraft.server.MinecraftServer/]: Can't keep up! Is the server overloaded? Running 22590ms or 451 ticks behind
[21Nov2025 11:27:48.780] [User Authenticator #91/INFO] [net.minecraft.server.network.ServerLoginPacketListenerImpl/]: UUID of player ___________12345 is 97610a1d-b4f7-4884-8782-bc4959586510
[21Nov2025 11:27:49.329] [User Authenticator #92/INFO] [net.minecraft.server.network.ServerLoginPacketListenerImpl/]: UUID of player tydf62 is 4e2508ea-065b-4fc8-9876-de45b568972f
[21Nov2025 11:27:50.196] [Server thread/INFO] [net.minecraft.server.players.PlayerList/]: Dulmin[/172.19.0.1:50958] logged in with entity id 175119 at (-37887.43700088127, 129.1661092609382, 1699.761585329734)
[21Nov2025 11:27:50.199] [Server thread/INFO] [net.minecraft.server.MinecraftServer/]: Dulmin joined the game
[21Nov2025 11:28:11.957] [User Authenticator #93/INFO] [net.minecraft.server.network.ServerLoginPacketListenerImpl/]: UUID of player ___________12345 is 97610a1d-b4f7-4884-8782-bc4959586510
[21Nov2025 11:28:20.512] [User Authenticator #94/INFO] [net.minecraft.server.network.ServerLoginPacketListenerImpl/]: UUID of player ___________12345 is 97610a1d-b4f7-4884-8782-bc4959586510
[21Nov2025 11:28:21.903] [Server thread/INFO] [net.minecraft.server.network.ServerGamePacketListenerImpl/]: Dulmin lost connection: Disconnected
[21Nov2025 11:28:21.904] [Server thread/INFO] [net.minecraft.server.MinecraftServer/]: Dulmin left the game
[21Nov2025 11:28:21.905] [Server thread/INFO] [voicechat/]: [voicechat] Disconnecting client Dulmin
[21Nov2025 11:28:21.942] [Server thread/INFO] [net.minecraft.server.network.ServerConfigurationPacketListenerImpl/]: com.mojang.authlib.GameProfile@7f29ed2d[id=97610a1d-b4f7-4884-8782-bc4959586510,name=___________12345,properties={textures=[Property[name=textures, value=ewogICJ0aW1lc3RhbXAiIDogMTc2MzY5MjA2ODIzOCwKICAicHJvZmlsZUlkIiA6ICI5NzYxMGExZGI0Zjc0ODg0ODc4MmJjNDk1OTU4NjUxMCIsCiAgInByb2ZpbGVOYW1lIiA6ICJfX19fX19fX19fXzEyMzQ1IiwKICAic2lnbmF0dXJlUmVxdWlyZWQiIDogdHJ1ZSwKICAidGV4dHVyZXMiIDogewogICAgIlNLSU4iIDogewogICAgICAidXJsIiA6ICJodHRwOi8vdGV4dHVyZXMubWluZWNyYWZ0Lm5ldC90ZXh0dXJlL2M4NTcyZGNiOGZiMDhhZWExYzE1Y2ZlNDIyYjM1MzQ5ZWQ4YjQ5YTI5ODBiM2NkOGRlMDFiOWQ4NjYzYzFjOWMiCiAgICB9LAogICAgIkNBUEUiIDogewogICAgICAidXJsIiA6ICJodHRwOi8vdGV4dHVyZXMubWluZWNyYWZ0Lm5ldC90ZXh0dXJlLzIzNDBjMGUwM2RkMjRhMTFiMTVhOGIzM2MyYTdlOWUzMmFiYjIwNTFiMjQ4MWQwYmE3ZGVmZDYzNWNhN2E5MzMiCiAgICB9CiAgfQp9, signature=KRn7n005+i9zte+ppUus7SOYDZqvX7j2qktaR4C3YzPbkxy28/bnCCXSnSJyX4TrYl7J3ts9NuU6J6FHXLyiH4KxeEP5/CnCRqH/zGpp6f8bFDzRTanm/KYfGIpNJ3ZFqdPg88+mJUp55fYRn0gaPd6IaJoSJM86EjYoAIeLs+2zVO7aHYNQwnOTg6Ujbs37hxqkcPmpZMDYtZ87kuFKyTc1kppsvHgWxeLLuqoYM+FIt1Xzf6ZNak6XGpcL9wSe3fE8R0130+GFrJJCxcUFM4MQ51BTf1DShkTh8R3/Lfj4Rh1naJi6nqjAaJMKfpSsDZqSg1v0hVkjijilG5ilmbZeAzn+1hwmn/s0RDgCm9jb4rc4Fe5cNva4LVNYo7JkiutWQDHjexAMI5XY5qL+y6tw3WT4tyN7J8rrGGXtdglbeb6An5S0+Hfy6R4kKQD/lDE2X7Xkdxs+ADUYmZRLj/gnzcd52YG5q0g64nN2nySU/o3jDVvtRxfT0u0YT8TVf8puiIhWFnfK4KEHTkhDjAG0bff15QoNeh1FHyqigYIKys+MjFXvFcbwjW6pUjEOxFzq7fq3I30j0dCeLTvBMcPuzOe8F6hGCRpaRGY0loDoiHoX42nSzroihdlDUMd8WU9ZOFpZv/Vtnzy80wd1T+yNzJ92RtoBUO9NcaSf2Yg=]]}] lost connection: Disconnected
[21Nov2025 11:28:21.943] [Server thread/INFO] [net.minecraft.server.network.ServerConfigurationPacketListenerImpl/]: com.mojang.authlib.GameProfile@4602bd77[id=4e2508ea-065b-4fc8-9876-de45b568972f,name=tydf62,properties={textures=[Property[name=textures, value=ewogICJ0aW1lc3RhbXAiIDogMTc2MzY5MjA2ODkzNiwKICAicHJvZmlsZUlkIiA6ICI0ZTI1MDhlYTA2NWI0ZmM4OTg3NmRlNDViNTY4OTcyZiIsCiAgInByb2ZpbGVOYW1lIiA6ICJ0eWRmNjIiLAogICJzaWduYXR1cmVSZXF1aXJlZCIgOiB0cnVlLAogICJ0ZXh0dXJlcyIgOiB7CiAgICAiU0tJTiIgOiB7CiAgICAgICJ1cmwiIDogImh0dHA6Ly90ZXh0dXJlcy5taW5lY3JhZnQubmV0L3RleHR1cmUvMjkyNWNhNjE5NzM4MTVkYzA1Mjc1MzhkZDc5NWZmYmRjMTI5YWExMDQwMjRmODdlZGRlMGRkMjhmZmI5YzBlNyIsCiAgICAgICJtZXRhZGF0YSIgOiB7CiAgICAgICAgIm1vZGVsIiA6ICJzbGltIgogICAgICB9CiAgICB9CiAgfQp9, signature=oiow9cU5YbopKSwnzDRa2SOd9/yhM2FnBQfCH9CYEl192+qcHb5rbUiy64AdjgiBiIOkFeMR77cYe94jniEio45ZyxxnJtMdf1cqfFkUhi++0hs6o5TqPu/ntWzo5Lre9T/errMHSzzJfWf/XvGsIU2/99DQ/j/QNEg3etYtOsnMZgLL6QqmAIJLqzfPFaK8iTQb0GHM5NO43rGnqJZg7oIA/SGOnCXAIU3muH8awuo/Yr+zdv1ZvNx0mNw2p8E4rZ+ldjOL+dGMjH6ls+1axKreaMyUndhqZdC5jCQ7GFanwz7U/1SzxzlogoZnV3pBDzzNXsWx3LBRxGvrZ+1H0YU6EyBJSR+s6dhRlhmO18R0P51hVTHBJLvfC8USssn0PsAP4c79j8MQgj21YdXdahjEr9Ut2vKn6qrKNLa4iL5rMABOD42Uddq07ZnhgIPZ4RObTwm8+x3iEssj1vr03mQeDn7lOnRr6+w7tJRkSbeTmqZJaVOyqmcYhZ3JcXgGhzUY+3WvVmOYkZN5BlmJB2W8wxpeyeniX9izRSrHAvYnqFsdPsN7WbkAVzzjHoOResSklFwBRIhD6ww86Bvj+GReBjsMa9uq9PAuEjqu385F4HizQJnEe1P8JX743GW/ToScODXMQpiRf/FkgTMLiq7d4WQXSHm5bwQ64R6VTDY=]]}] lost connection: Disconnected
[21Nov2025 11:28:21.943] [Server thread/INFO] [net.minecraft.server.network.ServerLoginPacketListenerImpl/]: ___________12345 (/172.19.0.1:34790) lost connection: Disconnected
[21Nov2025 11:28:21.944] [Server thread/INFO] [net.minecraft.server.network.ServerLoginPacketListenerImpl/]: ___________12345 (/172.19.0.1:47778) lost connection: Disconnected
[21Nov2025 11:28:21.945] [Server thread/INFO] [com.b1n_ry.yigd.Yigd/]: Priority overwritten for player Dulmin. Claiming: GRAVE / Robbing: INVENTORY
[21Nov2025 11:28:21.945] [Server thread/INFO] [voicechat/]: [voicechat] Received secret request of Dulmin (20)
[21Nov2025 11:28:21.947] [Server thread/INFO] [voicechat/]: [voicechat] Sent secret to Dulmin
[21Nov2025 11:28:21.956] [Server thread/WARN] [net.minecraft.server.MinecraftServer/]: Can't keep up! Is the server overloaded? Running 22652ms or 453 ticks behind
[21Nov2025 11:28:24.564] [User Authenticator #95/INFO] [net.minecraft.server.network.ServerLoginPacketListenerImpl/]: UUID of player Dulmin is 869a9225-c810-4a5c-a7cf-d83766145b7b
[21Nov2025 11:28:28.216] [Server thread/INFO] [net.minecraft.server.players.PlayerList/]: Dulmin[/172.19.0.1:47798] logged in with entity id 175120 at (-37887.43700088127, 129.1661092609382, 1699.761585329734)
[21Nov2025 11:28:28.219] [Server thread/INFO] [net.minecraft.server.MinecraftServer/]: Dulmin joined the game
[21Nov2025 11:28:56.985] [User Authenticator #96/INFO] [net.minecraft.server.network.ServerLoginPacketListenerImpl/]: UUID of player ___________12345 is 97610a1d-b4f7-4884-8782-bc4959586510
[21Nov2025 11:28:58.865] [Server thread/INFO] [net.minecraft.server.network.ServerGamePacketListenerImpl/]: Dulmin lost connection: Disconnected
[21Nov2025 11:28:58.865] [Server thread/INFO] [net.minecraft.server.MinecraftServer/]: Dulmin left the game
[21Nov2025 11:28:58.866] [Server thread/INFO] [voicechat/]: [voicechat] Disconnecting client Dulmin
[21Nov2025 11:28:58.900] [Server thread/INFO] [com.b1n_ry.yigd.Yigd/]: Priority overwritten for player Dulmin. Claiming: GRAVE / Robbing: INVENTORY
[21Nov2025 11:28:58.900] [Server thread/INFO] [voicechat/]: [voicechat] Received secret request of Dulmin (20)
[21Nov2025 11:28:58.901] [Server thread/INFO] [voicechat/]: [voicechat] Sent secret to Dulmin
[21Nov2025 11:28:58.917] [Server thread/WARN] [net.minecraft.server.MinecraftServer/]: Can't keep up! Is the server overloaded? Running 21966ms or 439 ticks behind
[21Nov2025 11:29:02.819] [Server thread/INFO] [net.minecraft.server.players.PlayerList/]: ___________12345[/172.19.0.1:50672] logged in with entity id 175121 at (3644.72094841646, 95.0, -2567.794382329748)
[21Nov2025 11:29:02.822] [Server thread/INFO] [net.minecraft.server.MinecraftServer/]: ___________12345 joined the game
[21Nov2025 11:29:31.686] [Server thread/INFO] [com.b1n_ry.yigd.Yigd/]: Priority overwritten for player ___________12345. Claiming: GRAVE / Robbing: INVENTORY
[21Nov2025 11:29:31.689] [Server thread/INFO] [voicechat/]: [voicechat] Received secret request of ___________12345 (20)
[21Nov2025 11:29:31.691] [Server thread/INFO] [voicechat/]: [voicechat] Sent secret to ___________12345
[21Nov2025 11:29:32.132] [Server thread/WARN] [net.minecraft.server.MinecraftServer/]: Can't keep up! Is the server overloaded? Running 18232ms or 364 ticks behind
[21Nov2025 11:29:39.163] [User Authenticator #97/INFO] [net.minecraft.server.network.ServerLoginPacketListenerImpl/]: UUID of player tydf62 is 4e2508ea-065b-4fc8-9876-de45b568972f
[21Nov2025 11:29:41.288] [Server thread/INFO] [net.minecraft.server.players.PlayerList/]: tydf62[/172.19.0.1:55774] logged in with entity id 175171 at (-24404.347201663404, 68.5, 40732.367587776775)
[21Nov2025 11:29:41.291] [Server thread/INFO] [net.minecraft.server.MinecraftServer/]: tydf62 joined the game
[21Nov2025 11:29:53.742] [Server thread/INFO] [com.b1n_ry.yigd.Yigd/]: Priority overwritten for player tydf62. Claiming: GRAVE / Robbing: INVENTORY
[21Nov2025 11:29:53.746] [Server thread/WARN] [net.minecraft.server.network.ServerGamePacketListenerImpl/]: ___________12345 moved too quickly! 3.991927307044989,4.252203340253729,-8.233454505148075
[21Nov2025 11:29:53.747] [Server thread/INFO] [voicechat/]: [voicechat] Received secret request of tydf62 (20)
[21Nov2025 11:29:53.749] [Server thread/WARN] [voicechat/]: [voicechat] Player already requested secret - ignoring
[21Nov2025 11:29:53.749] [Server thread/INFO] [net.minecraft.server.MinecraftServer/]: <___________12345> 태우꼬츄
[21Nov2025 11:29:54.118] [Server thread/WARN] [net.minecraft.server.MinecraftServer/]: Can't keep up! Is the server overloaded? Running 7018ms or 140 ticks behind
[21Nov2025 11:29:57.886] [Server thread/INFO] [net.minecraft.server.MinecraftServer/]: <tydf62> ?
[21Nov2025 11:30:02.249] [Server thread/INFO] [net.minecraft.server.MinecraftServer/]: [tydf62: Teleported tydf62 to -24411.500000, 47.500000, 41779.500000]
[21Nov2025 11:30:07.869] [Server thread/INFO] [net.minecraft.server.MinecraftServer/]: [tydf62: Teleported tydf62 to -24485.500000, 63.500000, 45229.500000]
[21Nov2025 11:30:34.701] [Server thread/INFO] [net.minecraft.world.entity.LivingEntity/]: Named entity NPC['Jeff'/175397, l='ServerLevel[world]', x=-24511.50, y=49.00, z=45208.50] died: Jeff drowned
[21Nov2025 11:30:40.242] [User Authenticator #98/INFO] [net.minecraft.server.network.ServerLoginPacketListenerImpl/]: UUID of player Dulmin is 869a9225-c810-4a5c-a7cf-d83766145b7b
[21Nov2025 11:30:45.691] [Server thread/INFO] [net.minecraft.server.players.PlayerList/]: Dulmin[/172.19.0.1:46780] logged in with entity id 175488 at (-37887.43700088127, 129.1661092609382, 1699.761585329734)
[21Nov2025 11:30:45.694] [Server thread/INFO] [net.minecraft.server.MinecraftServer/]: Dulmin joined the game
[21Nov2025 11:31:19.727] [Server thread/WARN] [net.minecraft.server.MinecraftServer/]: Can't keep up! Is the server overloaded? Running 34081ms or 681 ticks behind
[21Nov2025 11:31:19.738] [Server thread/INFO] [net.minecraft.server.network.ServerGamePacketListenerImpl/]: ___________12345 lost connection: Disconnected
[21Nov2025 11:31:19.739] [Server thread/INFO] [net.minecraft.server.MinecraftServer/]: ___________12345 left the game
[21Nov2025 11:31:19.740] [Server thread/INFO] [voicechat/]: [voicechat] Disconnecting client ___________12345
[21Nov2025 11:31:19.775] [Server thread/INFO] [net.minecraft.server.network.ServerGamePacketListenerImpl/]: tydf62 lost connection: Disconnected
[21Nov2025 11:31:19.776] [Server thread/INFO] [net.minecraft.server.MinecraftServer/]: tydf62 left the game
[21Nov2025 11:31:19.777] [Server thread/INFO] [voicechat/]: [voicechat] Disconnecting client tydf62
[21Nov2025 11:31:19.811] [Server thread/INFO] [net.minecraft.server.network.ServerGamePacketListenerImpl/]: Dulmin lost connection: Disconnected
[21Nov2025 11:31:19.811] [Server thread/INFO] [net.minecraft.server.MinecraftServer/]: Dulmin left the game
[21Nov2025 11:31:19.812] [Server thread/INFO] [voicechat/]: [voicechat] Disconnecting client Dulmin
[21Nov2025 11:31:19.847] [Server thread/INFO] [com.b1n_ry.yigd.Yigd/]: Priority overwritten for player Dulmin. Claiming: GRAVE / Robbing: INVENTORY
[21Nov2025 11:31:19.847] [Server thread/INFO] [voicechat/]: [voicechat] Received secret request of Dulmin (20)
[21Nov2025 11:31:19.848] [Server thread/INFO] [voicechat/]: [voicechat] Sent secret to Dulmin
[21Nov2025 11:31:20.096] [Server thread/INFO] [net.minecraft.server.network.ServerLoginPacketListenerImpl/]: ___________12345 (/172.19.0.1:56312) lost connection: Disconnected
[21Nov2025 11:31:22.820] [User Authenticator #99/INFO] [net.minecraft.server.network.ServerLoginPacketListenerImpl/]: UUID of player Dulmin is 869a9225-c810-4a5c-a7cf-d83766145b7b
[21Nov2025 11:31:27.279] [Server thread/INFO] [net.minecraft.server.players.PlayerList/]: Dulmin[/172.19.0.1:56358] logged in with entity id 175489 at (-37887.43700088127, 129.1661092609382, 1699.761585329734)
[21Nov2025 11:31:27.282] [Server thread/INFO] [net.minecraft.server.MinecraftServer/]: Dulmin joined the game
[21Nov2025 11:31:27.989] [User Authenticator #100/INFO] [net.minecraft.server.network.ServerLoginPacketListenerImpl/]: UUID of player ___________12345 is 97610a1d-b4f7-4884-8782-bc4959586510
[21Nov2025 11:31:51.153] [User Authenticator #101/INFO] [net.minecraft.server.network.ServerLoginPacketListenerImpl/]: UUID of player ___________12345 is 97610a1d-b4f7-4884-8782-bc4959586510
[21Nov2025 11:31:57.015] [Server thread/INFO] [net.minecraft.server.network.ServerLoginPacketListenerImpl/]: ___________12345 (/172.19.0.1:56572) lost connection: Disconnected
[21Nov2025 11:31:57.025] [Server thread/INFO] [com.b1n_ry.yigd.Yigd/]: Priority overwritten for player Dulmin. Claiming: GRAVE / Robbing: INVENTORY
[21Nov2025 11:31:57.027] [Server thread/INFO] [voicechat/]: [voicechat] Received secret request of Dulmin (20)
[21Nov2025 11:31:57.028] [Server thread/WARN] [voicechat/]: [voicechat] Player already requested secret - ignoring
[21Nov2025 11:31:57.252] [Server thread/WARN] [net.minecraft.server.MinecraftServer/]: Can't keep up! Is the server overloaded? Running 22559ms or 451 ticks behind
[21Nov2025 11:32:01.472] [Server thread/INFO] [net.minecraft.server.players.PlayerList/]: ___________12345[/172.19.0.1:47466] logged in with entity id 175507 at (3611.4298512391056, 95.0, -2554.4465599039177)
[21Nov2025 11:32:01.474] [Server thread/INFO] [net.minecraft.server.MinecraftServer/]: ___________12345 joined the game
[21Nov2025 11:32:20.566] [User Authenticator #102/INFO] [net.minecraft.server.network.ServerLoginPacketListenerImpl/]: UUID of player tydf62 is 4e2508ea-065b-4fc8-9876-de45b568972f
[21Nov2025 11:32:28.565] [Server thread/INFO] [com.b1n_ry.yigd.Yigd/]: Priority overwritten for player ___________12345. Claiming: GRAVE / Robbing: INVENTORY
[21Nov2025 11:32:28.568] [Server thread/INFO] [voicechat/]: [voicechat] Received secret request of ___________12345 (20)
[21Nov2025 11:32:28.570] [Server thread/INFO] [voicechat/]: [voicechat] Sent secret to ___________12345
[21Nov2025 11:32:29.355] [Server thread/WARN] [net.minecraft.server.MinecraftServer/]: Can't keep up! Is the server overloaded? Running 17114ms or 342 ticks behind
[21Nov2025 11:32:31.914] [Server thread/INFO] [net.minecraft.server.players.PlayerList/]: tydf62[/172.19.0.1:42346] logged in with entity id 175529 at (-24485.507669583225, 52.5, 45229.48771801823)
[21Nov2025 11:32:31.917] [Server thread/INFO] [net.minecraft.server.MinecraftServer/]: tydf62 joined the game
[21Nov2025 11:32:44.141] [Server thread/INFO] [com.b1n_ry.yigd.Yigd/]: Priority overwritten for player tydf62. Claiming: GRAVE / Robbing: INVENTORY
[21Nov2025 11:32:44.144] [Server thread/INFO] [voicechat/]: [voicechat] Received secret request of tydf62 (20)
[21Nov2025 11:32:44.146] [Server thread/INFO] [voicechat/]: [voicechat] Sent secret to tydf62
[21Nov2025 11:32:50.499] [Server thread/INFO] [net.minecraft.server.MinecraftServer/]: <___________12345> ?
[21Nov2025 11:32:52.760] [Server thread/INFO] [net.minecraft.server.MinecraftServer/]: <___________12345> 오
[21Nov2025 11:33:10.451] [Server thread/INFO] [net.minecraft.server.MinecraftServer/]: [tydf62: Teleported tydf62 to -24406.500000, 68.500000, 47699.500000]
[21Nov2025 11:33:24.098] [Server thread/ERROR] [com.pixelmonmod.pixelmon.Pixelmon/]: Invalid NPC preset provided: `pixelmon:trainers/femalescientist`
[21Nov2025 11:33:58.014] [Server thread/INFO] [net.minecraft.server.MinecraftServer/]: <___________12345> 그 다이맥스 수프
[21Nov2025 11:34:00.309] [Server thread/INFO] [net.minecraft.server.MinecraftServer/]: <___________12345> 어캐만들어요?
[21Nov2025 11:34:16.296] [Server thread/INFO] [net.minecraft.server.MinecraftServer/]: [___________12345: Teleported ___________12345 to 3814.500000, 100.500000, -2636.500000]
[21Nov2025 11:34:32.693] [Server thread/INFO] [net.minecraft.server.MinecraftServer/]: [tydf62: Teleported tydf62 to -24401.500000, 121.500000, 48636.500000]
[21Nov2025 11:34:42.638] [Server thread/INFO] [net.minecraft.server.MinecraftServer/]: [tydf62: Teleported tydf62 to -24434.500000, 63.500000, 57849.500000]
[21Nov2025 11:34:45.544] [Server thread/ERROR] [com.pixelmonmod.pixelmon.Pixelmon/]: Invalid NPC preset provided: `pixelmon:trainers/maleflaregrunt`
[21Nov2025 11:35:09.892] [Server thread/INFO] [net.minecraft.world.entity.LivingEntity/]: Named entity NPC['Montgomery'/176231, l='ServerLevel[world]', x=3775.50, y=87.00, z=-2601.50] died: Montgomery suffocated in a wall
[21Nov2025 11:35:10.793] [Server thread/INFO] [net.minecraft.world.entity.LivingEntity/]: Named entity NPC['Brad'/176164, l='ServerLevel[world]', x=-24417.50, y=48.49, z=57826.50] died: Brad drowned
[21Nov2025 11:35:27.761] [Server thread/INFO] [net.minecraft.server.MinecraftServer/]: [tydf62: Teleported tydf62 to -24501.500000, 63.500000, 58765.500000]
[21Nov2025 11:35:38.721] [Server thread/INFO] [net.minecraft.server.MinecraftServer/]: [tydf62: Teleported tydf62 to -24420.500000, 64.500000, 59548.500000]
[21Nov2025 11:35:55.309] [Server thread/INFO] [net.minecraft.server.MinecraftServer/]: [___________12345: Teleported ___________12345 to Dulmin]
[21Nov2025 11:36:02.002] [Server thread/WARN] [net.minecraft.server.network.ServerGamePacketListenerImpl/]: tydf62 moved wrongly!
[21Nov2025 11:36:06.437] [Server thread/INFO] [net.minecraft.world.entity.LivingEntity/]: Named entity NPC['Aaron'/176561, l='ServerLevel[world]', x=-24332.50, y=52.00, z=59518.50] died: Aaron drowned
[21Nov2025 11:36:07.587] [Server thread/INFO] [net.minecraft.world.entity.LivingEntity/]: Named entity NPC['Alen'/176578, l='ServerLevel[world]', x=-24382.50, y=56.00, z=59639.50] died: Alen drowned
[21Nov2025 11:36:11.387] [Server thread/INFO] [net.minecraft.world.entity.LivingEntity/]: Named entity NPC['Domonic'/176628, l='ServerLevel[world]', x=-24390.50, y=56.00, z=59515.50] died: Domonic drowned
[21Nov2025 11:36:15.720] [Server thread/INFO] [net.minecraft.server.MinecraftServer/]: [tydf62: Teleported tydf62 to -24385.500000, 63.500000, 62026.500000]
[21Nov2025 11:36:15.933] [Server thread/INFO] [net.minecraft.server.MinecraftServer/]: [Pixelmon] Manaphy has appeared in a den in a Deep Lukewarm Ocean biome!
[21Nov2025 11:36:15.934] [Server thread/INFO] [net.minecraft.server.MinecraftServer/]: Spawned Manaphy at: minecraft:overworld x:-24386, y:51, z:62022
[21Nov2025 11:36:21.976] [Server thread/INFO] [net.minecraft.server.MinecraftServer/]: <___________12345> 마나피?
[21Nov2025 11:36:27.303] [Server thread/INFO] [net.minecraft.server.MinecraftServer/]: <tydf62> 마나피 나에요
[21Nov2025 11:36:30.419] [Server thread/INFO] [net.minecraft.server.MinecraftServer/]: <tydf62> 티피타세요
[21Nov2025 11:36:31.376] [Server thread/INFO] [net.minecraft.server.MinecraftServer/]: <___________12345> 어디였어요?
[21Nov2025 11:36:32.523] [Server thread/INFO] [net.minecraft.server.MinecraftServer/]: [___________12345: Teleported ___________12345 to tydf62]
[21Nov2025 11:36:43.969] [Server thread/INFO] [net.minecraft.server.MinecraftServer/]: <tydf62> 민서 안와?
[21Nov2025 11:36:51.790] [Server thread/INFO] [net.minecraft.server.MinecraftServer/]: <Dulmin> 둘이 해 나 럭키 잡아야함
[21Nov2025 11:37:04.935] [Server thread/INFO] [net.minecraft.world.entity.LivingEntity/]: Named entity NPC['Declan'/176948, l='ServerLevel[world]', x=-24380.50, y=48.49, z=62068.50] died: Declan drowned
[21Nov2025 11:37:23.338] [Server thread/INFO] [net.minecraft.server.network.ServerGamePacketListenerImpl/]: ___________12345 lost connection: Disconnected
[21Nov2025 11:37:23.339] [Server thread/INFO] [net.minecraft.server.MinecraftServer/]: ___________12345 left the game
[21Nov2025 11:37:23.340] [Server thread/INFO] [voicechat/]: [voicechat] Disconnecting client ___________12345
[21Nov2025 11:38:04.934] [Server thread/INFO] [net.minecraft.server.MinecraftServer/]: [tydf62: Teleported tydf62 to -24341.500000, 63.500000, 62759.500000]
[21Nov2025 11:38:13.947] [User Authenticator #103/INFO] [net.minecraft.server.network.ServerLoginPacketListenerImpl/]: UUID of player ___________12345 is 97610a1d-b4f7-4884-8782-bc4959586510
[21Nov2025 11:38:19.973] [Server thread/INFO] [net.minecraft.server.players.PlayerList/]: ___________12345[/172.19.0.1:43662] logged in with entity id 177200 at (-24386.14357812986, 51.0, 62024.44555578936)
[21Nov2025 11:38:19.977] [Server thread/INFO] [net.minecraft.server.MinecraftServer/]: ___________12345 joined the game
[21Nov2025 11:38:50.577] [Server thread/WARN] [net.minecraft.server.MinecraftServer/]: Can't keep up! Is the server overloaded? Running 30652ms or 613 ticks behind
[21Nov2025 11:38:50.588] [Server thread/INFO] [net.minecraft.server.network.ServerGamePacketListenerImpl/]: Dulmin lost connection: Disconnected
[21Nov2025 11:38:50.589] [Server thread/INFO] [net.minecraft.server.MinecraftServer/]: Dulmin left the game
[21Nov2025 11:38:50.590] [Server thread/INFO] [voicechat/]: [voicechat] Disconnecting client Dulmin
[21Nov2025 11:38:50.624] [Server thread/INFO] [net.minecraft.server.network.ServerGamePacketListenerImpl/]: tydf62 lost connection: Disconnected
[21Nov2025 11:38:50.625] [Server thread/INFO] [net.minecraft.server.MinecraftServer/]: tydf62 left the game
[21Nov2025 11:38:50.626] [Server thread/INFO] [voicechat/]: [voicechat] Disconnecting client tydf62
[21Nov2025 11:38:50.739] [Server thread/INFO] [net.minecraft.server.network.ServerGamePacketListenerImpl/]: ___________12345 lost connection: Disconnected
[21Nov2025 11:38:50.740] [Server thread/INFO] [net.minecraft.server.MinecraftServer/]: ___________12345 left the game
[21Nov2025 11:38:50.741] [Server thread/INFO] [voicechat/]: [voicechat] Disconnecting client ___________12345
[21Nov2025 11:38:50.780] [Server thread/INFO] [com.b1n_ry.yigd.Yigd/]: Priority overwritten for player ___________12345. Claiming: GRAVE / Robbing: INVENTORY
[21Nov2025 11:38:50.781] [Server thread/WARN] [net.minecraft.server.network.ServerGamePacketListenerImpl/]: Failed to update secure chat state for ___________12345: 'Chat disabled due to missing profile public key. Please try reconnecting.'
[21Nov2025 11:38:50.781] [Server thread/WARN] [net.minecraft.server.network.ServerGamePacketListenerImpl/]: Failed to update secure chat state for ___________12345: 'Chat disabled due to missing profile public key. Please try reconnecting.'
[21Nov2025 11:38:50.782] [Server thread/INFO] [voicechat/]: [voicechat] Received secret request of ___________12345 (20)
[21Nov2025 11:38:50.783] [Server thread/INFO] [voicechat/]: [voicechat] Sent secret to ___________12345
[21Nov2025 11:38:50.805] [Server thread/WARN] [net.minecraft.network.Connection/]: handleDisconnection() called twice
[21Nov2025 11:38:53.580] [User Authenticator #104/INFO] [net.minecraft.server.network.ServerLoginPacketListenerImpl/]: UUID of player Dulmin is 869a9225-c810-4a5c-a7cf-d83766145b7b
[21Nov2025 11:38:53.967] [User Authenticator #105/INFO] [net.minecraft.server.network.ServerLoginPacketListenerImpl/]: UUID of player tydf62 is 4e2508ea-065b-4fc8-9876-de45b568972f
[21Nov2025 11:38:54.181] [User Authenticator #106/INFO] [net.minecraft.server.network.ServerLoginPacketListenerImpl/]: UUID of player ___________12345 is 97610a1d-b4f7-4884-8782-bc4959586510
[21Nov2025 11:38:56.093] [Server thread/INFO] [net.minecraft.server.players.PlayerList/]: tydf62[/172.19.0.1:45904] logged in with entity id 177212 at (-24338.21107911594, 52.5, 62758.76161002488)
[21Nov2025 11:38:56.100] [Server thread/INFO] [net.minecraft.server.MinecraftServer/]: tydf62 joined the game
[21Nov2025 11:39:07.094] [Server thread/INFO] [com.b1n_ry.yigd.Yigd/]: Priority overwritten for player tydf62. Claiming: GRAVE / Robbing: INVENTORY
[21Nov2025 11:39:07.098] [Server thread/INFO] [voicechat/]: [voicechat] Received secret request of tydf62 (20)
[21Nov2025 11:39:07.099] [Server thread/INFO] [voicechat/]: [voicechat] Sent secret to tydf62
[21Nov2025 11:39:07.376] [Server thread/INFO] [net.minecraft.server.players.PlayerList/]: Dulmin[/172.19.0.1:45908] logged in with entity id 177228 at (-37889.422725582124, 129.0, 1702.699999988079)
[21Nov2025 11:39:07.379] [Server thread/INFO] [net.minecraft.server.MinecraftServer/]: Dulmin joined the game
[21Nov2025 11:39:41.106] [Server thread/INFO] [net.minecraft.server.network.ServerGamePacketListenerImpl/]: tydf62 lost connection: Disconnected
[21Nov2025 11:39:41.106] [Server thread/INFO] [net.minecraft.server.MinecraftServer/]: tydf62 left the game
[21Nov2025 11:39:41.107] [Server thread/INFO] [voicechat/]: [voicechat] Disconnecting client tydf62
[21Nov2025 11:39:41.142] [Server thread/INFO] [net.minecraft.server.network.ServerGamePacketListenerImpl/]: Dulmin lost connection: Disconnected
[21Nov2025 11:39:41.143] [Server thread/INFO] [net.minecraft.server.MinecraftServer/]: Dulmin left the game
[21Nov2025 11:39:41.144] [Server thread/INFO] [voicechat/]: [voicechat] Disconnecting client Dulmin
[21Nov2025 11:39:41.183] [Server thread/INFO] [net.minecraft.server.network.ServerConfigurationPacketListenerImpl/]: com.mojang.authlib.GameProfile@2c5af910[id=97610a1d-b4f7-4884-8782-bc4959586510,name=___________12345,properties={textures=[Property[name=textures, value=ewogICJ0aW1lc3RhbXAiIDogMTc2MzY5MjczMzc0MywKICAicHJvZmlsZUlkIiA6ICI5NzYxMGExZGI0Zjc0ODg0ODc4MmJjNDk1OTU4NjUxMCIsCiAgInByb2ZpbGVOYW1lIiA6ICJfX19fX19fX19fXzEyMzQ1IiwKICAic2lnbmF0dXJlUmVxdWlyZWQiIDogdHJ1ZSwKICAidGV4dHVyZXMiIDogewogICAgIlNLSU4iIDogewogICAgICAidXJsIiA6ICJodHRwOi8vdGV4dHVyZXMubWluZWNyYWZ0Lm5ldC90ZXh0dXJlL2M4NTcyZGNiOGZiMDhhZWExYzE1Y2ZlNDIyYjM1MzQ5ZWQ4YjQ5YTI5ODBiM2NkOGRlMDFiOWQ4NjYzYzFjOWMiCiAgICB9LAogICAgIkNBUEUiIDogewogICAgICAidXJsIiA6ICJodHRwOi8vdGV4dHVyZXMubWluZWNyYWZ0Lm5ldC90ZXh0dXJlLzIzNDBjMGUwM2RkMjRhMTFiMTVhOGIzM2MyYTdlOWUzMmFiYjIwNTFiMjQ4MWQwYmE3ZGVmZDYzNWNhN2E5MzMiCiAgICB9CiAgfQp9, signature=EAM8EpVEghYIhz2WvwNnpCt2i6p+VkukzMpK7rRMDike4emcKYrh3WKjw6Blbk/7ogHET541OrazeDfIXEt409badcBytWaMu1ye8rjfF1QfTSE/gn68UvLv+NGmw1hUlumX3I9qMX0R6vxpo9AEdFkDg8iI8BrCH3XwW5SKiwjCmycFw7Dra8QkF3K65jXoFj1rjnMCWNEWi5VqvwvunCC36unZP791g1Xl2yFyrnmltu66npV8Aj6vSU7M9kT0uG5HCS7Z/rXGMLKtpogwFwevAGE6oDGX4OJCuLgWoZ1txvnLmCye2JssjOnH7QScjTbJ781bAth58kBKgc9+nri0E1lb6cU9IjoGiEJLzmdPZwPQtSHj4+atVvDz2Ihki5GqK2Qou9q0XmLvRzNRCf4FLpBxgBrmhfMIBHy4HFWYzYgfUR0BAWubpCNdQ5AgZD5WGgwas1Ighg9O+hPadRg4HE659jVFAosKZ0dZK2OhdSROs6eJMsD/BYTTjqnP7LQsKuL6zPKt/dDVkRAqiZ/Q7kDhQqFYgnvfS+pQeYepIwrO0FaxmQ33xSKhD7oASeVPIqbpiXrMVbofZoYkWIeslrPGshPuqGYGUZBgxjjWfdO1IEpDOxIz3ZjbnSLDbrWr5IP2JEaUWEMbRwEVliGW82ac2pKcKp7+IApbMAA=]]}] lost connection: Disconnected
[21Nov2025 11:39:41.185] [Server thread/INFO] [com.b1n_ry.yigd.Yigd/]: Priority overwritten for player Dulmin. Claiming: GRAVE / Robbing: INVENTORY
[21Nov2025 11:39:41.185] [Server thread/INFO] [voicechat/]: [voicechat] Received secret request of Dulmin (20)
[21Nov2025 11:39:41.187] [Server thread/INFO] [voicechat/]: [voicechat] Sent secret to Dulmin
[21Nov2025 11:39:41.215] [Server thread/WARN] [net.minecraft.server.MinecraftServer/]: Can't keep up! Is the server overloaded? Running 35643ms or 712 ticks behind
[21Nov2025 11:39:41.787] [User Authenticator #107/INFO] [net.minecraft.server.network.ServerLoginPacketListenerImpl/]: UUID of player ___________12345 is 97610a1d-b4f7-4884-8782-bc4959586510
[21Nov2025 11:39:42.385] [User Authenticator #108/INFO] [net.minecraft.server.network.ServerLoginPacketListenerImpl/]: UUID of player Dulmin is 869a9225-c810-4a5c-a7cf-d83766145b7b
[21Nov2025 11:39:42.597] [User Authenticator #109/INFO] [net.minecraft.server.network.ServerLoginPacketListenerImpl/]: UUID of player tydf62 is 4e2508ea-065b-4fc8-9876-de45b568972f
[21Nov2025 11:39:44.997] [Server thread/INFO] [net.minecraft.server.players.PlayerList/]: tydf62[/172.19.0.1:53616] logged in with entity id 177230 at (-24338.21107911594, 52.00964062482998, 62758.76161002488)
[21Nov2025 11:39:45.000] [Server thread/INFO] [net.minecraft.server.MinecraftServer/]: tydf62 joined the game
[21Nov2025 11:39:57.337] [Server thread/INFO] [com.b1n_ry.yigd.Yigd/]: Priority overwritten for player tydf62. Claiming: GRAVE / Robbing: INVENTORY
[21Nov2025 11:39:57.339] [Server thread/INFO] [voicechat/]: [voicechat] Received secret request of tydf62 (20)
[21Nov2025 11:39:57.341] [Server thread/INFO] [voicechat/]: [voicechat] Sent secret to tydf62
[21Nov2025 11:39:57.490] [Server thread/INFO] [net.minecraft.server.players.PlayerList/]: Dulmin[/172.19.0.1:53606] logged in with entity id 177240 at (-37889.422725582124, 129.0, 1702.699999988079)
[21Nov2025 11:39:57.493] [Server thread/INFO] [net.minecraft.server.MinecraftServer/]: Dulmin joined the game
[21Nov2025 11:40:31.011] [Server thread/INFO] [net.minecraft.server.network.ServerConfigurationPacketListenerImpl/]: com.mojang.authlib.GameProfile@5b0697c[id=97610a1d-b4f7-4884-8782-bc4959586510,name=___________12345,properties={textures=[Property[name=textures, value=ewogICJ0aW1lc3RhbXAiIDogMTc2MzY5Mjc4MTM2MCwKICAicHJvZmlsZUlkIiA6ICI5NzYxMGExZGI0Zjc0ODg0ODc4MmJjNDk1OTU4NjUxMCIsCiAgInByb2ZpbGVOYW1lIiA6ICJfX19fX19fX19fXzEyMzQ1IiwKICAic2lnbmF0dXJlUmVxdWlyZWQiIDogdHJ1ZSwKICAidGV4dHVyZXMiIDogewogICAgIlNLSU4iIDogewogICAgICAidXJsIiA6ICJodHRwOi8vdGV4dHVyZXMubWluZWNyYWZ0Lm5ldC90ZXh0dXJlL2M4NTcyZGNiOGZiMDhhZWExYzE1Y2ZlNDIyYjM1MzQ5ZWQ4YjQ5YTI5ODBiM2NkOGRlMDFiOWQ4NjYzYzFjOWMiCiAgICB9LAogICAgIkNBUEUiIDogewogICAgICAidXJsIiA6ICJodHRwOi8vdGV4dHVyZXMubWluZWNyYWZ0Lm5ldC90ZXh0dXJlLzIzNDBjMGUwM2RkMjRhMTFiMTVhOGIzM2MyYTdlOWUzMmFiYjIwNTFiMjQ4MWQwYmE3ZGVmZDYzNWNhN2E5MzMiCiAgICB9CiAgfQp9, signature=LvZXLl60wC7ZJw1UEJY31Swik6Veu5B+JTGgUGn7P0HEcJIAbrgmyTJTkmce9renL8xATVB04sF50JCFt8Yx2ejsgoXHZ9NO2tMJa+bV7di07mzdgQ/6Uc9QCH4qIMWuR3SjHYNQQGQl5PCvLSIOMFYvDru1ssU/dYLd/2FtkUTC9eaxsCtduJ3GE3NtL58g49G38bJftzvbzHt/CZMSatOocIbiFS2xcNI3HDS2aRohTYZkuy8BDg5Ym5n6oZtYnsP4akYnxe68on4AfiLSvdfMy1x5oaXV5IqN0Y59sABr36hDg+UsATo/YDMfizuL85b7VRTO9cVBmTE1UmlvJoQm+G5ZnH+73km9Cd2+Xy6KOR+2k7vf1ptK+faiaETz/Nnm2ZStOfigo2Zvd9B+Ft87OcvzLoNW192cE+PDgNgWLrv/L8YH6cq2pnYaZM+flb5Ss6cHp3tYQXuSnw4BUcGkDa/ae0lQ+LPJyE6Rz9rTtuVIAorpMjHqF0OpCAjnL7y2MVcELpI4Jqv5ILREmSMJzjp8gBvWkisvcdZLRVL08z+tfvRj2yLkHrt+aJYZSz2RFBHTE3OrA8+JwXCtFX6U8rQTGxb2inmHxg/lQ63erUsjfm1LMGuSYARi+hH6176dddPALcM+PXl2l0wzUekBP+rr22MGd3y0wd9Q+Yc=]]}] lost connection: Disconnected
[21Nov2025 11:40:31.011] [Server thread/INFO] [net.minecraft.server.network.ServerGamePacketListenerImpl/]: Dulmin lost connection: Disconnected
[21Nov2025 11:40:31.012] [Server thread/INFO] [net.minecraft.server.MinecraftServer/]: Dulmin left the game
[21Nov2025 11:40:31.013] [Server thread/INFO] [voicechat/]: [voicechat] Disconnecting client Dulmin
[21Nov2025 11:40:31.046] [Server thread/INFO] [net.minecraft.server.network.ServerGamePacketListenerImpl/]: tydf62 lost connection: Disconnected
[21Nov2025 11:40:31.047] [Server thread/INFO] [net.minecraft.server.MinecraftServer/]: tydf62 left the game
[21Nov2025 11:40:31.048] [Server thread/INFO] [voicechat/]: [voicechat] Disconnecting client tydf62
[21Nov2025 11:40:31.081] [Server thread/INFO] [com.b1n_ry.yigd.Yigd/]: Priority overwritten for player Dulmin. Claiming: GRAVE / Robbing: INVENTORY
[21Nov2025 11:40:31.081] [Server thread/INFO] [voicechat/]: [voicechat] Received secret request of Dulmin (20)
[21Nov2025 11:40:31.082] [Server thread/INFO] [voicechat/]: [voicechat] Sent secret to Dulmin
[21Nov2025 11:40:31.105] [Server thread/WARN] [net.minecraft.server.MinecraftServer/]: Can't keep up! Is the server overloaded? Running 34936ms or 698 ticks behind
[21Nov2025 11:40:32.332] [User Authenticator #110/INFO] [net.minecraft.server.network.ServerLoginPacketListenerImpl/]: UUID of player ___________12345 is 97610a1d-b4f7-4884-8782-bc4959586510
[21Nov2025 11:40:37.297] [Server thread/INFO] [net.minecraft.server.players.PlayerList/]: ___________12345[/172.19.0.1:42338] logged in with entity id 177242 at (-24386.14357812986, 51.0, 62024.44555578936)
[21Nov2025 11:40:37.300] [Server thread/INFO] [net.minecraft.server.MinecraftServer/]: ___________12345 joined the game
[21Nov2025 11:40:39.196] [User Authenticator #111/INFO] [net.minecraft.server.network.ServerLoginPacketListenerImpl/]: UUID of player Dulmin is 869a9225-c810-4a5c-a7cf-d83766145b7b
[21Nov2025 11:41:05.703] [Server thread/INFO] [com.b1n_ry.yigd.Yigd/]: Priority overwritten for player ___________12345. Claiming: GRAVE / Robbing: INVENTORY
[21Nov2025 11:41:05.707] [Server thread/INFO] [voicechat/]: [voicechat] Received secret request of ___________12345 (20)
[21Nov2025 11:41:05.708] [Server thread/WARN] [voicechat/]: [voicechat] Player already requested secret - ignoring
[21Nov2025 11:41:06.040] [Server thread/WARN] [net.minecraft.server.MinecraftServer/]: Can't keep up! Is the server overloaded? Running 19972ms or 399 ticks behind
[21Nov2025 11:41:12.408] [User Authenticator #112/INFO] [net.minecraft.server.network.ServerLoginPacketListenerImpl/]: UUID of player tydf62 is 4e2508ea-065b-4fc8-9876-de45b568972f
[21Nov2025 11:41:16.185] [Server thread/INFO] [net.minecraft.server.players.PlayerList/]: Dulmin[/172.19.0.1:42516] logged in with entity id 177380 at (-37889.422725582124, 129.0, 1702.699999988079)
[21Nov2025 11:41:16.188] [Server thread/INFO] [net.minecraft.server.MinecraftServer/]: Dulmin joined the game
[21Nov2025 11:41:51.140] [User Authenticator #113/INFO] [net.minecraft.server.network.ServerLoginPacketListenerImpl/]: UUID of player ___________12345 is 97610a1d-b4f7-4884-8782-bc4959586510
[21Nov2025 11:41:52.395] [User Authenticator #114/INFO] [net.minecraft.server.network.ServerLoginPacketListenerImpl/]: UUID of player Dulmin is 869a9225-c810-4a5c-a7cf-d83766145b7b
[21Nov2025 11:41:53.233] [Server thread/INFO] [net.minecraft.server.network.ServerGamePacketListenerImpl/]: ___________12345 lost connection: Disconnected
[21Nov2025 11:41:53.233] [Server thread/INFO] [net.minecraft.server.MinecraftServer/]: ___________12345 left the game
[21Nov2025 11:41:53.234] [Server thread/INFO] [voicechat/]: [voicechat] Disconnecting client ___________12345
[21Nov2025 11:41:53.269] [Server thread/INFO] [net.minecraft.server.network.ServerGamePacketListenerImpl/]: Dulmin lost connection: Disconnected
[21Nov2025 11:41:53.270] [Server thread/INFO] [net.minecraft.server.MinecraftServer/]: Dulmin left the game
[21Nov2025 11:41:53.271] [Server thread/INFO] [voicechat/]: [voicechat] Disconnecting client Dulmin
[21Nov2025 11:41:53.307] [Server thread/INFO] [net.minecraft.server.network.ServerConfigurationPacketListenerImpl/]: com.mojang.authlib.GameProfile@41f0fef2[id=4e2508ea-065b-4fc8-9876-de45b568972f,name=tydf62,properties={textures=[Property[name=textures, value=ewogICJ0aW1lc3RhbXAiIDogMTc2MzY5Mjg3MTcwNiwKICAicHJvZmlsZUlkIiA6ICI0ZTI1MDhlYTA2NWI0ZmM4OTg3NmRlNDViNTY4OTcyZiIsCiAgInByb2ZpbGVOYW1lIiA6ICJ0eWRmNjIiLAogICJzaWduYXR1cmVSZXF1aXJlZCIgOiB0cnVlLAogICJ0ZXh0dXJlcyIgOiB7CiAgICAiU0tJTiIgOiB7CiAgICAgICJ1cmwiIDogImh0dHA6Ly90ZXh0dXJlcy5taW5lY3JhZnQubmV0L3RleHR1cmUvMjkyNWNhNjE5NzM4MTVkYzA1Mjc1MzhkZDc5NWZmYmRjMTI5YWExMDQwMjRmODdlZGRlMGRkMjhmZmI5YzBlNyIsCiAgICAgICJtZXRhZGF0YSIgOiB7CiAgICAgICAgIm1vZGVsIiA6ICJzbGltIgogICAgICB9CiAgICB9CiAgfQp9, signature=rzZNyqC//nBVwANlYZy4kSpBZFcvdp2DJDhlikowdNXFCpnrflqjOEQBsTWES46JQ4hQ+d1yO0ha0enwt2rz0C7YONSc+sIRxz/xiyoP04UcRYXsw4qpyMorvRpvi3230zde8+Wno2dZRJUV3Iwci5+ZConXRSfjLjOBgvAHcox/hbwceKs9R2Mihp5up4sDFp3Mz2PY7jdn6fqHPWWmlCNzpsDmVLPbGIqVkid/vDEu3LxBogeJ2alYUC0OsKqmj8I8Tq44/pPb4/HYF7cdcRktfCIjNQj67qDTJ2sfNzFa/hhqCeMEe27SvMHzseDoFzBVnXRCIcc7FFpja6RbUuzJJBX+lsxn9GfEdhmdcAaWqSox7+qKlFu7PayFY0LDQqr+bMKGr1zhnOg+ofDUmPLL+Vbl1qv5fHLMc59d50oH2EwlI+CwehdAwULvuWsKGRYTHewNsYEb3VGEcCM8EsWk1fwvijSwknJfTjngPndZPgyCMvJgrpTaeyd3twlvjeKqco9sjelfz63hoMJ5quhnj5i0Gy/Eu2JIkkwzQV8CshVsnwVCOc2S4bngBD+Vg2gsyIIZL0a8NxAJ9S5JS40796Xe65bmUkNq1+33IYPna2MZa/zJ6vQOjLpbV2NFfuVir9ur7kvC7N/XN6hXukjUbT5BU0BoyCorCmk+6UM=]]}] lost connection: Disconnected
[21Nov2025 11:41:53.307] [Server thread/INFO] [com.b1n_ry.yigd.Yigd/]: Priority overwritten for player Dulmin. Claiming: GRAVE / Robbing: INVENTORY
[21Nov2025 11:41:53.308] [Server thread/INFO] [voicechat/]: [voicechat] Received secret request of Dulmin (20)
[21Nov2025 11:41:53.310] [Server thread/INFO] [voicechat/]: [voicechat] Sent secret to Dulmin
[21Nov2025 11:41:53.362] [Server thread/WARN] [net.minecraft.server.MinecraftServer/]: Can't keep up! Is the server overloaded? Running 32345ms or 646 ticks behind
[21Nov2025 11:42:00.590] [Server thread/INFO] [net.minecraft.server.players.PlayerList/]: Dulmin[/172.19.0.1:51190] logged in with entity id 177381 at (-37889.422725582124, 129.0, 1702.699999988079)
[21Nov2025 11:42:00.593] [Server thread/INFO] [net.minecraft.server.MinecraftServer/]: Dulmin joined the game
[21Nov2025 11:42:34.332] [Server thread/INFO] [net.minecraft.server.network.ServerConfigurationPacketListenerImpl/]: com.mojang.authlib.GameProfile@1670e4a9[id=97610a1d-b4f7-4884-8782-bc4959586510,name=___________12345,properties={textures=[Property[name=textures, value=ewogICJ0aW1lc3RhbXAiIDogMTc2MzY5MjkxMDY0MiwKICAicHJvZmlsZUlkIiA6ICI5NzYxMGExZGI0Zjc0ODg0ODc4MmJjNDk1OTU4NjUxMCIsCiAgInByb2ZpbGVOYW1lIiA6ICJfX19fX19fX19fXzEyMzQ1IiwKICAic2lnbmF0dXJlUmVxdWlyZWQiIDogdHJ1ZSwKICAidGV4dHVyZXMiIDogewogICAgIlNLSU4iIDogewogICAgICAidXJsIiA6ICJodHRwOi8vdGV4dHVyZXMubWluZWNyYWZ0Lm5ldC90ZXh0dXJlL2M4NTcyZGNiOGZiMDhhZWExYzE1Y2ZlNDIyYjM1MzQ5ZWQ4YjQ5YTI5ODBiM2NkOGRlMDFiOWQ4NjYzYzFjOWMiCiAgICB9LAogICAgIkNBUEUiIDogewogICAgICAidXJsIiA6ICJodHRwOi8vdGV4dHVyZXMubWluZWNyYWZ0Lm5ldC90ZXh0dXJlLzIzNDBjMGUwM2RkMjRhMTFiMTVhOGIzM2MyYTdlOWUzMmFiYjIwNTFiMjQ4MWQwYmE3ZGVmZDYzNWNhN2E5MzMiCiAgICB9CiAgfQp9, signature=W3NTLW+oroTwbAoR54boUsjf6jQhcbMZtLCHw5yupy45Rv7GZE9M780I3+U6vDyMYvPPJdmUsl5mnzskjTnb9GMNR94t6a1f0oKoSjc+/aUQV7hewZ+e0DuxAJ7ivcnQcb+pR3tan+kA1IlwtiGmT1GsYZp3r4XbiWV28u0YbaWlP0RaLuzqw295rotcGeaampHMy0SBA5TFbrXwEyasYGcFpvBlB3NE0X9iFu0KtCddX9KcZmHz9Db5bvfIkSc5rS9pfI806jmDRvi+oL0tGsegoXF4IuT/1z2TNk4K+buXOT1QWVZ9+Kx2V1JFM8pRdFPooDnMyDIKMddajV2wKLNqQoaB2P3Srcc97PYKhagY4LuJUVllby5Retfri4W4G1d0FcGA81DywYncUc9ybNZQYefcEv4llmIiGenRcM88L8ykW4MBqLJlpxyBmol9DAO9la/ouyXW2Tfg1PV+O+gjl6N7Fx9oo4FUzSjK5nO/peH2PrdkKKlH6HSVQEqPNnE8UJXuLG0pW7aDPCZ7m99JpLqGyFHYt/RIG90paVngOlryVaIG+po9YW4Gf9AF1UohWTmtF8ulj2kVOw7qSZu0wuD1/gHhWXHzGaAzSy6gGKTJ6i0SjNyXj6zq9N3fFcI42srwmQHBPM3k2qwzxOB87fTPmALz3Cq8OwdFkHA=]]}] lost connection: Disconnected
[21Nov2025 11:42:34.333] [Server thread/INFO] [net.minecraft.server.network.ServerGamePacketListenerImpl/]: Dulmin lost connection: Disconnected
[21Nov2025 11:42:34.334] [Server thread/INFO] [net.minecraft.server.MinecraftServer/]: Dulmin left the game
[21Nov2025 11:42:34.334] [Server thread/INFO] [voicechat/]: [voicechat] Disconnecting client Dulmin
[21Nov2025 11:42:34.369] [Server thread/INFO] [com.b1n_ry.yigd.Yigd/]: Priority overwritten for player Dulmin. Claiming: GRAVE / Robbing: INVENTORY
[21Nov2025 11:42:34.370] [Server thread/INFO] [voicechat/]: [voicechat] Received secret request of Dulmin (20)
[21Nov2025 11:42:34.371] [Server thread/INFO] [voicechat/]: [voicechat] Sent secret to Dulmin
[21Nov2025 11:42:34.383] [Server thread/WARN] [net.minecraft.server.MinecraftServer/]: Can't keep up! Is the server overloaded? Running 26070ms or 521 ticks behind
[21Nov2025 11:42:36.402] [User Authenticator #115/INFO] [net.minecraft.server.network.ServerLoginPacketListenerImpl/]: UUID of player Dulmin is 869a9225-c810-4a5c-a7cf-d83766145b7b
[21Nov2025 11:42:46.744] [Server thread/INFO] [net.minecraft.server.players.PlayerList/]: Dulmin[/172.19.0.1:54014] logged in with entity id 177382 at (-37889.422725582124, 129.0, 1702.699999988079)
[21Nov2025 11:42:46.747] [Server thread/INFO] [net.minecraft.server.MinecraftServer/]: Dulmin joined the game
[21Nov2025 11:43:02.888] [User Authenticator #116/INFO] [net.minecraft.server.network.ServerLoginPacketListenerImpl/]: UUID of player ___________12345 is 97610a1d-b4f7-4884-8782-bc4959586510
[21Nov2025 11:43:17.150] [Server thread/INFO] [net.minecraft.server.network.ServerLoginPacketListenerImpl/]: ___________12345 (/172.19.0.1:41176) lost connection: Disconnected
[21Nov2025 11:43:17.151] [Server thread/INFO] [com.b1n_ry.yigd.Yigd/]: Priority overwritten for player Dulmin. Claiming: GRAVE / Robbing: INVENTORY
[21Nov2025 11:43:17.153] [Server thread/INFO] [voicechat/]: [voicechat] Received secret request of Dulmin (20)
[21Nov2025 11:43:17.155] [Server thread/WARN] [voicechat/]: [voicechat] Player already requested secret - ignoring
[21Nov2025 11:43:17.231] [Server thread/WARN] [net.minecraft.server.MinecraftServer/]: Can't keep up! Is the server overloaded? Running 27868ms or 557 ticks behind
[21Nov2025 11:43:22.898] [User Authenticator #117/INFO] [net.minecraft.server.network.ServerLoginPacketListenerImpl/]: UUID of player ___________12345 is 97610a1d-b4f7-4884-8782-bc4959586510
[21Nov2025 11:43:23.892] [User Authenticator #118/INFO] [net.minecraft.server.network.ServerLoginPacketListenerImpl/]: UUID of player tydf62 is 4e2508ea-065b-4fc8-9876-de45b568972f
[21Nov2025 11:43:30.002] [Server thread/INFO] [net.minecraft.server.players.PlayerList/]: ___________12345[/172.19.0.1:48412] logged in with entity id 177437 at (-24386.14357812986, 51.0, 62024.44555578936)
[21Nov2025 11:43:30.005] [Server thread/INFO] [net.minecraft.server.MinecraftServer/]: ___________12345 joined the game
[21Nov2025 11:43:59.575] [Server thread/INFO] [com.b1n_ry.yigd.Yigd/]: Priority overwritten for player ___________12345. Claiming: GRAVE / Robbing: INVENTORY
[21Nov2025 11:43:59.578] [Server thread/INFO] [voicechat/]: [voicechat] Received secret request of ___________12345 (20)
[21Nov2025 11:43:59.580] [Server thread/INFO] [voicechat/]: [voicechat] Sent secret to ___________12345
[21Nov2025 11:43:59.751] [Server thread/WARN] [net.minecraft.server.MinecraftServer/]: Can't keep up! Is the server overloaded? Running 27541ms or 550 ticks behind
[21Nov2025 11:44:01.788] [Server thread/INFO] [net.minecraft.server.players.PlayerList/]: tydf62[/172.19.0.1:48428] logged in with entity id 177537 at (-24338.21107911594, 52.00964062482998, 62758.76161002488)
[21Nov2025 11:44:01.791] [Server thread/INFO] [net.minecraft.server.MinecraftServer/]: tydf62 joined the game
[21Nov2025 11:44:13.425] [Server thread/INFO] [com.b1n_ry.yigd.Yigd/]: Priority overwritten for player tydf62. Claiming: GRAVE / Robbing: INVENTORY
[21Nov2025 11:44:13.431] [Server thread/INFO] [voicechat/]: [voicechat] Received secret request of tydf62 (20)
[21Nov2025 11:44:13.432] [Server thread/INFO] [voicechat/]: [voicechat] Sent secret to tydf62
[21Nov2025 11:44:14.946] [Server thread/INFO] [net.minecraft.world.entity.LivingEntity/]: Named entity NPC['Arnold'/177571, l='ServerLevel[world]', x=-24365.50, y=46.49, z=62775.50] died: Arnold drowned
[21Nov2025 11:44:19.137] [Server thread/INFO] [net.minecraft.server.MinecraftServer/]: <___________12345> ehoTek
[21Nov2025 11:44:40.415] [Server thread/INFO] [net.minecraft.server.MinecraftServer/]: [tydf62: Teleported tydf62 to -24369.500000, 63.500000, 64570.500000]
[21Nov2025 11:44:59.323] [Server thread/INFO] [net.minecraft.server.MinecraftServer/]: [Dulmin: Teleported Dulmin to -4947.500000, 64.500000, -26941.500000]
[21Nov2025 11:45:13.714] [Server thread/INFO] [net.minecraft.world.entity.LivingEntity/]: Named entity NPC['Jaden'/177822, l='ServerLevel[world]', x=-24390.50, y=48.49, z=62067.50] died: Jaden drowned
[21Nov2025 11:45:40.415] [Server thread/INFO] [net.minecraft.server.MinecraftServer/]: [___________12345: Teleported ___________12345 to tydf62]
[21Nov2025 11:45:41.284] [Server thread/INFO] [net.minecraft.server.MinecraftServer/]: [tydf62: Teleported tydf62 to -9067.500000, 77.500000, 37341.500000]
[21Nov2025 11:46:09.519] [Server thread/WARN] [net.minecraft.server.network.ServerGamePacketListenerImpl/]: Dulmin moved too quickly! 9.921404521219301,-1.0,-2.438334961683722
[21Nov2025 11:46:16.225] [Server thread/INFO] [net.minecraft.server.MinecraftServer/]: [tydf62: Teleported tydf62 to 1783.500000, 123.500000, 43444.500000]
[21Nov2025 11:46:29.701] [Server thread/INFO] [net.minecraft.server.MinecraftServer/]: [___________12345: Teleported ___________12345 to tydf62]
[21Nov2025 11:46:30.043] [Server thread/INFO] [net.minecraft.server.MinecraftServer/]: [tydf62: Teleported tydf62 to -26162.500000, 97.500000, -5659.500000]
[21Nov2025 11:46:35.726] [Server thread/INFO] [net.minecraft.server.MinecraftServer/]: [tydf62: Teleported tydf62 to -38874.500000, 74.500000, 2589.500000]
[21Nov2025 11:46:37.893] [Server thread/INFO] [net.minecraft.server.MinecraftServer/]: [___________12345: Teleported ___________12345 to 1907.500000, 116.500000, 45116.500000]
[21Nov2025 11:46:39.654] [Server thread/INFO] [net.minecraft.server.MinecraftServer/]: [Pixelmon] Kyurem has appeared in a den in a Snowy Plains biome!
[21Nov2025 11:46:39.654] [Server thread/INFO] [net.minecraft.server.MinecraftServer/]: Spawned Kyurem at: minecraft:overworld x:1907, y:116, z:45116
[21Nov2025 11:46:42.723] [Server thread/INFO] [net.minecraft.server.MinecraftServer/]: [tydf62: Teleported tydf62 to -10060.500000, 99.500000, -9133.500000]
[21Nov2025 11:46:48.213] [Server thread/INFO] [net.minecraft.server.MinecraftServer/]: <Dulmin> ?
[21Nov2025 11:46:49.940] [Server thread/INFO] [net.minecraft.server.MinecraftServer/]: <___________12345> 큐레무 ㄱㄱㄱㄱ
[21Nov2025 11:46:54.112] [Server thread/INFO] [net.minecraft.server.MinecraftServer/]: [Dulmin: Teleported Dulmin to ___________12345]
[21Nov2025 11:47:00.133] [Server thread/INFO] [net.minecraft.server.MinecraftServer/]: <tydf62> ㄱㄷㄱㄷ
[21Nov2025 11:47:09.251] [Server thread/INFO] [net.minecraft.server.MinecraftServer/]: [tydf62: Teleported tydf62 to ___________12345]
[21Nov2025 11:47:56.515] [Netty Epoll Server IO #0/ERROR] [com.pixelmonmod.pixelmon.Pixelmon/]: Failed to encode packet: com.pixelmonmod.pixelmon.battles.tasks.RaidDropsTask
io.netty.handler.codec.EncoderException: Failed to encode: Value must be within range [1;99]: 0; Item must not be minecraft:air 0 minecraft:air
	at TRANSFORMER/minecraft@1.21.1/net.minecraft.network.FriendlyByteBuf.lambda$writeJsonWithCodec$3(FriendlyByteBuf.java:110) ~[server-1.21.1-20240808.144430-srg.jar%23130!/:?]
	at MC-BOOTSTRAP/datafixerupper@8.0.16/com.mojang.serialization.DataResult$Error.getOrThrow(DataResult.java:287) ~[datafixerupper-8.0.16.jar%23100!/:?]
	at TRANSFORMER/minecraft@1.21.1/net.minecraft.network.FriendlyByteBuf.writeJsonWithCodec(FriendlyByteBuf.java:110) ~[server-1.21.1-20240808.144430-srg.jar%23130!/:?]
	at TRANSFORMER/pixelmon@9.3.9/com.pixelmonmod.pixelmon.battles.tasks.RaidDropsTask.encode(RaidDropsTask.java:109) ~[Pixelmon-1.21.1-9.3.9-universal.jar%23138!/:9.3.9-PIPE28826]
	at TRANSFORMER/pixelmon@9.3.9/com.pixelmonmod.pixelmon.comm.data.PixelmonPacket.encode(PixelmonPacket.java:23) ~[Pixelmon-1.21.1-9.3.9-universal.jar%23138!/:9.3.9-PIPE28826]
	at TRANSFORMER/pixelmon@9.3.9/com.pixelmonmod.pixelmon.comm.PacketRegistry.encode(PacketRegistry.java:702) ~[Pixelmon-1.21.1-9.3.9-universal.jar%23138!/:9.3.9-PIPE28826]
	at TRANSFORMER/minecraft@1.21.1/net.minecraft.network.codec.StreamCodec$1.encode(StreamCodec.java:25) ~[server-1.21.1-20240808.144430-srg.jar%23130!/:?]
	at TRANSFORMER/minecraft@1.21.1/net.minecraft.network.protocol.common.custom.CustomPacketPayload$1.writeCap(CustomPacketPayload.java:40) ~[server-1.21.1-20240808.144430-srg.jar%23130!/:?]
	at TRANSFORMER/minecraft@1.21.1/net.minecraft.network.protocol.common.custom.CustomPacketPayload$1.encode(CustomPacketPayload.java:47) ~[server-1.21.1-20240808.144430-srg.jar%23130!/:?]
	at TRANSFORMER/minecraft@1.21.1/net.minecraft.network.protocol.common.custom.CustomPacketPayload$1.encode(CustomPacketPayload.java:29) ~[server-1.21.1-20240808.144430-srg.jar%23130!/:?]
	at TRANSFORMER/minecraft@1.21.1/net.minecraft.network.codec.StreamCodec$4.encode(StreamCodec.java:81) ~[server-1.21.1-20240808.144430-srg.jar%23130!/:?]
	at TRANSFORMER/minecraft@1.21.1/net.minecraft.network.codec.StreamCodec$5.encode(StreamCodec.java:97) ~[server-1.21.1-20240808.144430-srg.jar%23130!/:?]
	at TRANSFORMER/minecraft@1.21.1/net.minecraft.network.codec.StreamCodec$5.encode(StreamCodec.java:87) ~[server-1.21.1-20240808.144430-srg.jar%23130!/:?]
	at TRANSFORMER/minecraft@1.21.1/net.minecraft.network.codec.IdDispatchCodec.encode(IdDispatchCodec.java:53) ~[server-1.21.1-20240808.144430-srg.jar%23130!/:?]
	at TRANSFORMER/minecraft@1.21.1/net.minecraft.network.codec.IdDispatchCodec.encode(IdDispatchCodec.java:14) ~[server-1.21.1-20240808.144430-srg.jar%23130!/:?]
	at TRANSFORMER/neoforge@21.1.209/net.neoforged.neoforge.network.filters.GenericPacketSplitter.encode(GenericPacketSplitter.java:104) ~[neoforge-21.1.209-universal.jar%23131!/:?]
	at TRANSFORMER/neoforge@21.1.209/net.neoforged.neoforge.network.filters.GenericPacketSplitter.encode(GenericPacketSplitter.java:39) ~[neoforge-21.1.209-universal.jar%23131!/:?]
	at MC-BOOTSTRAP/io.netty.codec@4.1.97.Final/io.netty.handler.codec.MessageToMessageEncoder.write(MessageToMessageEncoder.java:90) ~[netty-codec-4.1.97.Final.jar%23102!/:4.1.97.Final]
	at MC-BOOTSTRAP/io.netty.transport@4.1.97.Final/io.netty.channel.AbstractChannelHandlerContext.invokeWrite0(AbstractChannelHandlerContext.java:881) ~[netty-transport-4.1.97.Final.jar%23106!/:4.1.97.Final]
	at MC-BOOTSTRAP/io.netty.transport@4.1.97.Final/io.netty.channel.AbstractChannelHandlerContext.invokeWrite(AbstractChannelHandlerContext.java:863) ~[netty-transport-4.1.97.Final.jar%23106!/:4.1.97.Final]
	at MC-BOOTSTRAP/io.netty.transport@4.1.97.Final/io.netty.channel.AbstractChannelHandlerContext.write(AbstractChannelHandlerContext.java:968) ~[netty-transport-4.1.97.Final.jar%23106!/:4.1.97.Final]
	at MC-BOOTSTRAP/io.netty.transport@4.1.97.Final/io.netty.channel.AbstractChannelHandlerContext.write(AbstractChannelHandlerContext.java:856) ~[netty-transport-4.1.97.Final.jar%23106!/:4.1.97.Final]
	at MC-BOOTSTRAP/io.netty.codec@4.1.97.Final/io.netty.handler.codec.MessageToMessageEncoder.write(MessageToMessageEncoder.java:113) ~[netty-codec-4.1.97.Final.jar%23102!/:4.1.97.Final]
	at MC-BOOTSTRAP/io.netty.transport@4.1.97.Final/io.netty.channel.AbstractChannelHandlerContext.invokeWrite0(AbstractChannelHandlerContext.java:881) ~[netty-transport-4.1.97.Final.jar%23106!/:4.1.97.Final]
	at MC-BOOTSTRAP/io.netty.transport@4.1.97.Final/io.netty.channel.AbstractChannelHandlerContext.invokeWrite(AbstractChannelHandlerContext.java:863) ~[netty-transport-4.1.97.Final.jar%23106!/:4.1.97.Final]
	at MC-BOOTSTRAP/io.netty.transport@4.1.97.Final/io.netty.channel.AbstractChannelHandlerContext.write(AbstractChannelHandlerContext.java:968) ~[netty-transport-4.1.97.Final.jar%23106!/:4.1.97.Final]
	at MC-BOOTSTRAP/io.netty.transport@4.1.97.Final/io.netty.channel.AbstractChannelHandlerContext.write(AbstractChannelHandlerContext.java:856) ~[netty-transport-4.1.97.Final.jar%23106!/:4.1.97.Final]
	at MC-BOOTSTRAP/io.netty.transport@4.1.97.Final/io.netty.channel.ChannelOutboundHandlerAdapter.write(ChannelOutboundHandlerAdapter.java:113) ~[netty-transport-4.1.97.Final.jar%23106!/:4.1.97.Final]
	at TRANSFORMER/minecraft@1.21.1/net.minecraft.network.Connection$2.write(Connection.java:528) ~[server-1.21.1-20240808.144430-srg.jar%23130!/:?]
	at MC-BOOTSTRAP/io.netty.transport@4.1.97.Final/io.netty.channel.AbstractChannelHandlerContext.invokeWrite0(AbstractChannelHandlerContext.java:881) ~[netty-transport-4.1.97.Final.jar%23106!/:4.1.97.Final]
	at MC-BOOTSTRAP/io.netty.transport@4.1.97.Final/io.netty.channel.AbstractChannelHandlerContext.invokeWriteAndFlush(AbstractChannelHandlerContext.java:940) ~[netty-transport-4.1.97.Final.jar%23106!/:4.1.97.Final]
	at MC-BOOTSTRAP/io.netty.transport@4.1.97.Final/io.netty.channel.AbstractChannelHandlerContext.write(AbstractChannelHandlerContext.java:966) ~[netty-transport-4.1.97.Final.jar%23106!/:4.1.97.Final]
	at MC-BOOTSTRAP/io.netty.transport@4.1.97.Final/io.netty.channel.AbstractChannelHandlerContext.writeAndFlush(AbstractChannelHandlerContext.java:934) ~[netty-transport-4.1.97.Final.jar%23106!/:4.1.97.Final]
	at MC-BOOTSTRAP/io.netty.transport@4.1.97.Final/io.netty.channel.AbstractChannelHandlerContext.writeAndFlush(AbstractChannelHandlerContext.java:984) ~[netty-transport-4.1.97.Final.jar%23106!/:4.1.97.Final]
	at MC-BOOTSTRAP/io.netty.transport@4.1.97.Final/io.netty.channel.DefaultChannelPipeline.writeAndFlush(DefaultChannelPipeline.java:1025) ~[netty-transport-4.1.97.Final.jar%23106!/:4.1.97.Final]
	at MC-BOOTSTRAP/io.netty.transport@4.1.97.Final/io.netty.channel.AbstractChannel.writeAndFlush(AbstractChannel.java:306) ~[netty-transport-4.1.97.Final.jar%23106!/:4.1.97.Final]
	at TRANSFORMER/minecraft@1.21.1/net.minecraft.network.Connection.doSendPacket$mixinextras$wrapped$77(Connection.java:364) ~[server-1.21.1-20240808.144430-srg.jar%23130!/:?]
	at TRANSFORMER/minecraft@1.21.1/net.minecraft.network.Connection.mixinextras$bridge$doSendPacket$mixinextras$wrapped$77$78(Connection.java) ~[server-1.21.1-20240808.144430-srg.jar%23130!/:?]
	at TRANSFORMER/minecraft@1.21.1/net.minecraft.network.Connection.wrapMethod$zcl000$modernfix$checkClientPresence(Connection.java:750) ~[server-1.21.1-20240808.144430-srg.jar%23130!/:?]
	at TRANSFORMER/minecraft@1.21.1/net.minecraft.network.Connection.doSendPacket(Connection.java) ~[server-1.21.1-20240808.144430-srg.jar%23130!/:?]
	at TRANSFORMER/minecraft@1.21.1/net.minecraft.network.Connection.lambda$sendPacket$12(Connection.java:359) ~[server-1.21.1-20240808.144430-srg.jar%23130!/:?]
	at MC-BOOTSTRAP/io.netty.common@4.1.97.Final/io.netty.util.concurrent.AbstractEventExecutor.runTask(AbstractEventExecutor.java:174) ~[netty-common-4.1.97.Final.jar%23103!/:4.1.97.Final]
	at MC-BOOTSTRAP/io.netty.common@4.1.97.Final/io.netty.util.concurrent.AbstractEventExecutor.safeExecute(AbstractEventExecutor.java:167) ~[netty-common-4.1.97.Final.jar%23103!/:4.1.97.Final]
	at MC-BOOTSTRAP/io.netty.common@4.1.97.Final/io.netty.util.concurrent.SingleThreadEventExecutor.runAllTasks(SingleThreadEventExecutor.java:470) ~[netty-common-4.1.97.Final.jar%23103!/:4.1.97.Final]
	at MC-BOOTSTRAP/io.netty.transport.classes.epoll@4.1.97.Final/io.netty.channel.epoll.EpollEventLoop.run(EpollEventLoop.java:413) ~[netty-transport-classes-epoll-4.1.97.Final.jar%23107!/:4.1.97.Final]
	at MC-BOOTSTRAP/io.netty.common@4.1.97.Final/io.netty.util.concurrent.SingleThreadEventExecutor$4.run(SingleThreadEventExecutor.java:997) ~[netty-common-4.1.97.Final.jar%23103!/:4.1.97.Final]
	at MC-BOOTSTRAP/io.netty.common@4.1.97.Final/io.netty.util.internal.ThreadExecutorMap$2.run(ThreadExecutorMap.java:74) ~[netty-common-4.1.97.Final.jar%23103!/:4.1.97.Final]
	at java.base/java.lang.Thread.run(Unknown Source) [?:?]
[21Nov2025 11:47:56.517] [Netty Epoll Server IO #0/ERROR] [net.minecraft.network.Connection/]: Exception caught in connection
io.netty.handler.codec.EncoderException: Failed to encode packet 'clientbound/minecraft:custom_payload'
	at TRANSFORMER/minecraft@1.21.1/net.minecraft.network.codec.IdDispatchCodec.encode(IdDispatchCodec.java:55) ~[server-1.21.1-20240808.144430-srg.jar%23130!/:?]
	at TRANSFORMER/minecraft@1.21.1/net.minecraft.network.codec.IdDispatchCodec.encode(IdDispatchCodec.java:14) ~[server-1.21.1-20240808.144430-srg.jar%23130!/:?]
	at TRANSFORMER/neoforge@21.1.209/net.neoforged.neoforge.network.filters.GenericPacketSplitter.encode(GenericPacketSplitter.java:104) ~[neoforge-21.1.209-universal.jar%23131!/:?]
	at TRANSFORMER/neoforge@21.1.209/net.neoforged.neoforge.network.filters.GenericPacketSplitter.encode(GenericPacketSplitter.java:39) ~[neoforge-21.1.209-universal.jar%23131!/:?]
	at MC-BOOTSTRAP/io.netty.codec@4.1.97.Final/io.netty.handler.codec.MessageToMessageEncoder.write(MessageToMessageEncoder.java:90) ~[netty-codec-4.1.97.Final.jar%23102!/:4.1.97.Final]
	at MC-BOOTSTRAP/io.netty.transport@4.1.97.Final/io.netty.channel.AbstractChannelHandlerContext.invokeWrite0(AbstractChannelHandlerContext.java:881) ~[netty-transport-4.1.97.Final.jar%23106!/:4.1.97.Final]
	at MC-BOOTSTRAP/io.netty.transport@4.1.97.Final/io.netty.channel.AbstractChannelHandlerContext.invokeWrite(AbstractChannelHandlerContext.java:863) ~[netty-transport-4.1.97.Final.jar%23106!/:4.1.97.Final]
	at MC-BOOTSTRAP/io.netty.transport@4.1.97.Final/io.netty.channel.AbstractChannelHandlerContext.write(AbstractChannelHandlerContext.java:968) ~[netty-transport-4.1.97.Final.jar%23106!/:4.1.97.Final]
	at MC-BOOTSTRAP/io.netty.transport@4.1.97.Final/io.netty.channel.AbstractChannelHandlerContext.write(AbstractChannelHandlerContext.java:856) ~[netty-transport-4.1.97.Final.jar%23106!/:4.1.97.Final]
	at MC-BOOTSTRAP/io.netty.codec@4.1.97.Final/io.netty.handler.codec.MessageToMessageEncoder.write(MessageToMessageEncoder.java:113) ~[netty-codec-4.1.97.Final.jar%23102!/:4.1.97.Final]
	at MC-BOOTSTRAP/io.netty.transport@4.1.97.Final/io.netty.channel.AbstractChannelHandlerContext.invokeWrite0(AbstractChannelHandlerContext.java:881) ~[netty-transport-4.1.97.Final.jar%23106!/:4.1.97.Final]
	at MC-BOOTSTRAP/io.netty.transport@4.1.97.Final/io.netty.channel.AbstractChannelHandlerContext.invokeWrite(AbstractChannelHandlerContext.java:863) ~[netty-transport-4.1.97.Final.jar%23106!/:4.1.97.Final]
	at MC-BOOTSTRAP/io.netty.transport@4.1.97.Final/io.netty.channel.AbstractChannelHandlerContext.write(AbstractChannelHandlerContext.java:968) ~[netty-transport-4.1.97.Final.jar%23106!/:4.1.97.Final]
	at MC-BOOTSTRAP/io.netty.transport@4.1.97.Final/io.netty.channel.AbstractChannelHandlerContext.write(AbstractChannelHandlerContext.java:856) ~[netty-transport-4.1.97.Final.jar%23106!/:4.1.97.Final]
	at MC-BOOTSTRAP/io.netty.transport@4.1.97.Final/io.netty.channel.ChannelOutboundHandlerAdapter.write(ChannelOutboundHandlerAdapter.java:113) ~[netty-transport-4.1.97.Final.jar%23106!/:4.1.97.Final]
	at TRANSFORMER/minecraft@1.21.1/net.minecraft.network.Connection$2.write(Connection.java:528) ~[server-1.21.1-20240808.144430-srg.jar%23130!/:?]
	at MC-BOOTSTRAP/io.netty.transport@4.1.97.Final/io.netty.channel.AbstractChannelHandlerContext.invokeWrite0(AbstractChannelHandlerContext.java:881) ~[netty-transport-4.1.97.Final.jar%23106!/:4.1.97.Final]
	at MC-BOOTSTRAP/io.netty.transport@4.1.97.Final/io.netty.channel.AbstractChannelHandlerContext.invokeWriteAndFlush(AbstractChannelHandlerContext.java:940) ~[netty-transport-4.1.97.Final.jar%23106!/:4.1.97.Final]
	at MC-BOOTSTRAP/io.netty.transport@4.1.97.Final/io.netty.channel.AbstractChannelHandlerContext.write(AbstractChannelHandlerContext.java:966) ~[netty-transport-4.1.97.Final.jar%23106!/:4.1.97.Final]
	at MC-BOOTSTRAP/io.netty.transport@4.1.97.Final/io.netty.channel.AbstractChannelHandlerContext.writeAndFlush(AbstractChannelHandlerContext.java:934) ~[netty-transport-4.1.97.Final.jar%23106!/:4.1.97.Final]
	at MC-BOOTSTRAP/io.netty.transport@4.1.97.Final/io.netty.channel.AbstractChannelHandlerContext.writeAndFlush(AbstractChannelHandlerContext.java:984) ~[netty-transport-4.1.97.Final.jar%23106!/:4.1.97.Final]
	at MC-BOOTSTRAP/io.netty.transport@4.1.97.Final/io.netty.channel.DefaultChannelPipeline.writeAndFlush(DefaultChannelPipeline.java:1025) ~[netty-transport-4.1.97.Final.jar%23106!/:4.1.97.Final]
	at MC-BOOTSTRAP/io.netty.transport@4.1.97.Final/io.netty.channel.AbstractChannel.writeAndFlush(AbstractChannel.java:306) ~[netty-transport-4.1.97.Final.jar%23106!/:4.1.97.Final]
	at TRANSFORMER/minecraft@1.21.1/net.minecraft.network.Connection.doSendPacket$mixinextras$wrapped$77(Connection.java:364) ~[server-1.21.1-20240808.144430-srg.jar%23130!/:?]
	at TRANSFORMER/minecraft@1.21.1/net.minecraft.network.Connection.mixinextras$bridge$doSendPacket$mixinextras$wrapped$77$78(Connection.java) ~[server-1.21.1-20240808.144430-srg.jar%23130!/:?]
	at TRANSFORMER/minecraft@1.21.1/net.minecraft.network.Connection.wrapMethod$zcl000$modernfix$checkClientPresence(Connection.java:750) ~[server-1.21.1-20240808.144430-srg.jar%23130!/:?]
	at TRANSFORMER/minecraft@1.21.1/net.minecraft.network.Connection.doSendPacket(Connection.java) ~[server-1.21.1-20240808.144430-srg.jar%23130!/:?]
	at TRANSFORMER/minecraft@1.21.1/net.minecraft.network.Connection.lambda$sendPacket$12(Connection.java:359) ~[server-1.21.1-20240808.144430-srg.jar%23130!/:?]
	at MC-BOOTSTRAP/io.netty.common@4.1.97.Final/io.netty.util.concurrent.AbstractEventExecutor.runTask(AbstractEventExecutor.java:174) ~[netty-common-4.1.97.Final.jar%23103!/:4.1.97.Final]
	at MC-BOOTSTRAP/io.netty.common@4.1.97.Final/io.netty.util.concurrent.AbstractEventExecutor.safeExecute(AbstractEventExecutor.java:167) ~[netty-common-4.1.97.Final.jar%23103!/:4.1.97.Final]
	at MC-BOOTSTRAP/io.netty.common@4.1.97.Final/io.netty.util.concurrent.SingleThreadEventExecutor.runAllTasks(SingleThreadEventExecutor.java:470) ~[netty-common-4.1.97.Final.jar%23103!/:4.1.97.Final]
	at MC-BOOTSTRAP/io.netty.transport.classes.epoll@4.1.97.Final/io.netty.channel.epoll.EpollEventLoop.run(EpollEventLoop.java:413) ~[netty-transport-classes-epoll-4.1.97.Final.jar%23107!/:4.1.97.Final]
	at MC-BOOTSTRAP/io.netty.common@4.1.97.Final/io.netty.util.concurrent.SingleThreadEventExecutor$4.run(SingleThreadEventExecutor.java:997) ~[netty-common-4.1.97.Final.jar%23103!/:4.1.97.Final]
	at MC-BOOTSTRAP/io.netty.common@4.1.97.Final/io.netty.util.internal.ThreadExecutorMap$2.run(ThreadExecutorMap.java:74) ~[netty-common-4.1.97.Final.jar%23103!/:4.1.97.Final]
	at java.base/java.lang.Thread.run(Unknown Source) [?:?]
Caused by: java.lang.RuntimeException: Failed encoding custom payload pixelmon:raiddropstask: java.lang.RuntimeException: Failed to encode packet: com.pixelmonmod.pixelmon.battles.tasks.RaidDropsTask
	at TRANSFORMER/minecraft@1.21.1/net.minecraft.network.protocol.common.custom.CustomPacketPayload$1.writeCap(CustomPacketPayload.java:42) ~[server-1.21.1-20240808.144430-srg.jar%23130!/:?]
	at TRANSFORMER/minecraft@1.21.1/net.minecraft.network.protocol.common.custom.CustomPacketPayload$1.encode(CustomPacketPayload.java:47) ~[server-1.21.1-20240808.144430-srg.jar%23130!/:?]
	at TRANSFORMER/minecraft@1.21.1/net.minecraft.network.protocol.common.custom.CustomPacketPayload$1.encode(CustomPacketPayload.java:29) ~[server-1.21.1-20240808.144430-srg.jar%23130!/:?]
	at TRANSFORMER/minecraft@1.21.1/net.minecraft.network.codec.StreamCodec$4.encode(StreamCodec.java:81) ~[server-1.21.1-20240808.144430-srg.jar%23130!/:?]
	at TRANSFORMER/minecraft@1.21.1/net.minecraft.network.codec.StreamCodec$5.encode(StreamCodec.java:97) ~[server-1.21.1-20240808.144430-srg.jar%23130!/:?]
	at TRANSFORMER/minecraft@1.21.1/net.minecraft.network.codec.StreamCodec$5.encode(StreamCodec.java:87) ~[server-1.21.1-20240808.144430-srg.jar%23130!/:?]
	at TRANSFORMER/minecraft@1.21.1/net.minecraft.network.codec.IdDispatchCodec.encode(IdDispatchCodec.java:53) ~[server-1.21.1-20240808.144430-srg.jar%23130!/:?]
	... 34 more
Caused by: java.lang.RuntimeException: Failed to encode packet: com.pixelmonmod.pixelmon.battles.tasks.RaidDropsTask
	at TRANSFORMER/pixelmon@9.3.9/com.pixelmonmod.pixelmon.comm.PacketRegistry.encode(PacketRegistry.java:705) ~[Pixelmon-1.21.1-9.3.9-universal.jar%23138!/:9.3.9-PIPE28826]
	at TRANSFORMER/minecraft@1.21.1/net.minecraft.network.codec.StreamCodec$1.encode(StreamCodec.java:25) ~[server-1.21.1-20240808.144430-srg.jar%23130!/:?]
	at TRANSFORMER/minecraft@1.21.1/net.minecraft.network.protocol.common.custom.CustomPacketPayload$1.writeCap(CustomPacketPayload.java:40) ~[server-1.21.1-20240808.144430-srg.jar%23130!/:?]
	at TRANSFORMER/minecraft@1.21.1/net.minecraft.network.protocol.common.custom.CustomPacketPayload$1.encode(CustomPacketPayload.java:47) ~[server-1.21.1-20240808.144430-srg.jar%23130!/:?]
	at TRANSFORMER/minecraft@1.21.1/net.minecraft.network.protocol.common.custom.CustomPacketPayload$1.encode(CustomPacketPayload.java:29) ~[server-1.21.1-20240808.144430-srg.jar%23130!/:?]
	at TRANSFORMER/minecraft@1.21.1/net.minecraft.network.codec.StreamCodec$4.encode(StreamCodec.java:81) ~[server-1.21.1-20240808.144430-srg.jar%23130!/:?]
	at TRANSFORMER/minecraft@1.21.1/net.minecraft.network.codec.StreamCodec$5.encode(StreamCodec.java:97) ~[server-1.21.1-20240808.144430-srg.jar%23130!/:?]
	at TRANSFORMER/minecraft@1.21.1/net.minecraft.network.codec.StreamCodec$5.encode(StreamCodec.java:87) ~[server-1.21.1-20240808.144430-srg.jar%23130!/:?]
	at TRANSFORMER/minecraft@1.21.1/net.minecraft.network.codec.IdDispatchCodec.encode(IdDispatchCodec.java:53) ~[server-1.21.1-20240808.144430-srg.jar%23130!/:?]
	... 34 more
Caused by: io.netty.handler.codec.EncoderException: Failed to encode: Value must be within range [1;99]: 0; Item must not be minecraft:air 0 minecraft:air
	at TRANSFORMER/minecraft@1.21.1/net.minecraft.network.FriendlyByteBuf.lambda$writeJsonWithCodec$3(FriendlyByteBuf.java:110) ~[server-1.21.1-20240808.144430-srg.jar%23130!/:?]
	at MC-BOOTSTRAP/datafixerupper@8.0.16/com.mojang.serialization.DataResult$Error.getOrThrow(DataResult.java:287) ~[datafixerupper-8.0.16.jar%23100!/:?]
	at TRANSFORMER/minecraft@1.21.1/net.minecraft.network.FriendlyByteBuf.writeJsonWithCodec(FriendlyByteBuf.java:110) ~[server-1.21.1-20240808.144430-srg.jar%23130!/:?]
	at TRANSFORMER/pixelmon@9.3.9/com.pixelmonmod.pixelmon.battles.tasks.RaidDropsTask.encode(RaidDropsTask.java:109) ~[Pixelmon-1.21.1-9.3.9-universal.jar%23138!/:9.3.9-PIPE28826]
	at TRANSFORMER/pixelmon@9.3.9/com.pixelmonmod.pixelmon.comm.data.PixelmonPacket.encode(PixelmonPacket.java:23) ~[Pixelmon-1.21.1-9.3.9-universal.jar%23138!/:9.3.9-PIPE28826]
	at TRANSFORMER/pixelmon@9.3.9/com.pixelmonmod.pixelmon.comm.PacketRegistry.encode(PacketRegistry.java:702) ~[Pixelmon-1.21.1-9.3.9-universal.jar%23138!/:9.3.9-PIPE28826]
	at TRANSFORMER/minecraft@1.21.1/net.minecraft.network.codec.StreamCodec$1.encode(StreamCodec.java:25) ~[server-1.21.1-20240808.144430-srg.jar%23130!/:?]
	at TRANSFORMER/minecraft@1.21.1/net.minecraft.network.protocol.common.custom.CustomPacketPayload$1.writeCap(CustomPacketPayload.java:40) ~[server-1.21.1-20240808.144430-srg.jar%23130!/:?]
	at TRANSFORMER/minecraft@1.21.1/net.minecraft.network.protocol.common.custom.CustomPacketPayload$1.encode(CustomPacketPayload.java:47) ~[server-1.21.1-20240808.144430-srg.jar%23130!/:?]
	at TRANSFORMER/minecraft@1.21.1/net.minecraft.network.protocol.common.custom.CustomPacketPayload$1.encode(CustomPacketPayload.java:29) ~[server-1.21.1-20240808.144430-srg.jar%23130!/:?]
	at TRANSFORMER/minecraft@1.21.1/net.minecraft.network.codec.StreamCodec$4.encode(StreamCodec.java:81) ~[server-1.21.1-20240808.144430-srg.jar%23130!/:?]
	at TRANSFORMER/minecraft@1.21.1/net.minecraft.network.codec.StreamCodec$5.encode(StreamCodec.java:97) ~[server-1.21.1-20240808.144430-srg.jar%23130!/:?]
	at TRANSFORMER/minecraft@1.21.1/net.minecraft.network.codec.StreamCodec$5.encode(StreamCodec.java:87) ~[server-1.21.1-20240808.144430-srg.jar%23130!/:?]
	at TRANSFORMER/minecraft@1.21.1/net.minecraft.network.codec.IdDispatchCodec.encode(IdDispatchCodec.java:53) ~[server-1.21.1-20240808.144430-srg.jar%23130!/:?]
	... 34 more
[21Nov2025 11:47:56.555] [Server thread/INFO] [net.minecraft.server.network.ServerGamePacketListenerImpl/]: Dulmin lost connection: Internal Exception: io.netty.handler.codec.EncoderException: Failed to encode packet 'clientbound/minecraft:custom_payload'
[21Nov2025 11:47:56.556] [Server thread/INFO] [net.minecraft.server.MinecraftServer/]: Dulmin left the game
[21Nov2025 11:47:56.557] [Server thread/INFO] [voicechat/]: [voicechat] Disconnecting client Dulmin
[21Nov2025 11:48:03.538] [User Authenticator #119/INFO] [net.minecraft.server.network.ServerLoginPacketListenerImpl/]: UUID of player Dulmin is 869a9225-c810-4a5c-a7cf-d83766145b7b
[21Nov2025 11:48:10.432] [Server thread/INFO] [net.minecraft.server.players.PlayerList/]: Dulmin[/172.19.0.1:48744] logged in with entity id 179041 at (1907.3025743850098, 116.5, 45117.484283789796)
[21Nov2025 11:48:10.435] [Server thread/INFO] [net.minecraft.server.MinecraftServer/]: Dulmin joined the game
[21Nov2025 11:48:44.672] [Server thread/WARN] [net.minecraft.server.MinecraftServer/]: Can't keep up! Is the server overloaded? Running 34274ms or 685 ticks behind
[21Nov2025 11:48:44.680] [Server thread/INFO] [net.minecraft.server.network.ServerGamePacketListenerImpl/]: ___________12345 lost connection: Disconnected
[21Nov2025 11:48:44.680] [Server thread/INFO] [net.minecraft.server.MinecraftServer/]: ___________12345 left the game
[21Nov2025 11:48:44.681] [Server thread/INFO] [voicechat/]: [voicechat] Disconnecting client ___________12345
[21Nov2025 11:48:44.719] [Server thread/INFO] [net.minecraft.server.network.ServerGamePacketListenerImpl/]: tydf62 lost connection: Disconnected
[21Nov2025 11:48:44.725] [Server thread/INFO] [net.minecraft.server.MinecraftServer/]: tydf62 left the game
[21Nov2025 11:48:44.726] [Server thread/INFO] [voicechat/]: [voicechat] Disconnecting client tydf62
[21Nov2025 11:48:44.760] [Server thread/INFO] [net.minecraft.server.network.ServerGamePacketListenerImpl/]: Dulmin lost connection: Disconnected
[21Nov2025 11:48:44.761] [Server thread/INFO] [net.minecraft.server.MinecraftServer/]: Dulmin left the game
[21Nov2025 11:48:44.762] [Server thread/INFO] [voicechat/]: [voicechat] Disconnecting client Dulmin
[21Nov2025 11:48:44.796] [Server thread/INFO] [com.b1n_ry.yigd.Yigd/]: Priority overwritten for player Dulmin. Claiming: GRAVE / Robbing: INVENTORY
[21Nov2025 11:48:44.797] [Server thread/INFO] [voicechat/]: [voicechat] Received secret request of Dulmin (20)
[21Nov2025 11:48:44.798] [Server thread/INFO] [voicechat/]: [voicechat] Sent secret to Dulmin
[21Nov2025 11:48:44.863] [User Authenticator #120/INFO] [net.minecraft.server.network.ServerLoginPacketListenerImpl/]: UUID of player Dulmin is 869a9225-c810-4a5c-a7cf-d83766145b7b
[21Nov2025 11:49:02.019] [User Authenticator #121/INFO] [net.minecraft.server.network.ServerLoginPacketListenerImpl/]: UUID of player ___________12345 is 97610a1d-b4f7-4884-8782-bc4959586510
[21Nov2025 11:49:05.240] [Server thread/INFO] [net.minecraft.server.players.PlayerList/]: Dulmin[/172.19.0.1:38540] logged in with entity id 179042 at (1907.3025743850098, 116.5, 45117.484283789796)
[21Nov2025 11:49:05.243] [Server thread/INFO] [net.minecraft.server.MinecraftServer/]: Dulmin joined the game
[21Nov2025 11:49:38.083] [Server thread/WARN] [net.minecraft.server.MinecraftServer/]: Can't keep up! Is the server overloaded? Running 32888ms or 657 ticks behind
[21Nov2025 11:49:38.089] [Server thread/INFO] [net.minecraft.server.network.ServerGamePacketListenerImpl/]: Dulmin lost connection: Disconnected
[21Nov2025 11:49:38.090] [Server thread/INFO] [net.minecraft.server.MinecraftServer/]: Dulmin left the game
[21Nov2025 11:49:38.090] [Server thread/INFO] [voicechat/]: [voicechat] Disconnecting client Dulmin
[21Nov2025 11:49:38.129] [Server thread/INFO] [net.minecraft.server.network.ServerConfigurationPacketListenerImpl/]: com.mojang.authlib.GameProfile@7beda386[id=97610a1d-b4f7-4884-8782-bc4959586510,name=___________12345,properties={textures=[Property[name=textures, value=ewogICJ0aW1lc3RhbXAiIDogMTc2MzY5MzM0MTE0NCwKICAicHJvZmlsZUlkIiA6ICI5NzYxMGExZGI0Zjc0ODg0ODc4MmJjNDk1OTU4NjUxMCIsCiAgInByb2ZpbGVOYW1lIiA6ICJfX19fX19fX19fXzEyMzQ1IiwKICAic2lnbmF0dXJlUmVxdWlyZWQiIDogdHJ1ZSwKICAidGV4dHVyZXMiIDogewogICAgIlNLSU4iIDogewogICAgICAidXJsIiA6ICJodHRwOi8vdGV4dHVyZXMubWluZWNyYWZ0Lm5ldC90ZXh0dXJlL2M4NTcyZGNiOGZiMDhhZWExYzE1Y2ZlNDIyYjM1MzQ5ZWQ4YjQ5YTI5ODBiM2NkOGRlMDFiOWQ4NjYzYzFjOWMiCiAgICB9LAogICAgIkNBUEUiIDogewogICAgICAidXJsIiA6ICJodHRwOi8vdGV4dHVyZXMubWluZWNyYWZ0Lm5ldC90ZXh0dXJlLzIzNDBjMGUwM2RkMjRhMTFiMTVhOGIzM2MyYTdlOWUzMmFiYjIwNTFiMjQ4MWQwYmE3ZGVmZDYzNWNhN2E5MzMiCiAgICB9CiAgfQp9, signature=kjY5NxCIJsbqQHKQr6zYJFcMSnPXFUmwAEcbsv4SvE8E8FxhGdPl8mCQ2HeYpJOiXWnnZ6AbOdCZP/G15z8+aBOAybBUjg6LhL9cyqMohV0fnCmgWEdLE4dqOyFX3b3cXT7c2v3eFgfq5O9tJIwsBXiI5WyZf/X4/A35F46FwtFv/R2wHlG0+VBS1SmurvlOXDjZhS42u4Riyyn670UZpQ+WVBfDt2t8zUVwf7dwQlIiFjOsBpfeZ+3N5DqxsMldNlnYOpQg46HjFHQGyTWXJfMfVe6AmuR5VvMCB4RtpSsS0t5H2o9xcyP+rEMinzQiZchEkS8GCVQMj/R451LSAuza+5s8kr75RH4HsZGy3lQjwuIQpONKrqtGpJ+2PuJdMrSGzDK7EFFmjSDl+l4zuKVDC20i5rGSRDjOmWllJhyYjMRO3gEezJR968zgt+A+fREKqNUW2XlCGTd9MUM7WL6BsqZToS+tliPReZ9Ugo5t39uY70JUw8OZbGGe7DZK1R8qfh8q9aoovmZirJN6njHT2Va+DTt7eT589YodOlEzzuRJxEYcNL6KcmEunDlXWAur6V2Prdia315gl1XxmPDcVYiVtlAH7DlCVJUl2Zudk/xalnyoKvGdDbfd1yy1JO9BYDJ09NUv+9bL76Oc4v7LryOhq72PFg8BmGiuLss=]]}] lost connection: Timed out
[21Nov2025 11:49:38.130] [Server thread/INFO] [com.b1n_ry.yigd.Yigd/]: Priority overwritten for player Dulmin. Claiming: GRAVE / Robbing: INVENTORY
[21Nov2025 11:49:38.131] [Server thread/INFO] [voicechat/]: [voicechat] Received secret request of Dulmin (20)
[21Nov2025 11:49:38.132] [Server thread/INFO] [voicechat/]: [voicechat] Sent secret to Dulmin
[21Nov2025 11:49:41.599] [User Authenticator #122/INFO] [net.minecraft.server.network.ServerLoginPacketListenerImpl/]: UUID of player Dulmin is 869a9225-c810-4a5c-a7cf-d83766145b7b
[21Nov2025 11:49:46.626] [User Authenticator #123/INFO] [net.minecraft.server.network.ServerLoginPacketListenerImpl/]: UUID of player ___________12345 is 97610a1d-b4f7-4884-8782-bc4959586510
[21Nov2025 11:49:51.891] [Server thread/INFO] [net.minecraft.server.players.PlayerList/]: Dulmin[/172.19.0.1:47376] logged in with entity id 179043 at (1907.3025743850098, 116.5, 45117.484283789796)
[21Nov2025 11:49:51.894] [Server thread/INFO] [net.minecraft.server.MinecraftServer/]: Dulmin joined the game
[21Nov2025 11:50:22.958] [Server thread/INFO] [net.minecraft.server.network.ServerConfigurationPacketListenerImpl/]: com.mojang.authlib.GameProfile@6457d374[id=97610a1d-b4f7-4884-8782-bc4959586510,name=___________12345,properties={textures=[Property[name=textures, value=ewogICJ0aW1lc3RhbXAiIDogMTc2MzY5MzM4NjE1NiwKICAicHJvZmlsZUlkIiA6ICI5NzYxMGExZGI0Zjc0ODg0ODc4MmJjNDk1OTU4NjUxMCIsCiAgInByb2ZpbGVOYW1lIiA6ICJfX19fX19fX19fXzEyMzQ1IiwKICAic2lnbmF0dXJlUmVxdWlyZWQiIDogdHJ1ZSwKICAidGV4dHVyZXMiIDogewogICAgIlNLSU4iIDogewogICAgICAidXJsIiA6ICJodHRwOi8vdGV4dHVyZXMubWluZWNyYWZ0Lm5ldC90ZXh0dXJlL2M4NTcyZGNiOGZiMDhhZWExYzE1Y2ZlNDIyYjM1MzQ5ZWQ4YjQ5YTI5ODBiM2NkOGRlMDFiOWQ4NjYzYzFjOWMiCiAgICB9LAogICAgIkNBUEUiIDogewogICAgICAidXJsIiA6ICJodHRwOi8vdGV4dHVyZXMubWluZWNyYWZ0Lm5ldC90ZXh0dXJlLzIzNDBjMGUwM2RkMjRhMTFiMTVhOGIzM2MyYTdlOWUzMmFiYjIwNTFiMjQ4MWQwYmE3ZGVmZDYzNWNhN2E5MzMiCiAgICB9CiAgfQp9, signature=kU2QkCFJBqxk7TW2eIiPqwO3zOEiS7+tvHxUsJfG2NswBRYBCkTbB5y6spdXnobgwhcu5X9IbvVU7dpteGgJXqKtj5Ie18A6skrDW1CKOXC1IIcqyKSrOTtLD89VPYDD2HYu8mVnAVnrY9jkN+8T4wz16ePm4CpjSWp6lKCwaKq0UyW5F1pTUrNUaPinboXCWTk2CUDahaN84OZr4G3/Rz0jUO+aF4c9NvTsDXk1/GivqhFIxWyMX192cU6QTPreTKhpKZw9VQFuln+Q/vPo0zIQLCNyq6yrwxdO8PBskPcMqBcGC6sMsqHixW+NgtSkL2Ptsvm1N8xt4G+e2M3ltEDGsZlMEGmHuirAsq8pf/as7YcTGlm7GPO4bRzBJF7gYtk4b1ysuhiNC4scIZCYnZaMW/ePmM661JMsKAOOOYA53jEZsUJ1wql9L3lUjrEwOdNJ9PZLJNphNG7eRuNt+GFJnaStXlqDOhQ80ggDoYfzqSL0of44ViuEI8QM6GCoHeA96ZHJaH7pG4HaotDI378aKycP4x9gtxfclVkLt4SuZEtyMyU+GDqC9xzuLzqUGUzCNDm9q/tlmsBPiXLCXlY5Se+inKM9DUhMb7DG/q+7N3MWuFgSigEmpWFCurWu02cTIt1FcrCBwJ4enUMaHu7hvvB7498S1zPdXLElKcA=]]}] lost connection: Disconnected
[21Nov2025 11:50:22.959] [Server thread/INFO] [com.b1n_ry.yigd.Yigd/]: Priority overwritten for player Dulmin. Claiming: GRAVE / Robbing: INVENTORY
[21Nov2025 11:50:22.962] [Server thread/INFO] [voicechat/]: [voicechat] Received secret request of Dulmin (20)
[21Nov2025 11:50:22.963] [Server thread/WARN] [voicechat/]: [voicechat] Player already requested secret - ignoring
[21Nov2025 11:50:23.004] [Server thread/WARN] [net.minecraft.server.MinecraftServer/]: Can't keep up! Is the server overloaded? Running 29961ms or 599 ticks behind
[21Nov2025 11:50:31.415] [User Authenticator #124/INFO] [net.minecraft.server.network.ServerLoginPacketListenerImpl/]: UUID of player ___________12345 is 97610a1d-b4f7-4884-8782-bc4959586510
[21Nov2025 11:50:35.782] [User Authenticator #125/INFO] [net.minecraft.server.network.ServerLoginPacketListenerImpl/]: UUID of player tydf62 is 4e2508ea-065b-4fc8-9876-de45b568972f
[21Nov2025 11:50:42.851] [Server thread/INFO] [net.minecraft.server.players.PlayerList/]: ___________12345[/172.19.0.1:55878] logged in with entity id 179094 at (1909.0072846968988, 116.0, 45117.707063987094)
[21Nov2025 11:50:42.853] [Server thread/INFO] [net.minecraft.server.MinecraftServer/]: ___________12345 joined the game
[21Nov2025 11:51:14.298] [Server thread/WARN] [net.minecraft.server.MinecraftServer/]: Can't keep up! Is the server overloaded? Running 31507ms or 630 ticks behind
[21Nov2025 11:51:14.307] [Server thread/INFO] [net.minecraft.server.network.ServerGamePacketListenerImpl/]: Dulmin lost connection: Disconnected
[21Nov2025 11:51:14.308] [Server thread/INFO] [net.minecraft.server.MinecraftServer/]: Dulmin left the game
[21Nov2025 11:51:14.309] [Server thread/INFO] [voicechat/]: [voicechat] Disconnecting client Dulmin
[21Nov2025 11:51:14.346] [Server thread/INFO] [net.minecraft.server.network.ServerGamePacketListenerImpl/]: ___________12345 lost connection: Disconnected
[21Nov2025 11:51:14.347] [Server thread/INFO] [net.minecraft.server.MinecraftServer/]: ___________12345 left the game
[21Nov2025 11:51:14.348] [Server thread/INFO] [voicechat/]: [voicechat] Disconnecting client ___________12345
[21Nov2025 11:51:14.387] [Server thread/INFO] [com.b1n_ry.yigd.Yigd/]: Priority overwritten for player ___________12345. Claiming: GRAVE / Robbing: INVENTORY
[21Nov2025 11:51:14.388] [Server thread/INFO] [voicechat/]: [voicechat] Received secret request of ___________12345 (20)
[21Nov2025 11:51:14.389] [Server thread/INFO] [voicechat/]: [voicechat] Sent secret to ___________12345
[21Nov2025 11:51:14.541] [Server thread/INFO] [net.minecraft.server.network.ServerConfigurationPacketListenerImpl/]: com.mojang.authlib.GameProfile@661a7d87[id=4e2508ea-065b-4fc8-9876-de45b568972f,name=tydf62,properties={textures=[Property[name=textures, value=ewogICJ0aW1lc3RhbXAiIDogMTc2MzY5MzQzNTMxNiwKICAicHJvZmlsZUlkIiA6ICI0ZTI1MDhlYTA2NWI0ZmM4OTg3NmRlNDViNTY4OTcyZiIsCiAgInByb2ZpbGVOYW1lIiA6ICJ0eWRmNjIiLAogICJzaWduYXR1cmVSZXF1aXJlZCIgOiB0cnVlLAogICJ0ZXh0dXJlcyIgOiB7CiAgICAiU0tJTiIgOiB7CiAgICAgICJ1cmwiIDogImh0dHA6Ly90ZXh0dXJlcy5taW5lY3JhZnQubmV0L3RleHR1cmUvMjkyNWNhNjE5NzM4MTVkYzA1Mjc1MzhkZDc5NWZmYmRjMTI5YWExMDQwMjRmODdlZGRlMGRkMjhmZmI5YzBlNyIsCiAgICAgICJtZXRhZGF0YSIgOiB7CiAgICAgICAgIm1vZGVsIiA6ICJzbGltIgogICAgICB9CiAgICB9CiAgfQp9, signature=nz3ma70KW2TvGp/GJ8hNOu6MzTa/ZFa0tsoethCzVk2EToZv+B+2p07Iqfl/Dmk5Be0e37IAJXxh4A+icGP/pCi3oHYtmN4LmgJ6jKlNuPXYed8IL6RmyFmlhAgApgxrA7793OyfKLVULWTeT34nTIXVBQ380JC6RNNNSIb/ZPmZeDJpRAvHZV1VBTGU6YyJ7L1ReO0ln5jg99M6U4Tt2dNKQ5odhb2AwDlLqeDxqgbO0vg8I6TtV+v/NHrwrJ1lBPstibGpjG+s2iES+KQcE1I5GZ9Nzxjf+6voM18YMHM4tN8O8vW6u0rSuuaiI0wnhRfL3wT88G0biSESO2vBbs+NI/uiLfVJSwMd5urym5aHQHSFzoBsmYZxRgtW604Gj2fZ2o1LpD9Tsqozx2gZMlaI24cRyvl34fdPx7HkpVUZ4M6Kk4LdmyjqCfd+t+nrxjKtYjTFoqCqFVnF7tMcCG9rekU1klSf0zCTgbNnNyLMO3YC7AcR0Jd5I6g8djdNZD7uyoNWDBuXW5Jyk1GZfK7Va6pev8gm4D5qxNIyBnPn8wtCOe3tXA6lfOrJUFd8uLG35UNzLI0HlS9z+fhPPFSuqd9PNQuxEjvp9HPrZ9z4oMmMRukld6zYL00Z+ngoHmQor0usG8Si/JkSsI+nDjI76F5lrZoAkM2+eSEyEeo=]]}] lost connection: Timed out
[21Nov2025 11:51:20.243] [User Authenticator #126/INFO] [net.minecraft.server.network.ServerLoginPacketListenerImpl/]: UUID of player Dulmin is 869a9225-c810-4a5c-a7cf-d83766145b7b
[21Nov2025 11:51:27.232] [Server thread/INFO] [net.minecraft.server.players.PlayerList/]: Dulmin[/172.19.0.1:40184] logged in with entity id 179095 at (1907.7084350084322, 116.0, 45117.225136051646)
[21Nov2025 11:51:27.234] [Server thread/INFO] [net.minecraft.server.MinecraftServer/]: Dulmin joined the game
[21Nov2025 11:51:41.516] [User Authenticator #127/INFO] [net.minecraft.server.network.ServerLoginPacketListenerImpl/]: UUID of player ___________12345 is 97610a1d-b4f7-4884-8782-bc4959586510
[21Nov2025 11:51:58.132] [Server thread/INFO] [net.minecraft.server.network.ServerGamePacketListenerImpl/]: Dulmin lost connection: Disconnected
[21Nov2025 11:51:58.133] [Server thread/INFO] [net.minecraft.server.MinecraftServer/]: Dulmin left the game
[21Nov2025 11:51:58.134] [Server thread/INFO] [voicechat/]: [voicechat] Disconnecting client Dulmin
[21Nov2025 11:51:58.174] [Server thread/INFO] [net.minecraft.server.network.ServerLoginPacketListenerImpl/]: ___________12345 (/172.19.0.1:54550) lost connection: Disconnected
[21Nov2025 11:51:58.175] [Server thread/INFO] [com.b1n_ry.yigd.Yigd/]: Priority overwritten for player Dulmin. Claiming: GRAVE / Robbing: INVENTORY
[21Nov2025 11:51:58.176] [Server thread/INFO] [voicechat/]: [voicechat] Received secret request of Dulmin (20)
[21Nov2025 11:51:58.177] [Server thread/INFO] [voicechat/]: [voicechat] Sent secret to Dulmin
[21Nov2025 11:51:58.185] [Server thread/WARN] [net.minecraft.server.MinecraftServer/]: Can't keep up! Is the server overloaded? Running 28898ms or 577 ticks behind
[21Nov2025 11:51:58.957] [User Authenticator #128/INFO] [net.minecraft.server.network.ServerLoginPacketListenerImpl/]: UUID of player ___________12345 is 97610a1d-b4f7-4884-8782-bc4959586510
[21Nov2025 11:52:08.273] [User Authenticator #129/INFO] [net.minecraft.server.network.ServerLoginPacketListenerImpl/]: UUID of player Dulmin is 869a9225-c810-4a5c-a7cf-d83766145b7b
[21Nov2025 11:52:11.281] [Server thread/INFO] [net.minecraft.server.players.PlayerList/]: ___________12345[/172.19.0.1:46966] logged in with entity id 179096 at (1909.0072846968988, 116.0, 45117.707063987094)
[21Nov2025 11:52:11.284] [Server thread/INFO] [net.minecraft.server.MinecraftServer/]: ___________12345 joined the game
[21Nov2025 11:52:42.181] [Server thread/INFO] [net.minecraft.server.network.ServerGamePacketListenerImpl/]: ___________12345 lost connection: Disconnected
[21Nov2025 11:52:42.181] [Server thread/INFO] [net.minecraft.server.MinecraftServer/]: ___________12345 left the game
[21Nov2025 11:52:42.182] [Server thread/INFO] [voicechat/]: [voicechat] Disconnecting client ___________12345
[21Nov2025 11:52:42.225] [Server thread/INFO] [net.minecraft.server.network.ServerConfigurationPacketListenerImpl/]: com.mojang.authlib.GameProfile@cf63350[id=869a9225-c810-4a5c-a7cf-d83766145b7b,name=Dulmin,properties={textures=[Property[name=textures, value=ewogICJ0aW1lc3RhbXAiIDogMTc2MzY5MzUyNzcxMywKICAicHJvZmlsZUlkIiA6ICI4NjlhOTIyNWM4MTA0YTVjYTdjZmQ4Mzc2NjE0NWI3YiIsCiAgInByb2ZpbGVOYW1lIiA6ICJEdWxtaW4iLAogICJzaWduYXR1cmVSZXF1aXJlZCIgOiB0cnVlLAogICJ0ZXh0dXJlcyIgOiB7CiAgICAiU0tJTiIgOiB7CiAgICAgICJ1cmwiIDogImh0dHA6Ly90ZXh0dXJlcy5taW5lY3JhZnQubmV0L3RleHR1cmUvNGI3N2Q4ZGVlNGM3ZDJiNjJkZGZjYTFmNDg3NTQ0MzI3MmQ5ZWM2MjFmYzY4N2NhNjRlMTM2OWUwMjIyOTE0MiIKICAgIH0KICB9Cn0=, signature=YzfVPz9tfcxhdN5e1FEP0HoaIN8K7pGIZgXm5JuAKH6ni01M+ZuWgk2O/34ZHaYq0rjr+gTiY66uiQUCF+MqXzbUvcKtRFYcl3lcSNhPeffhFsSCl1sEAo1FbnUzEF5gJYEkHz3vXHAFurkNPCCxrkolnkmE9B+9LHP5YJ0tebJntiwGe1w7Xl1/AELF27/nddyPS14OLdegN5AU9tjhQ4wJersOpFhJjhUvI0Tns/9uU5rmFx2tkRqQZKRfCI9slzVnjUfnu54RsLj6Gm5PD8Yyg4D9oga92+xjTJ52Jw5N91cWNADDqehSvn6jlCjqJhDRRLTqgV+2qDpUqR0swIWO2VAzQqSNm9mmt7OTFoTI2iEr6u8XMD7W+U1lRqQtAYGoi842HRnwY098bd4cwvzLsgPHtJT/Y+1nKYEw1Fm5juo1OjdhiHN+1DrMjvvVmhp9FV51ef5D63p7xWdkhqh2sEvUDlo5Gql1yvgqq7dWUL8Xo9hOwrtufkbwHWTnwE0RvjYnlczWayJw4e/cyVvzBEA/2+p6rwm0igzj3quoxeFF/g+QTiUS23f9bVn2dy8PhQVmYWQEcNGX8KW6Xpy7q59br1MYelO4/l5qKlMU6g61VqS9iflq8NT9xdTzgiEVPllNP9EnT638cra1xUa8iUH9NyyevMOMepUVfrU=]]}] lost connection: Disconnected
[21Nov2025 11:52:42.226] [Server thread/INFO] [com.b1n_ry.yigd.Yigd/]: Priority overwritten for player ___________12345. Claiming: GRAVE / Robbing: INVENTORY
[21Nov2025 11:52:42.226] [Server thread/INFO] [voicechat/]: [voicechat] Received secret request of ___________12345 (20)
[21Nov2025 11:52:42.228] [Server thread/INFO] [voicechat/]: [voicechat] Sent secret to ___________12345
[21Nov2025 11:52:42.236] [Server thread/WARN] [net.minecraft.server.MinecraftServer/]: Can't keep up! Is the server overloaded? Running 29100ms or 582 ticks behind
[21Nov2025 11:52:48.676] [User Authenticator #130/INFO] [net.minecraft.server.network.ServerLoginPacketListenerImpl/]: UUID of player Dulmin is 869a9225-c810-4a5c-a7cf-d83766145b7b
[21Nov2025 11:52:48.950] [User Authenticator #131/INFO] [net.minecraft.server.network.ServerLoginPacketListenerImpl/]: UUID of player ___________12345 is 97610a1d-b4f7-4884-8782-bc4959586510
[21Nov2025 11:52:54.841] [Server thread/INFO] [net.minecraft.server.players.PlayerList/]: Dulmin[/172.19.0.1:37620] logged in with entity id 179097 at (1907.7084350084322, 116.0, 45117.225136051646)
[21Nov2025 11:52:54.845] [Server thread/INFO] [net.minecraft.server.MinecraftServer/]: Dulmin joined the game
[21Nov2025 11:53:14.115] [User Authenticator #132/INFO] [net.minecraft.server.network.ServerLoginPacketListenerImpl/]: UUID of player tydf62 is 4e2508ea-065b-4fc8-9876-de45b568972f
[21Nov2025 11:53:28.544] [User Authenticator #133/INFO] [net.minecraft.server.network.ServerLoginPacketListenerImpl/]: UUID of player ___________12345 is 97610a1d-b4f7-4884-8782-bc4959586510
[21Nov2025 11:53:29.278] [User Authenticator #134/INFO] [net.minecraft.server.network.ServerLoginPacketListenerImpl/]: UUID of player Dulmin is 869a9225-c810-4a5c-a7cf-d83766145b7b
[21Nov2025 11:53:30.849] [Server thread/INFO] [net.minecraft.server.network.ServerConfigurationPacketListenerImpl/]: com.mojang.authlib.GameProfile@1cfa0eca[id=97610a1d-b4f7-4884-8782-bc4959586510,name=___________12345,properties={textures=[Property[name=textures, value=ewogICJ0aW1lc3RhbXAiIDogMTc2MzY5MzU2ODM3MywKICAicHJvZmlsZUlkIiA6ICI5NzYxMGExZGI0Zjc0ODg0ODc4MmJjNDk1OTU4NjUxMCIsCiAgInByb2ZpbGVOYW1lIiA6ICJfX19fX19fX19fXzEyMzQ1IiwKICAic2lnbmF0dXJlUmVxdWlyZWQiIDogdHJ1ZSwKICAidGV4dHVyZXMiIDogewogICAgIlNLSU4iIDogewogICAgICAidXJsIiA6ICJodHRwOi8vdGV4dHVyZXMubWluZWNyYWZ0Lm5ldC90ZXh0dXJlL2M4NTcyZGNiOGZiMDhhZWExYzE1Y2ZlNDIyYjM1MzQ5ZWQ4YjQ5YTI5ODBiM2NkOGRlMDFiOWQ4NjYzYzFjOWMiCiAgICB9LAogICAgIkNBUEUiIDogewogICAgICAidXJsIiA6ICJodHRwOi8vdGV4dHVyZXMubWluZWNyYWZ0Lm5ldC90ZXh0dXJlLzIzNDBjMGUwM2RkMjRhMTFiMTVhOGIzM2MyYTdlOWUzMmFiYjIwNTFiMjQ4MWQwYmE3ZGVmZDYzNWNhN2E5MzMiCiAgICB9CiAgfQp9, signature=RapJ5Nq8Evx9aUdhhBgEIERCrfTHMoc8Ii5XEf5VL1nwq+gw1c+UTFpCAeBjXI4VrmdrvVHWWdN3PzgNO5WujU7+kgQvSraD7De94GVLK0ujrzEJn1935xjnPD9/P9g8lAM7Xb+QLbkoDI/cDWt1NFiGWG+g5i86tpoFDeTxAxpCty2A4M8z9rdNQLuRp77aV7lYgOJ+FvjhLl/Me4EIi4waj2BB+ff9uRmv43Y1X3hF4iRuP0sjOfQlFX6xWMv6Nac74NbizX4OHz0kU//sqn83HaCRbg1U/I4hAKMwVFJxUQe4IWXAOFbAJDrDrpY3BCF+GGlYCGO6BL7JWEsitNG8NeOQB3T7VpiDyMLTYEj8ftQablH19hjMU3jaeAwjnhCorLVgjq7CXI1+1lgOFhKnU7jCIQ9TqtTgiVb8BOCiItUxBCMxLM6NWq0KqRIXsZtPX/gEG1uqXdP57lc4kSxZzQHsgK5vGVQq1wJztHPDCDf03bbJCC09nGfV/ygXnZvRjOlKMHFbTDEvUl83qmFKbNHbhZE3loSQei82COYrKFYozvc9rfprGl/cbTYVHROjyKuvBMWEDAgz21Rb5c9So630dIi58p0vXWFlEUCUo797jtyLTgWLYkBAdvcTsceJnYMoFVUEUHZZat9VuIkDEsnYO0/PQN9dSFcErpA=]]}] lost connection: Disconnected
[21Nov2025 11:53:30.850] [Server thread/INFO] [net.minecraft.server.network.ServerGamePacketListenerImpl/]: Dulmin lost connection: Disconnected
[21Nov2025 11:53:30.850] [Server thread/INFO] [net.minecraft.server.MinecraftServer/]: Dulmin left the game
[21Nov2025 11:53:30.851] [Server thread/INFO] [voicechat/]: [voicechat] Disconnecting client Dulmin
[21Nov2025 11:53:30.886] [Server thread/INFO] [com.b1n_ry.yigd.Yigd/]: Priority overwritten for player Dulmin. Claiming: GRAVE / Robbing: INVENTORY
[21Nov2025 11:53:30.886] [Server thread/INFO] [voicechat/]: [voicechat] Received secret request of Dulmin (20)
[21Nov2025 11:53:30.887] [Server thread/INFO] [voicechat/]: [voicechat] Sent secret to Dulmin
[21Nov2025 11:53:30.897] [Server thread/WARN] [net.minecraft.server.MinecraftServer/]: Can't keep up! Is the server overloaded? Running 33664ms or 673 ticks behind
[21Nov2025 11:53:37.334] [Server thread/INFO] [net.minecraft.server.players.PlayerList/]: tydf62[/172.19.0.1:36604] logged in with entity id 179098 at (1908.2637174561305, 116.5, 45117.47486458442)
[21Nov2025 11:53:37.336] [Server thread/INFO] [net.minecraft.server.MinecraftServer/]: tydf62 joined the game
[21Nov2025 11:53:48.109] [Server thread/INFO] [com.b1n_ry.yigd.Yigd/]: Priority overwritten for player tydf62. Claiming: GRAVE / Robbing: INVENTORY
[21Nov2025 11:53:48.112] [Server thread/INFO] [voicechat/]: [voicechat] Received secret request of tydf62 (20)
[21Nov2025 11:53:48.113] [Server thread/INFO] [voicechat/]: [voicechat] Sent secret to tydf62
[21Nov2025 11:53:48.351] [Server thread/WARN] [net.minecraft.server.MinecraftServer/]: Can't keep up! Is the server overloaded? Running 2468ms or 49 ticks behind
[21Nov2025 11:53:51.504] [Server thread/INFO] [net.minecraft.server.players.PlayerList/]: Dulmin[/172.19.0.1:41508] logged in with entity id 179119 at (1907.7084350084322, 116.0, 45117.225136051646)
[21Nov2025 11:53:51.506] [Server thread/INFO] [net.minecraft.server.MinecraftServer/]: Dulmin joined the game
[21Nov2025 11:54:22.427] [Server thread/INFO] [net.minecraft.server.network.ServerGamePacketListenerImpl/]: tydf62 lost connection: Disconnected
[21Nov2025 11:54:22.428] [Server thread/INFO] [net.minecraft.server.MinecraftServer/]: tydf62 left the game
[21Nov2025 11:54:22.429] [Server thread/INFO] [voicechat/]: [voicechat] Disconnecting client tydf62
[21Nov2025 11:54:22.465] [Server thread/INFO] [net.minecraft.server.network.ServerConfigurationPacketListenerImpl/]: com.mojang.authlib.GameProfile@ff75f9b[id=97610a1d-b4f7-4884-8782-bc4959586510,name=___________12345,properties={textures=[Property[name=textures, value=ewogICJ0aW1lc3RhbXAiIDogMTc2MzY5MzYwNzk3NiwKICAicHJvZmlsZUlkIiA6ICI5NzYxMGExZGI0Zjc0ODg0ODc4MmJjNDk1OTU4NjUxMCIsCiAgInByb2ZpbGVOYW1lIiA6ICJfX19fX19fX19fXzEyMzQ1IiwKICAic2lnbmF0dXJlUmVxdWlyZWQiIDogdHJ1ZSwKICAidGV4dHVyZXMiIDogewogICAgIlNLSU4iIDogewogICAgICAidXJsIiA6ICJodHRwOi8vdGV4dHVyZXMubWluZWNyYWZ0Lm5ldC90ZXh0dXJlL2M4NTcyZGNiOGZiMDhhZWExYzE1Y2ZlNDIyYjM1MzQ5ZWQ4YjQ5YTI5ODBiM2NkOGRlMDFiOWQ4NjYzYzFjOWMiCiAgICB9LAogICAgIkNBUEUiIDogewogICAgICAidXJsIiA6ICJodHRwOi8vdGV4dHVyZXMubWluZWNyYWZ0Lm5ldC90ZXh0dXJlLzIzNDBjMGUwM2RkMjRhMTFiMTVhOGIzM2MyYTdlOWUzMmFiYjIwNTFiMjQ4MWQwYmE3ZGVmZDYzNWNhN2E5MzMiCiAgICB9CiAgfQp9, signature=FwE9ogWfyJmIcTV1OXe+qyjtJ54uU7eVX0eKOWmT3+Ptea9xVue3dEz7VX2t1V1w8hmIxWBgecMVr5zVLTWs6f/K/X4buS06utXFU8i8K7v/jwNJJwPnpO65/f0OlLrQNjVstm21ybbyasCFx7N0tUIy+Le1NevO0cC7KVuolkMWS/FptazRWYOfHuGkhRPt0QpncUcWXY2wrA0Wb8DHu7KB+QFxK8DZtYt1AJLwPWhP4zavT/qYXBE2PVfayCLzCEiegKRb+aqFzKdtgbbQljQILLELVHtpFk5XWWDiBgh864Tju8ME+PFulc56mhUWz4trVyOyWXuf0MQz8ctlS5aKUt0f7Nd4bb+hKZ1f1SQgR1WhY3yE6/+jBZzdCURWotxnsyGoYblSu9MPV3z93NPGJJ8oQoUXDeg/KdAhblLBLllIADLS00WMytg1dRjbe/r+rdgVKzqusy4cOe8QCo1Z8xckQHNgjR1qV248ZVRYmIzZgrMAT5rMtK+6SMWeyECucPoaB/NJ3BrlD5uV/JkH7WpPPk37rS5k27ZammkPFYBQTZq+ViX95W75BHH64MdwaEMbj8Mn4bgv3MzvWiYeWpPq1/Qz2ZsRzB9ozFM5pQET5/+GIbfJbH8S219k7A8Me7Ybq/2u3PuY/5ZnSaJRzOEm1FrVMzT3KRPgEgo=]]}] lost connection: Disconnected
[21Nov2025 11:54:22.468] [Server thread/INFO] [com.b1n_ry.yigd.Yigd/]: Priority overwritten for player Dulmin. Claiming: GRAVE / Robbing: INVENTORY
[21Nov2025 11:54:22.471] [Server thread/INFO] [voicechat/]: [voicechat] Received secret request of Dulmin (20)
[21Nov2025 11:54:22.472] [Server thread/WARN] [voicechat/]: [voicechat] Player already requested secret - ignoring
[21Nov2025 11:54:22.955] [Server thread/WARN] [net.minecraft.server.MinecraftServer/]: Can't keep up! Is the server overloaded? Running 19623ms or 392 ticks behind
[21Nov2025 11:54:26.884] [Server thread/ERROR] [com.pixelmonmod.pixelmon.Pixelmon/]: Invalid NPC preset provided: `pixelmon:trainers/femaleplasmagrunt`
[21Nov2025 11:54:27.125] [User Authenticator #135/INFO] [net.minecraft.server.network.ServerLoginPacketListenerImpl/]: UUID of player tydf62 is 4e2508ea-065b-4fc8-9876-de45b568972f
[21Nov2025 11:54:35.454] [Server thread/INFO] [net.minecraft.server.players.PlayerList/]: tydf62[/172.19.0.1:35346] logged in with entity id 179160 at (1908.2637174561305, 116.0, 45117.47486458442)
[21Nov2025 11:54:35.457] [Server thread/INFO] [net.minecraft.server.MinecraftServer/]: tydf62 joined the game
[21Nov2025 11:54:46.699] [Server thread/INFO] [com.b1n_ry.yigd.Yigd/]: Priority overwritten for player tydf62. Claiming: GRAVE / Robbing: INVENTORY
[21Nov2025 11:54:46.702] [Server thread/WARN] [net.minecraft.server.network.ServerGamePacketListenerImpl/]: Dulmin moved too quickly! -0.11437901993167543,2.823240724935758,-9.864350179981557
[21Nov2025 11:54:46.703] [Server thread/INFO] [voicechat/]: [voicechat] Received secret request of tydf62 (20)
[21Nov2025 11:54:46.704] [Server thread/INFO] [voicechat/]: [voicechat] Sent secret to tydf62
[21Nov2025 11:54:46.867] [Server thread/WARN] [net.minecraft.server.MinecraftServer/]: Can't keep up! Is the server overloaded? Running 8937ms or 178 ticks behind
[21Nov2025 11:54:59.593] [User Authenticator #136/INFO] [net.minecraft.server.network.ServerLoginPacketListenerImpl/]: UUID of player ___________12345 is 97610a1d-b4f7-4884-8782-bc4959586510
[21Nov2025 11:55:05.875] [Server thread/INFO] [net.minecraft.server.players.PlayerList/]: ___________12345[/172.19.0.1:52152] logged in with entity id 179221 at (1909.0072846968988, 116.0, 45117.707063987094)
[21Nov2025 11:55:05.878] [Server thread/INFO] [net.minecraft.server.MinecraftServer/]: ___________12345 joined the game
[21Nov2025 11:55:23.105] [User Authenticator #137/INFO] [net.minecraft.server.network.ServerLoginPacketListenerImpl/]: UUID of player lame1202 is cf928e1e-2069-4923-bfa2-89a09778628b
[21Nov2025 11:55:34.134] [Server thread/WARN] [net.minecraft.server.MinecraftServer/]: Can't keep up! Is the server overloaded? Running 28306ms or 566 ticks behind
[21Nov2025 11:55:34.146] [Server thread/INFO] [com.b1n_ry.yigd.Yigd/]: Priority overwritten for player ___________12345. Claiming: GRAVE / Robbing: INVENTORY
[21Nov2025 11:55:34.159] [Server thread/WARN] [net.minecraft.server.network.ServerGamePacketListenerImpl/]: tydf62 moved too quickly! 5.997396705186702,-1.0,-8.015022055486043
[21Nov2025 11:55:34.160] [Server thread/INFO] [voicechat/]: [voicechat] Received secret request of ___________12345 (20)
[21Nov2025 11:55:34.161] [Server thread/WARN] [voicechat/]: [voicechat] Player already requested secret - ignoring
[21Nov2025 11:55:45.346] [Server thread/INFO] [net.minecraft.server.players.PlayerList/]: lame1202[/172.19.0.1:33896] logged in with entity id 179274 at (13709.435575917789, 70.5, -10778.266914324286)
[21Nov2025 11:55:45.352] [Server thread/INFO] [net.minecraft.server.MinecraftServer/]: lame1202 joined the game
[21Nov2025 11:56:01.279] [Server thread/INFO] [com.b1n_ry.yigd.Yigd/]: Priority overwritten for player lame1202. Claiming: GRAVE / Robbing: INVENTORY
[21Nov2025 11:56:01.287] [Server thread/WARN] [net.minecraft.server.network.ServerGamePacketListenerImpl/]: tydf62 moved too quickly! 0.9001517902897831,-7.559544869528025,7.609566583254491
[21Nov2025 11:56:01.289] [Server thread/INFO] [net.minecraft.server.MinecraftServer/]: <___________12345> ?
[21Nov2025 11:56:01.289] [Server thread/INFO] [voicechat/]: [voicechat] Received secret request of lame1202 (20)
[21Nov2025 11:56:01.291] [Server thread/INFO] [voicechat/]: [voicechat] Sent secret to lame1202
[21Nov2025 11:56:01.291] [Server thread/INFO] [net.minecraft.server.MinecraftServer/]: <___________12345> 아
[21Nov2025 11:56:01.292] [Server thread/INFO] [net.minecraft.server.MinecraftServer/]: <___________12345> 후속타
[21Nov2025 11:56:01.823] [Server thread/WARN] [net.minecraft.server.MinecraftServer/]: Can't keep up! Is the server overloaded? Running 12697ms or 253 ticks behind
[21Nov2025 11:56:11.495] [Server thread/INFO] [net.minecraft.server.MinecraftServer/]: <___________12345> gb
[21Nov2025 11:56:13.017] [Server thread/INFO] [net.minecraft.server.MinecraftServer/]: <___________12345> 휴
[21Nov2025 11:56:13.623] [Server thread/WARN] [net.minecraft.server.network.ServerGamePacketListenerImpl/]: Arceus (vehicle of Dulmin) moved too quickly! 0.1267211216324995,-10.726337866084947,-0.23798227761290036
[21Nov2025 11:56:13.624] [Server thread/WARN] [net.minecraft.server.network.ServerGamePacketListenerImpl/]: Arceus (vehicle of Dulmin) moved too quickly! 0.1267211216324995,-14.11202764343156,-0.23798227761290036
[21Nov2025 11:56:13.625] [Server thread/WARN] [net.minecraft.server.network.ServerGamePacketListenerImpl/]: Arceus (vehicle of Dulmin) moved too quickly! 0.1267211216324995,-17.363644168880626,-0.23798227761290036
[21Nov2025 11:56:13.626] [Server thread/WARN] [net.minecraft.server.network.ServerGamePacketListenerImpl/]: Arceus (vehicle of Dulmin) moved too quickly! 0.1267211216324995,-20.48649674070117,-0.23798227761290036
[21Nov2025 11:56:13.626] [Server thread/WARN] [net.minecraft.server.network.ServerGamePacketListenerImpl/]: Arceus (vehicle of Dulmin) moved too quickly! 0.1267211216324995,-21.038892735137523,-0.23798227761290036
[21Nov2025 11:56:13.627] [Server thread/WARN] [net.minecraft.server.network.ServerGamePacketListenerImpl/]: Arceus (vehicle of Dulmin) moved too quickly! 0.1267211216324995,-21.038892735137523,-0.23798227761290036
[21Nov2025 11:56:13.627] [Server thread/WARN] [net.minecraft.server.network.ServerGamePacketListenerImpl/]: Arceus (vehicle of Dulmin) moved too quickly! 0.1267211216324995,-21.038892735137523,-0.23798227761290036
[21Nov2025 11:56:13.628] [Server thread/WARN] [net.minecraft.server.network.ServerGamePacketListenerImpl/]: Arceus (vehicle of Dulmin) moved too quickly! 0.1267211216324995,-21.038892735137523,-0.23798227761290036
[21Nov2025 11:56:13.628] [Server thread/WARN] [net.minecraft.server.network.ServerGamePacketListenerImpl/]: Arceus (vehicle of Dulmin) moved too quickly! 0.1267211216324995,-21.038892735137523,-0.23798227761290036
[21Nov2025 11:56:13.629] [Server thread/WARN] [net.minecraft.server.network.ServerGamePacketListenerImpl/]: Arceus (vehicle of Dulmin) moved too quickly! 0.1267211216324995,-21.038892735137523,-0.23798227761290036
[21Nov2025 11:56:13.630] [Server thread/WARN] [net.minecraft.server.network.ServerGamePacketListenerImpl/]: Arceus (vehicle of Dulmin) moved too quickly! 0.1267211216324995,-21.038892735137523,-0.23798227761290036
[21Nov2025 11:56:13.630] [Server thread/WARN] [net.minecraft.server.network.ServerGamePacketListenerImpl/]: Arceus (vehicle of Dulmin) moved too quickly! 0.1267211216324995,-21.038892735137523,-0.23798227761290036
[21Nov2025 11:56:13.631] [Server thread/WARN] [net.minecraft.server.network.ServerGamePacketListenerImpl/]: Arceus (vehicle of Dulmin) moved too quickly! 0.1267211216324995,-21.038892735137523,-0.23798227761290036
[21Nov2025 11:56:13.631] [Server thread/WARN] [net.minecraft.server.network.ServerGamePacketListenerImpl/]: Arceus (vehicle of Dulmin) moved too quickly! 0.1267211216324995,-21.038892735137523,-0.23798227761290036
[21Nov2025 11:56:13.632] [Server thread/WARN] [net.minecraft.server.network.ServerGamePacketListenerImpl/]: Arceus (vehicle of Dulmin) moved too quickly! 0.1267211216324995,-21.038892735137523,-0.23798227761290036
[21Nov2025 11:56:13.632] [Server thread/WARN] [net.minecraft.server.network.ServerGamePacketListenerImpl/]: Arceus (vehicle of Dulmin) moved too quickly! 0.1267211216324995,-21.038892735137523,-0.23798227761290036
[21Nov2025 11:56:14.361] [Server thread/WARN] [net.minecraft.server.network.ServerGamePacketListenerImpl/]: Arceus (vehicle of Dulmin) moved too quickly! 0.0,-13.837846113796246,0.0
[21Nov2025 11:56:14.364] [Server thread/WARN] [net.minecraft.server.network.ServerGamePacketListenerImpl/]: Arceus (vehicle of Dulmin) moved too quickly! 0.0,-13.837846113796246,0.0
[21Nov2025 11:56:14.364] [Server thread/WARN] [net.minecraft.server.network.ServerGamePacketListenerImpl/]: Arceus (vehicle of Dulmin) moved too quickly! 0.0,-13.837846113796246,0.0
[21Nov2025 11:56:14.365] [Server thread/WARN] [net.minecraft.server.network.ServerGamePacketListenerImpl/]: Arceus (vehicle of Dulmin) moved too quickly! 0.0,-13.837846113796246,0.0
[21Nov2025 11:56:14.366] [Server thread/WARN] [net.minecraft.server.network.ServerGamePacketListenerImpl/]: Arceus (vehicle of Dulmin) moved too quickly! 0.0,-13.837846113796246,0.0
[21Nov2025 11:56:14.366] [Server thread/WARN] [net.minecraft.server.network.ServerGamePacketListenerImpl/]: Arceus (vehicle of Dulmin) moved too quickly! 0.0,-13.837846113796246,0.0
[21Nov2025 11:56:14.367] [Server thread/WARN] [net.minecraft.server.network.ServerGamePacketListenerImpl/]: Arceus (vehicle of Dulmin) moved too quickly! 0.0,-13.837846113796246,0.0
[21Nov2025 11:56:14.368] [Server thread/WARN] [net.minecraft.server.network.ServerGamePacketListenerImpl/]: Arceus (vehicle of Dulmin) moved too quickly! 0.0,-13.837846113796246,0.0
[21Nov2025 11:56:14.368] [Server thread/WARN] [net.minecraft.server.network.ServerGamePacketListenerImpl/]: Arceus (vehicle of Dulmin) moved too quickly! 0.0,-13.837846113796246,0.0
[21Nov2025 11:56:14.492] [Server thread/WARN] [net.minecraft.server.network.ServerGamePacketListenerImpl/]: Arceus (vehicle of Dulmin) moved too quickly! 0.0,-13.837846113796246,0.0
[21Nov2025 11:56:14.493] [Server thread/WARN] [net.minecraft.server.network.ServerGamePacketListenerImpl/]: Arceus (vehicle of Dulmin) moved too quickly! 0.0,-12.857846113796256,0.0
[21Nov2025 11:56:14.494] [Server thread/WARN] [net.minecraft.server.network.ServerGamePacketListenerImpl/]: Arceus (vehicle of Dulmin) moved too quickly! 0.0,-11.916654095478094,0.0
[21Nov2025 11:56:14.494] [Server thread/WARN] [net.minecraft.server.network.ServerGamePacketListenerImpl/]: Arceus (vehicle of Dulmin) moved too quickly! 0.0,-11.01273326349255,0.0
[21Nov2025 11:56:14.495] [Server thread/WARN] [net.minecraft.server.network.ServerGamePacketListenerImpl/]: Arceus (vehicle of Dulmin) moved too quickly! 0.0,-10.14460767955751,0.0
[21Nov2025 11:56:16.607] [Server thread/INFO] [net.minecraft.server.MinecraftServer/]: [tydf62: Teleported tydf62 to -21026.500000, 105.500000, 23907.500000]
[21Nov2025 11:56:34.529] [Worker-Main-45/ERROR] [net.minecraft.world.entity.decoration.BlockAttachedEntity/]: Block-attached entity at invalid position: BlockPos{x=605, y=21, z=-676}
[21Nov2025 11:56:37.074] [Worker-Main-45/ERROR] [net.minecraft.world.entity.decoration.BlockAttachedEntity/]: Block-attached entity at invalid position: BlockPos{x=605, y=21, z=-676}
[21Nov2025 11:56:37.795] [Server thread/INFO] [net.minecraft.server.MinecraftServer/]: [Pixelmon] Necrozma has appeared in a den in a Ultra Plant biome!
[21Nov2025 11:56:37.795] [Server thread/INFO] [net.minecraft.server.MinecraftServer/]: Spawned Necrozma at: pixelmon:ultra_space x:1930, y:100, z:44982
[21Nov2025 11:56:40.642] [Worker-Main-45/ERROR] [net.minecraft.world.entity.decoration.BlockAttachedEntity/]: Block-attached entity at invalid position: BlockPos{x=605, y=21, z=-676}
[21Nov2025 11:56:41.713] [Worker-Main-47/ERROR] [net.minecraft.world.entity.decoration.BlockAttachedEntity/]: Block-attached entity at invalid position: BlockPos{x=605, y=21, z=-676}
[21Nov2025 11:56:42.243] [Worker-Main-46/ERROR] [net.minecraft.world.entity.decoration.BlockAttachedEntity/]: Block-attached entity at invalid position: BlockPos{x=605, y=21, z=-676}
[21Nov2025 11:56:46.294] [Server thread/INFO] [net.minecraft.server.MinecraftServer/]: [___________12345: Teleported ___________12345 to lame1202]
[21Nov2025 11:57:05.400] [Worker-Main-46/ERROR] [net.minecraft.world.entity.decoration.BlockAttachedEntity/]: Block-attached entity at invalid position: BlockPos{x=605, y=21, z=-676}
[21Nov2025 11:57:11.518] [Worker-Main-46/ERROR] [net.minecraft.world.entity.decoration.BlockAttachedEntity/]: Block-attached entity at invalid position: BlockPos{x=605, y=21, z=-676}
[21Nov2025 11:57:16.778] [Server thread/INFO] [net.minecraft.server.MinecraftServer/]: [___________12345: Teleported ___________12345 to 25669.500000, 95.500000, 7044.500000]
[21Nov2025 11:57:26.154] [Server thread/INFO] [net.minecraft.server.MinecraftServer/]: [tydf62: Teleported tydf62 to -24433.500000, 84.500000, 25733.500000]
[21Nov2025 11:57:27.886] [Netty Epoll Server IO #5/ERROR] [com.pixelmonmod.pixelmon.Pixelmon/]: Failed to encode packet: com.pixelmonmod.pixelmon.comm.packetHandlers.raids.OpenRaidPacket
java.lang.NullPointerException: Cannot invoke "com.pixelmonmod.pixelmon.api.pokemon.species.Stats.getGenderProperties(com.pixelmonmod.pixelmon.api.pokemon.species.gender.Gender)" because the return value of "com.pixelmonmod.pixelmon.api.pokemon.PokemonBase.getForm()" is null
	at TRANSFORMER/pixelmon@9.3.9/com.pixelmonmod.pixelmon.api.pokemon.PokemonBase.getGenderProperties(PokemonBase.java:331) ~[Pixelmon-1.21.1-9.3.9-universal.jar%23138!/:9.3.9-PIPE28826]
	at TRANSFORMER/pixelmon@9.3.9/com.pixelmonmod.pixelmon.api.pokemon.PokemonBase.getPalette(PokemonBase.java:346) ~[Pixelmon-1.21.1-9.3.9-universal.jar%23138!/:9.3.9-PIPE28826]
	at TRANSFORMER/pixelmon@9.3.9/com.pixelmonmod.pixelmon.api.pokemon.Pokemon.getPalette(Pokemon.java:1929) ~[Pixelmon-1.21.1-9.3.9-universal.jar%23138!/:9.3.9-PIPE28826]
	at TRANSFORMER/pixelmon@9.3.9/com.pixelmonmod.pixelmon.api.pokemon.Pokemon.writeToByteBuffer(Pokemon.java:2017) ~[Pixelmon-1.21.1-9.3.9-universal.jar%23138!/:9.3.9-PIPE28826]
	at TRANSFORMER/pixelmon@9.3.9/com.pixelmonmod.pixelmon.battles.raids.RaidData$RaidPlayer.write(RaidData.java:867) ~[Pixelmon-1.21.1-9.3.9-universal.jar%23138!/:9.3.9-PIPE28826]
	at TRANSFORMER/pixelmon@9.3.9/com.pixelmonmod.pixelmon.battles.raids.RaidData.write(RaidData.java:697) ~[Pixelmon-1.21.1-9.3.9-universal.jar%23138!/:9.3.9-PIPE28826]
	at TRANSFORMER/pixelmon@9.3.9/com.pixelmonmod.pixelmon.comm.packetHandlers.raids.OpenRaidPacket.encode(OpenRaidPacket.java:34) ~[Pixelmon-1.21.1-9.3.9-universal.jar%23138!/:9.3.9-PIPE28826]
	at TRANSFORMER/pixelmon@9.3.9/com.pixelmonmod.pixelmon.comm.data.PixelmonPacket.encode(PixelmonPacket.java:23) ~[Pixelmon-1.21.1-9.3.9-universal.jar%23138!/:9.3.9-PIPE28826]
	at TRANSFORMER/pixelmon@9.3.9/com.pixelmonmod.pixelmon.comm.PacketRegistry.encode(PacketRegistry.java:702) ~[Pixelmon-1.21.1-9.3.9-universal.jar%23138!/:9.3.9-PIPE28826]
	at TRANSFORMER/minecraft@1.21.1/net.minecraft.network.codec.StreamCodec$1.encode(StreamCodec.java:25) ~[server-1.21.1-20240808.144430-srg.jar%23130!/:?]
	at TRANSFORMER/minecraft@1.21.1/net.minecraft.network.protocol.common.custom.CustomPacketPayload$1.writeCap(CustomPacketPayload.java:40) ~[server-1.21.1-20240808.144430-srg.jar%23130!/:?]
	at TRANSFORMER/minecraft@1.21.1/net.minecraft.network.protocol.common.custom.CustomPacketPayload$1.encode(CustomPacketPayload.java:47) ~[server-1.21.1-20240808.144430-srg.jar%23130!/:?]
	at TRANSFORMER/minecraft@1.21.1/net.minecraft.network.protocol.common.custom.CustomPacketPayload$1.encode(CustomPacketPayload.java:29) ~[server-1.21.1-20240808.144430-srg.jar%23130!/:?]
	at TRANSFORMER/minecraft@1.21.1/net.minecraft.network.codec.StreamCodec$4.encode(StreamCodec.java:81) ~[server-1.21.1-20240808.144430-srg.jar%23130!/:?]
	at TRANSFORMER/minecraft@1.21.1/net.minecraft.network.codec.StreamCodec$5.encode(StreamCodec.java:97) ~[server-1.21.1-20240808.144430-srg.jar%23130!/:?]
	at TRANSFORMER/minecraft@1.21.1/net.minecraft.network.codec.StreamCodec$5.encode(StreamCodec.java:87) ~[server-1.21.1-20240808.144430-srg.jar%23130!/:?]
	at TRANSFORMER/minecraft@1.21.1/net.minecraft.network.codec.IdDispatchCodec.encode(IdDispatchCodec.java:53) ~[server-1.21.1-20240808.144430-srg.jar%23130!/:?]
	at TRANSFORMER/minecraft@1.21.1/net.minecraft.network.codec.IdDispatchCodec.encode(IdDispatchCodec.java:14) ~[server-1.21.1-20240808.144430-srg.jar%23130!/:?]
	at TRANSFORMER/minecraft@1.21.1/net.minecraft.network.PacketEncoder.encode(PacketEncoder.java:24) ~[server-1.21.1-20240808.144430-srg.jar%23130!/:?]
	at TRANSFORMER/minecraft@1.21.1/net.minecraft.network.PacketEncoder.encode(PacketEncoder.java:12) ~[server-1.21.1-20240808.144430-srg.jar%23130!/:?]
	at MC-BOOTSTRAP/io.netty.codec@4.1.97.Final/io.netty.handler.codec.MessageToByteEncoder.write(MessageToByteEncoder.java:107) ~[netty-codec-4.1.97.Final.jar%23102!/:4.1.97.Final]
	at MC-BOOTSTRAP/io.netty.transport@4.1.97.Final/io.netty.channel.AbstractChannelHandlerContext.invokeWrite0(AbstractChannelHandlerContext.java:881) ~[netty-transport-4.1.97.Final.jar%23106!/:4.1.97.Final]
	at MC-BOOTSTRAP/io.netty.transport@4.1.97.Final/io.netty.channel.AbstractChannelHandlerContext.invokeWrite(AbstractChannelHandlerContext.java:863) ~[netty-transport-4.1.97.Final.jar%23106!/:4.1.97.Final]
	at MC-BOOTSTRAP/io.netty.transport@4.1.97.Final/io.netty.channel.AbstractChannelHandlerContext.write(AbstractChannelHandlerContext.java:968) ~[netty-transport-4.1.97.Final.jar%23106!/:4.1.97.Final]
	at MC-BOOTSTRAP/io.netty.transport@4.1.97.Final/io.netty.channel.AbstractChannelHandlerContext.write(AbstractChannelHandlerContext.java:856) ~[netty-transport-4.1.97.Final.jar%23106!/:4.1.97.Final]
	at MC-BOOTSTRAP/io.netty.codec@4.1.97.Final/io.netty.handler.codec.MessageToMessageEncoder.write(MessageToMessageEncoder.java:113) ~[netty-codec-4.1.97.Final.jar%23102!/:4.1.97.Final]
	at MC-BOOTSTRAP/io.netty.transport@4.1.97.Final/io.netty.channel.AbstractChannelHandlerContext.invokeWrite0(AbstractChannelHandlerContext.java:881) ~[netty-transport-4.1.97.Final.jar%23106!/:4.1.97.Final]
	at MC-BOOTSTRAP/io.netty.transport@4.1.97.Final/io.netty.channel.AbstractChannelHandlerContext.invokeWrite(AbstractChannelHandlerContext.java:863) ~[netty-transport-4.1.97.Final.jar%23106!/:4.1.97.Final]
	at MC-BOOTSTRAP/io.netty.transport@4.1.97.Final/io.netty.channel.AbstractChannelHandlerContext.write(AbstractChannelHandlerContext.java:968) ~[netty-transport-4.1.97.Final.jar%23106!/:4.1.97.Final]
	at MC-BOOTSTRAP/io.netty.transport@4.1.97.Final/io.netty.channel.AbstractChannelHandlerContext.write(AbstractChannelHandlerContext.java:856) ~[netty-transport-4.1.97.Final.jar%23106!/:4.1.97.Final]
	at MC-BOOTSTRAP/io.netty.codec@4.1.97.Final/io.netty.handler.codec.MessageToMessageEncoder.write(MessageToMessageEncoder.java:113) ~[netty-codec-4.1.97.Final.jar%23102!/:4.1.97.Final]
	at MC-BOOTSTRAP/io.netty.transport@4.1.97.Final/io.netty.channel.AbstractChannelHandlerContext.invokeWrite0(AbstractChannelHandlerContext.java:881) ~[netty-transport-4.1.97.Final.jar%23106!/:4.1.97.Final]
	at MC-BOOTSTRAP/io.netty.transport@4.1.97.Final/io.netty.channel.AbstractChannelHandlerContext.invokeWrite(AbstractChannelHandlerContext.java:863) ~[netty-transport-4.1.97.Final.jar%23106!/:4.1.97.Final]
	at MC-BOOTSTRAP/io.netty.transport@4.1.97.Final/io.netty.channel.AbstractChannelHandlerContext.write(AbstractChannelHandlerContext.java:968) ~[netty-transport-4.1.97.Final.jar%23106!/:4.1.97.Final]
	at MC-BOOTSTRAP/io.netty.transport@4.1.97.Final/io.netty.channel.AbstractChannelHandlerContext.write(AbstractChannelHandlerContext.java:856) ~[netty-transport-4.1.97.Final.jar%23106!/:4.1.97.Final]
	at MC-BOOTSTRAP/io.netty.transport@4.1.97.Final/io.netty.channel.ChannelOutboundHandlerAdapter.write(ChannelOutboundHandlerAdapter.java:113) ~[netty-transport-4.1.97.Final.jar%23106!/:4.1.97.Final]
	at TRANSFORMER/minecraft@1.21.1/net.minecraft.network.Connection$2.write(Connection.java:528) ~[server-1.21.1-20240808.144430-srg.jar%23130!/:?]
	at MC-BOOTSTRAP/io.netty.transport@4.1.97.Final/io.netty.channel.AbstractChannelHandlerContext.invokeWrite0(AbstractChannelHandlerContext.java:881) ~[netty-transport-4.1.97.Final.jar%23106!/:4.1.97.Final]
	at MC-BOOTSTRAP/io.netty.transport@4.1.97.Final/io.netty.channel.AbstractChannelHandlerContext.invokeWrite(AbstractChannelHandlerContext.java:863) ~[netty-transport-4.1.97.Final.jar%23106!/:4.1.97.Final]
	at MC-BOOTSTRAP/io.netty.transport@4.1.97.Final/io.netty.channel.AbstractChannelHandlerContext.write(AbstractChannelHandlerContext.java:968) ~[netty-transport-4.1.97.Final.jar%23106!/:4.1.97.Final]
	at MC-BOOTSTRAP/io.netty.transport@4.1.97.Final/io.netty.channel.AbstractChannelHandlerContext.write(AbstractChannelHandlerContext.java:856) ~[netty-transport-4.1.97.Final.jar%23106!/:4.1.97.Final]
	at MC-BOOTSTRAP/io.netty.transport@4.1.97.Final/io.netty.channel.AbstractChannelHandlerContext.write(AbstractChannelHandlerContext.java:851) ~[netty-transport-4.1.97.Final.jar%23106!/:4.1.97.Final]
	at MC-BOOTSTRAP/io.netty.transport@4.1.97.Final/io.netty.channel.DefaultChannelPipeline.write(DefaultChannelPipeline.java:1010) ~[netty-transport-4.1.97.Final.jar%23106!/:4.1.97.Final]
	at MC-BOOTSTRAP/io.netty.transport@4.1.97.Final/io.netty.channel.AbstractChannel.write(AbstractChannel.java:296) ~[netty-transport-4.1.97.Final.jar%23106!/:4.1.97.Final]
	at TRANSFORMER/minecraft@1.21.1/net.minecraft.network.Connection.doSendPacket$mixinextras$wrapped$77(Connection.java:364) ~[server-1.21.1-20240808.144430-srg.jar%23130!/:?]
	at TRANSFORMER/minecraft@1.21.1/net.minecraft.network.Connection.mixinextras$bridge$doSendPacket$mixinextras$wrapped$77$78(Connection.java) ~[server-1.21.1-20240808.144430-srg.jar%23130!/:?]
	at TRANSFORMER/minecraft@1.21.1/net.minecraft.network.Connection.wrapMethod$zcl000$modernfix$checkClientPresence(Connection.java:750) ~[server-1.21.1-20240808.144430-srg.jar%23130!/:?]
	at TRANSFORMER/minecraft@1.21.1/net.minecraft.network.Connection.doSendPacket(Connection.java) ~[server-1.21.1-20240808.144430-srg.jar%23130!/:?]
	at TRANSFORMER/minecraft@1.21.1/net.minecraft.network.Connection.lambda$sendPacket$12(Connection.java:359) ~[server-1.21.1-20240808.144430-srg.jar%23130!/:?]
	at MC-BOOTSTRAP/io.netty.common@4.1.97.Final/io.netty.util.concurrent.AbstractEventExecutor.runTask(AbstractEventExecutor.java:174) ~[netty-common-4.1.97.Final.jar%23103!/:4.1.97.Final]
	at MC-BOOTSTRAP/io.netty.common@4.1.97.Final/io.netty.util.concurrent.AbstractEventExecutor.safeExecute(AbstractEventExecutor.java:167) ~[netty-common-4.1.97.Final.jar%23103!/:4.1.97.Final]
	at MC-BOOTSTRAP/io.netty.common@4.1.97.Final/io.netty.util.concurrent.SingleThreadEventExecutor.runAllTasks(SingleThreadEventExecutor.java:470) ~[netty-common-4.1.97.Final.jar%23103!/:4.1.97.Final]
	at MC-BOOTSTRAP/io.netty.transport.classes.epoll@4.1.97.Final/io.netty.channel.epoll.EpollEventLoop.run(EpollEventLoop.java:413) ~[netty-transport-classes-epoll-4.1.97.Final.jar%23107!/:4.1.97.Final]
	at MC-BOOTSTRAP/io.netty.common@4.1.97.Final/io.netty.util.concurrent.SingleThreadEventExecutor$4.run(SingleThreadEventExecutor.java:997) ~[netty-common-4.1.97.Final.jar%23103!/:4.1.97.Final]
	at MC-BOOTSTRAP/io.netty.common@4.1.97.Final/io.netty.util.internal.ThreadExecutorMap$2.run(ThreadExecutorMap.java:74) ~[netty-common-4.1.97.Final.jar%23103!/:4.1.97.Final]
	at java.base/java.lang.Thread.run(Unknown Source) [?:?]
[21Nov2025 11:57:27.887] [Netty Epoll Server IO #5/ERROR] [net.minecraft.network.PacketEncoder/]: Error sending packet clientbound/minecraft:custom_payload
io.netty.handler.codec.EncoderException: Failed to encode packet 'clientbound/minecraft:custom_payload'
	at TRANSFORMER/minecraft@1.21.1/net.minecraft.network.codec.IdDispatchCodec.encode(IdDispatchCodec.java:55) ~[server-1.21.1-20240808.144430-srg.jar%23130!/:?]
	at TRANSFORMER/minecraft@1.21.1/net.minecraft.network.codec.IdDispatchCodec.encode(IdDispatchCodec.java:14) ~[server-1.21.1-20240808.144430-srg.jar%23130!/:?]
	at TRANSFORMER/minecraft@1.21.1/net.minecraft.network.PacketEncoder.encode(PacketEncoder.java:24) ~[server-1.21.1-20240808.144430-srg.jar%23130!/:?]
	at TRANSFORMER/minecraft@1.21.1/net.minecraft.network.PacketEncoder.encode(PacketEncoder.java:12) ~[server-1.21.1-20240808.144430-srg.jar%23130!/:?]
	at MC-BOOTSTRAP/io.netty.codec@4.1.97.Final/io.netty.handler.codec.MessageToByteEncoder.write(MessageToByteEncoder.java:107) ~[netty-codec-4.1.97.Final.jar%23102!/:4.1.97.Final]
	at MC-BOOTSTRAP/io.netty.transport@4.1.97.Final/io.netty.channel.AbstractChannelHandlerContext.invokeWrite0(AbstractChannelHandlerContext.java:881) ~[netty-transport-4.1.97.Final.jar%23106!/:4.1.97.Final]
	at MC-BOOTSTRAP/io.netty.transport@4.1.97.Final/io.netty.channel.AbstractChannelHandlerContext.invokeWrite(AbstractChannelHandlerContext.java:863) ~[netty-transport-4.1.97.Final.jar%23106!/:4.1.97.Final]
	at MC-BOOTSTRAP/io.netty.transport@4.1.97.Final/io.netty.channel.AbstractChannelHandlerContext.write(AbstractChannelHandlerContext.java:968) ~[netty-transport-4.1.97.Final.jar%23106!/:4.1.97.Final]
	at MC-BOOTSTRAP/io.netty.transport@4.1.97.Final/io.netty.channel.AbstractChannelHandlerContext.write(AbstractChannelHandlerContext.java:856) ~[netty-transport-4.1.97.Final.jar%23106!/:4.1.97.Final]
	at MC-BOOTSTRAP/io.netty.codec@4.1.97.Final/io.netty.handler.codec.MessageToMessageEncoder.write(MessageToMessageEncoder.java:113) ~[netty-codec-4.1.97.Final.jar%23102!/:4.1.97.Final]
	at MC-BOOTSTRAP/io.netty.transport@4.1.97.Final/io.netty.channel.AbstractChannelHandlerContext.invokeWrite0(AbstractChannelHandlerContext.java:881) ~[netty-transport-4.1.97.Final.jar%23106!/:4.1.97.Final]
	at MC-BOOTSTRAP/io.netty.transport@4.1.97.Final/io.netty.channel.AbstractChannelHandlerContext.invokeWrite(AbstractChannelHandlerContext.java:863) ~[netty-transport-4.1.97.Final.jar%23106!/:4.1.97.Final]
	at MC-BOOTSTRAP/io.netty.transport@4.1.97.Final/io.netty.channel.AbstractChannelHandlerContext.write(AbstractChannelHandlerContext.java:968) ~[netty-transport-4.1.97.Final.jar%23106!/:4.1.97.Final]
	at MC-BOOTSTRAP/io.netty.transport@4.1.97.Final/io.netty.channel.AbstractChannelHandlerContext.write(AbstractChannelHandlerContext.java:856) ~[netty-transport-4.1.97.Final.jar%23106!/:4.1.97.Final]
	at MC-BOOTSTRAP/io.netty.codec@4.1.97.Final/io.netty.handler.codec.MessageToMessageEncoder.write(MessageToMessageEncoder.java:113) ~[netty-codec-4.1.97.Final.jar%23102!/:4.1.97.Final]
	at MC-BOOTSTRAP/io.netty.transport@4.1.97.Final/io.netty.channel.AbstractChannelHandlerContext.invokeWrite0(AbstractChannelHandlerContext.java:881) ~[netty-transport-4.1.97.Final.jar%23106!/:4.1.97.Final]
	at MC-BOOTSTRAP/io.netty.transport@4.1.97.Final/io.netty.channel.AbstractChannelHandlerContext.invokeWrite(AbstractChannelHandlerContext.java:863) ~[netty-transport-4.1.97.Final.jar%23106!/:4.1.97.Final]
	at MC-BOOTSTRAP/io.netty.transport@4.1.97.Final/io.netty.channel.AbstractChannelHandlerContext.write(AbstractChannelHandlerContext.java:968) ~[netty-transport-4.1.97.Final.jar%23106!/:4.1.97.Final]
	at MC-BOOTSTRAP/io.netty.transport@4.1.97.Final/io.netty.channel.AbstractChannelHandlerContext.write(AbstractChannelHandlerContext.java:856) ~[netty-transport-4.1.97.Final.jar%23106!/:4.1.97.Final]
	at MC-BOOTSTRAP/io.netty.transport@4.1.97.Final/io.netty.channel.ChannelOutboundHandlerAdapter.write(ChannelOutboundHandlerAdapter.java:113) ~[netty-transport-4.1.97.Final.jar%23106!/:4.1.97.Final]
	at TRANSFORMER/minecraft@1.21.1/net.minecraft.network.Connection$2.write(Connection.java:528) ~[server-1.21.1-20240808.144430-srg.jar%23130!/:?]
	at MC-BOOTSTRAP/io.netty.transport@4.1.97.Final/io.netty.channel.AbstractChannelHandlerContext.invokeWrite0(AbstractChannelHandlerContext.java:881) ~[netty-transport-4.1.97.Final.jar%23106!/:4.1.97.Final]
	at MC-BOOTSTRAP/io.netty.transport@4.1.97.Final/io.netty.channel.AbstractChannelHandlerContext.invokeWrite(AbstractChannelHandlerContext.java:863) ~[netty-transport-4.1.97.Final.jar%23106!/:4.1.97.Final]
	at MC-BOOTSTRAP/io.netty.transport@4.1.97.Final/io.netty.channel.AbstractChannelHandlerContext.write(AbstractChannelHandlerContext.java:968) ~[netty-transport-4.1.97.Final.jar%23106!/:4.1.97.Final]
	at MC-BOOTSTRAP/io.netty.transport@4.1.97.Final/io.netty.channel.AbstractChannelHandlerContext.write(AbstractChannelHandlerContext.java:856) ~[netty-transport-4.1.97.Final.jar%23106!/:4.1.97.Final]
	at MC-BOOTSTRAP/io.netty.transport@4.1.97.Final/io.netty.channel.AbstractChannelHandlerContext.write(AbstractChannelHandlerContext.java:851) ~[netty-transport-4.1.97.Final.jar%23106!/:4.1.97.Final]
	at MC-BOOTSTRAP/io.netty.transport@4.1.97.Final/io.netty.channel.DefaultChannelPipeline.write(DefaultChannelPipeline.java:1010) ~[netty-transport-4.1.97.Final.jar%23106!/:4.1.97.Final]
	at MC-BOOTSTRAP/io.netty.transport@4.1.97.Final/io.netty.channel.AbstractChannel.write(AbstractChannel.java:296) ~[netty-transport-4.1.97.Final.jar%23106!/:4.1.97.Final]
	at TRANSFORMER/minecraft@1.21.1/net.minecraft.network.Connection.doSendPacket$mixinextras$wrapped$77(Connection.java:364) ~[server-1.21.1-20240808.144430-srg.jar%23130!/:?]
	at TRANSFORMER/minecraft@1.21.1/net.minecraft.network.Connection.mixinextras$bridge$doSendPacket$mixinextras$wrapped$77$78(Connection.java) ~[server-1.21.1-20240808.144430-srg.jar%23130!/:?]
	at TRANSFORMER/minecraft@1.21.1/net.minecraft.network.Connection.wrapMethod$zcl000$modernfix$checkClientPresence(Connection.java:750) ~[server-1.21.1-20240808.144430-srg.jar%23130!/:?]
	at TRANSFORMER/minecraft@1.21.1/net.minecraft.network.Connection.doSendPacket(Connection.java) ~[server-1.21.1-20240808.144430-srg.jar%23130!/:?]
	at TRANSFORMER/minecraft@1.21.1/net.minecraft.network.Connection.lambda$sendPacket$12(Connection.java:359) ~[server-1.21.1-20240808.144430-srg.jar%23130!/:?]
	at MC-BOOTSTRAP/io.netty.common@4.1.97.Final/io.netty.util.concurrent.AbstractEventExecutor.runTask(AbstractEventExecutor.java:174) ~[netty-common-4.1.97.Final.jar%23103!/:4.1.97.Final]
	at MC-BOOTSTRAP/io.netty.common@4.1.97.Final/io.netty.util.concurrent.AbstractEventExecutor.safeExecute(AbstractEventExecutor.java:167) ~[netty-common-4.1.97.Final.jar%23103!/:4.1.97.Final]
	at MC-BOOTSTRAP/io.netty.common@4.1.97.Final/io.netty.util.concurrent.SingleThreadEventExecutor.runAllTasks(SingleThreadEventExecutor.java:470) ~[netty-common-4.1.97.Final.jar%23103!/:4.1.97.Final]
	at MC-BOOTSTRAP/io.netty.transport.classes.epoll@4.1.97.Final/io.netty.channel.epoll.EpollEventLoop.run(EpollEventLoop.java:413) ~[netty-transport-classes-epoll-4.1.97.Final.jar%23107!/:4.1.97.Final]
	at MC-BOOTSTRAP/io.netty.common@4.1.97.Final/io.netty.util.concurrent.SingleThreadEventExecutor$4.run(SingleThreadEventExecutor.java:997) ~[netty-common-4.1.97.Final.jar%23103!/:4.1.97.Final]
	at MC-BOOTSTRAP/io.netty.common@4.1.97.Final/io.netty.util.internal.ThreadExecutorMap$2.run(ThreadExecutorMap.java:74) ~[netty-common-4.1.97.Final.jar%23103!/:4.1.97.Final]
	at java.base/java.lang.Thread.run(Unknown Source) [?:?]
Caused by: java.lang.RuntimeException: Failed encoding custom payload pixelmon:openraidpacket: java.lang.RuntimeException: Failed to encode packet: com.pixelmonmod.pixelmon.comm.packetHandlers.raids.OpenRaidPacket
	at TRANSFORMER/minecraft@1.21.1/net.minecraft.network.protocol.common.custom.CustomPacketPayload$1.writeCap(CustomPacketPayload.java:42) ~[server-1.21.1-20240808.144430-srg.jar%23130!/:?]
	at TRANSFORMER/minecraft@1.21.1/net.minecraft.network.protocol.common.custom.CustomPacketPayload$1.encode(CustomPacketPayload.java:47) ~[server-1.21.1-20240808.144430-srg.jar%23130!/:?]
	at TRANSFORMER/minecraft@1.21.1/net.minecraft.network.protocol.common.custom.CustomPacketPayload$1.encode(CustomPacketPayload.java:29) ~[server-1.21.1-20240808.144430-srg.jar%23130!/:?]
	at TRANSFORMER/minecraft@1.21.1/net.minecraft.network.codec.StreamCodec$4.encode(StreamCodec.java:81) ~[server-1.21.1-20240808.144430-srg.jar%23130!/:?]
	at TRANSFORMER/minecraft@1.21.1/net.minecraft.network.codec.StreamCodec$5.encode(StreamCodec.java:97) ~[server-1.21.1-20240808.144430-srg.jar%23130!/:?]
	at TRANSFORMER/minecraft@1.21.1/net.minecraft.network.codec.StreamCodec$5.encode(StreamCodec.java:87) ~[server-1.21.1-20240808.144430-srg.jar%23130!/:?]
	at TRANSFORMER/minecraft@1.21.1/net.minecraft.network.codec.IdDispatchCodec.encode(IdDispatchCodec.java:53) ~[server-1.21.1-20240808.144430-srg.jar%23130!/:?]
	... 39 more
Caused by: java.lang.RuntimeException: Failed to encode packet: com.pixelmonmod.pixelmon.comm.packetHandlers.raids.OpenRaidPacket
	at TRANSFORMER/pixelmon@9.3.9/com.pixelmonmod.pixelmon.comm.PacketRegistry.encode(PacketRegistry.java:705) ~[Pixelmon-1.21.1-9.3.9-universal.jar%23138!/:9.3.9-PIPE28826]
	at TRANSFORMER/minecraft@1.21.1/net.minecraft.network.codec.StreamCodec$1.encode(StreamCodec.java:25) ~[server-1.21.1-20240808.144430-srg.jar%23130!/:?]
	at TRANSFORMER/minecraft@1.21.1/net.minecraft.network.protocol.common.custom.CustomPacketPayload$1.writeCap(CustomPacketPayload.java:40) ~[server-1.21.1-20240808.144430-srg.jar%23130!/:?]
	at TRANSFORMER/minecraft@1.21.1/net.minecraft.network.protocol.common.custom.CustomPacketPayload$1.encode(CustomPacketPayload.java:47) ~[server-1.21.1-20240808.144430-srg.jar%23130!/:?]
	at TRANSFORMER/minecraft@1.21.1/net.minecraft.network.protocol.common.custom.CustomPacketPayload$1.encode(CustomPacketPayload.java:29) ~[server-1.21.1-20240808.144430-srg.jar%23130!/:?]
	at TRANSFORMER/minecraft@1.21.1/net.minecraft.network.codec.StreamCodec$4.encode(StreamCodec.java:81) ~[server-1.21.1-20240808.144430-srg.jar%23130!/:?]
	at TRANSFORMER/minecraft@1.21.1/net.minecraft.network.codec.StreamCodec$5.encode(StreamCodec.java:97) ~[server-1.21.1-20240808.144430-srg.jar%23130!/:?]
	at TRANSFORMER/minecraft@1.21.1/net.minecraft.network.codec.StreamCodec$5.encode(StreamCodec.java:87) ~[server-1.21.1-20240808.144430-srg.jar%23130!/:?]
	at TRANSFORMER/minecraft@1.21.1/net.minecraft.network.codec.IdDispatchCodec.encode(IdDispatchCodec.java:53) ~[server-1.21.1-20240808.144430-srg.jar%23130!/:?]
	... 39 more
Caused by: java.lang.NullPointerException: Cannot invoke "com.pixelmonmod.pixelmon.api.pokemon.species.Stats.getGenderProperties(com.pixelmonmod.pixelmon.api.pokemon.species.gender.Gender)" because the return value of "com.pixelmonmod.pixelmon.api.pokemon.PokemonBase.getForm()" is null
	at TRANSFORMER/pixelmon@9.3.9/com.pixelmonmod.pixelmon.api.pokemon.PokemonBase.getGenderProperties(PokemonBase.java:331) ~[Pixelmon-1.21.1-9.3.9-universal.jar%23138!/:9.3.9-PIPE28826]
	at TRANSFORMER/pixelmon@9.3.9/com.pixelmonmod.pixelmon.api.pokemon.PokemonBase.getPalette(PokemonBase.java:346) ~[Pixelmon-1.21.1-9.3.9-universal.jar%23138!/:9.3.9-PIPE28826]
	at TRANSFORMER/pixelmon@9.3.9/com.pixelmonmod.pixelmon.api.pokemon.Pokemon.getPalette(Pokemon.java:1929) ~[Pixelmon-1.21.1-9.3.9-universal.jar%23138!/:9.3.9-PIPE28826]
	at TRANSFORMER/pixelmon@9.3.9/com.pixelmonmod.pixelmon.api.pokemon.Pokemon.writeToByteBuffer(Pokemon.java:2017) ~[Pixelmon-1.21.1-9.3.9-universal.jar%23138!/:9.3.9-PIPE28826]
	at TRANSFORMER/pixelmon@9.3.9/com.pixelmonmod.pixelmon.battles.raids.RaidData$RaidPlayer.write(RaidData.java:867) ~[Pixelmon-1.21.1-9.3.9-universal.jar%23138!/:9.3.9-PIPE28826]
	at TRANSFORMER/pixelmon@9.3.9/com.pixelmonmod.pixelmon.battles.raids.RaidData.write(RaidData.java:697) ~[Pixelmon-1.21.1-9.3.9-universal.jar%23138!/:9.3.9-PIPE28826]
	at TRANSFORMER/pixelmon@9.3.9/com.pixelmonmod.pixelmon.comm.packetHandlers.raids.OpenRaidPacket.encode(OpenRaidPacket.java:34) ~[Pixelmon-1.21.1-9.3.9-universal.jar%23138!/:9.3.9-PIPE28826]
	at TRANSFORMER/pixelmon@9.3.9/com.pixelmonmod.pixelmon.comm.data.PixelmonPacket.encode(PixelmonPacket.java:23) ~[Pixelmon-1.21.1-9.3.9-universal.jar%23138!/:9.3.9-PIPE28826]
	at TRANSFORMER/pixelmon@9.3.9/com.pixelmonmod.pixelmon.comm.PacketRegistry.encode(PacketRegistry.java:702) ~[Pixelmon-1.21.1-9.3.9-universal.jar%23138!/:9.3.9-PIPE28826]
	at TRANSFORMER/minecraft@1.21.1/net.minecraft.network.codec.StreamCodec$1.encode(StreamCodec.java:25) ~[server-1.21.1-20240808.144430-srg.jar%23130!/:?]
	at TRANSFORMER/minecraft@1.21.1/net.minecraft.network.protocol.common.custom.CustomPacketPayload$1.writeCap(CustomPacketPayload.java:40) ~[server-1.21.1-20240808.144430-srg.jar%23130!/:?]
	at TRANSFORMER/minecraft@1.21.1/net.minecraft.network.protocol.common.custom.CustomPacketPayload$1.encode(CustomPacketPayload.java:47) ~[server-1.21.1-20240808.144430-srg.jar%23130!/:?]
	at TRANSFORMER/minecraft@1.21.1/net.minecraft.network.protocol.common.custom.CustomPacketPayload$1.encode(CustomPacketPayload.java:29) ~[server-1.21.1-20240808.144430-srg.jar%23130!/:?]
	at TRANSFORMER/minecraft@1.21.1/net.minecraft.network.codec.StreamCodec$4.encode(StreamCodec.java:81) ~[server-1.21.1-20240808.144430-srg.jar%23130!/:?]
	at TRANSFORMER/minecraft@1.21.1/net.minecraft.network.codec.StreamCodec$5.encode(StreamCodec.java:97) ~[server-1.21.1-20240808.144430-srg.jar%23130!/:?]
	at TRANSFORMER/minecraft@1.21.1/net.minecraft.network.codec.StreamCodec$5.encode(StreamCodec.java:87) ~[server-1.21.1-20240808.144430-srg.jar%23130!/:?]
	at TRANSFORMER/minecraft@1.21.1/net.minecraft.network.codec.IdDispatchCodec.encode(IdDispatchCodec.java:53) ~[server-1.21.1-20240808.144430-srg.jar%23130!/:?]
	... 39 more
[21Nov2025 11:57:27.890] [Netty Epoll Server IO #5/ERROR] [net.minecraft.network.Connection/]: Exception caught in connection
io.netty.handler.codec.EncoderException: Failed to encode packet 'clientbound/minecraft:custom_payload'
	at TRANSFORMER/minecraft@1.21.1/net.minecraft.network.codec.IdDispatchCodec.encode(IdDispatchCodec.java:55) ~[server-1.21.1-20240808.144430-srg.jar%23130!/:?]
	at TRANSFORMER/minecraft@1.21.1/net.minecraft.network.codec.IdDispatchCodec.encode(IdDispatchCodec.java:14) ~[server-1.21.1-20240808.144430-srg.jar%23130!/:?]
	at TRANSFORMER/minecraft@1.21.1/net.minecraft.network.PacketEncoder.encode(PacketEncoder.java:24) ~[server-1.21.1-20240808.144430-srg.jar%23130!/:?]
	at TRANSFORMER/minecraft@1.21.1/net.minecraft.network.PacketEncoder.encode(PacketEncoder.java:12) ~[server-1.21.1-20240808.144430-srg.jar%23130!/:?]
	at MC-BOOTSTRAP/io.netty.codec@4.1.97.Final/io.netty.handler.codec.MessageToByteEncoder.write(MessageToByteEncoder.java:107) ~[netty-codec-4.1.97.Final.jar%23102!/:4.1.97.Final]
	at MC-BOOTSTRAP/io.netty.transport@4.1.97.Final/io.netty.channel.AbstractChannelHandlerContext.invokeWrite0(AbstractChannelHandlerContext.java:881) ~[netty-transport-4.1.97.Final.jar%23106!/:4.1.97.Final]
	at MC-BOOTSTRAP/io.netty.transport@4.1.97.Final/io.netty.channel.AbstractChannelHandlerContext.invokeWrite(AbstractChannelHandlerContext.java:863) ~[netty-transport-4.1.97.Final.jar%23106!/:4.1.97.Final]
	at MC-BOOTSTRAP/io.netty.transport@4.1.97.Final/io.netty.channel.AbstractChannelHandlerContext.write(AbstractChannelHandlerContext.java:968) ~[netty-transport-4.1.97.Final.jar%23106!/:4.1.97.Final]
	at MC-BOOTSTRAP/io.netty.transport@4.1.97.Final/io.netty.channel.AbstractChannelHandlerContext.write(AbstractChannelHandlerContext.java:856) ~[netty-transport-4.1.97.Final.jar%23106!/:4.1.97.Final]
	at MC-BOOTSTRAP/io.netty.codec@4.1.97.Final/io.netty.handler.codec.MessageToMessageEncoder.write(MessageToMessageEncoder.java:113) ~[netty-codec-4.1.97.Final.jar%23102!/:4.1.97.Final]
	at MC-BOOTSTRAP/io.netty.transport@4.1.97.Final/io.netty.channel.AbstractChannelHandlerContext.invokeWrite0(AbstractChannelHandlerContext.java:881) ~[netty-transport-4.1.97.Final.jar%23106!/:4.1.97.Final]
	at MC-BOOTSTRAP/io.netty.transport@4.1.97.Final/io.netty.channel.AbstractChannelHandlerContext.invokeWrite(AbstractChannelHandlerContext.java:863) ~[netty-transport-4.1.97.Final.jar%23106!/:4.1.97.Final]
	at MC-BOOTSTRAP/io.netty.transport@4.1.97.Final/io.netty.channel.AbstractChannelHandlerContext.write(AbstractChannelHandlerContext.java:968) ~[netty-transport-4.1.97.Final.jar%23106!/:4.1.97.Final]
	at MC-BOOTSTRAP/io.netty.transport@4.1.97.Final/io.netty.channel.AbstractChannelHandlerContext.write(AbstractChannelHandlerContext.java:856) ~[netty-transport-4.1.97.Final.jar%23106!/:4.1.97.Final]
	at MC-BOOTSTRAP/io.netty.codec@4.1.97.Final/io.netty.handler.codec.MessageToMessageEncoder.write(MessageToMessageEncoder.java:113) ~[netty-codec-4.1.97.Final.jar%23102!/:4.1.97.Final]
	at MC-BOOTSTRAP/io.netty.transport@4.1.97.Final/io.netty.channel.AbstractChannelHandlerContext.invokeWrite0(AbstractChannelHandlerContext.java:881) ~[netty-transport-4.1.97.Final.jar%23106!/:4.1.97.Final]
	at MC-BOOTSTRAP/io.netty.transport@4.1.97.Final/io.netty.channel.AbstractChannelHandlerContext.invokeWrite(AbstractChannelHandlerContext.java:863) ~[netty-transport-4.1.97.Final.jar%23106!/:4.1.97.Final]
	at MC-BOOTSTRAP/io.netty.transport@4.1.97.Final/io.netty.channel.AbstractChannelHandlerContext.write(AbstractChannelHandlerContext.java:968) ~[netty-transport-4.1.97.Final.jar%23106!/:4.1.97.Final]
	at MC-BOOTSTRAP/io.netty.transport@4.1.97.Final/io.netty.channel.AbstractChannelHandlerContext.write(AbstractChannelHandlerContext.java:856) ~[netty-transport-4.1.97.Final.jar%23106!/:4.1.97.Final]
	at MC-BOOTSTRAP/io.netty.transport@4.1.97.Final/io.netty.channel.ChannelOutboundHandlerAdapter.write(ChannelOutboundHandlerAdapter.java:113) ~[netty-transport-4.1.97.Final.jar%23106!/:4.1.97.Final]
	at TRANSFORMER/minecraft@1.21.1/net.minecraft.network.Connection$2.write(Connection.java:528) ~[server-1.21.1-20240808.144430-srg.jar%23130!/:?]
	at MC-BOOTSTRAP/io.netty.transport@4.1.97.Final/io.netty.channel.AbstractChannelHandlerContext.invokeWrite0(AbstractChannelHandlerContext.java:881) ~[netty-transport-4.1.97.Final.jar%23106!/:4.1.97.Final]
	at MC-BOOTSTRAP/io.netty.transport@4.1.97.Final/io.netty.channel.AbstractChannelHandlerContext.invokeWrite(AbstractChannelHandlerContext.java:863) ~[netty-transport-4.1.97.Final.jar%23106!/:4.1.97.Final]
	at MC-BOOTSTRAP/io.netty.transport@4.1.97.Final/io.netty.channel.AbstractChannelHandlerContext.write(AbstractChannelHandlerContext.java:968) ~[netty-transport-4.1.97.Final.jar%23106!/:4.1.97.Final]
	at MC-BOOTSTRAP/io.netty.transport@4.1.97.Final/io.netty.channel.AbstractChannelHandlerContext.write(AbstractChannelHandlerContext.java:856) ~[netty-transport-4.1.97.Final.jar%23106!/:4.1.97.Final]
	at MC-BOOTSTRAP/io.netty.transport@4.1.97.Final/io.netty.channel.AbstractChannelHandlerContext.write(AbstractChannelHandlerContext.java:851) ~[netty-transport-4.1.97.Final.jar%23106!/:4.1.97.Final]
	at MC-BOOTSTRAP/io.netty.transport@4.1.97.Final/io.netty.channel.DefaultChannelPipeline.write(DefaultChannelPipeline.java:1010) ~[netty-transport-4.1.97.Final.jar%23106!/:4.1.97.Final]
	at MC-BOOTSTRAP/io.netty.transport@4.1.97.Final/io.netty.channel.AbstractChannel.write(AbstractChannel.java:296) ~[netty-transport-4.1.97.Final.jar%23106!/:4.1.97.Final]
	at TRANSFORMER/minecraft@1.21.1/net.minecraft.network.Connection.doSendPacket$mixinextras$wrapped$77(Connection.java:364) ~[server-1.21.1-20240808.144430-srg.jar%23130!/:?]
	at TRANSFORMER/minecraft@1.21.1/net.minecraft.network.Connection.mixinextras$bridge$doSendPacket$mixinextras$wrapped$77$78(Connection.java) ~[server-1.21.1-20240808.144430-srg.jar%23130!/:?]
	at TRANSFORMER/minecraft@1.21.1/net.minecraft.network.Connection.wrapMethod$zcl000$modernfix$checkClientPresence(Connection.java:750) ~[server-1.21.1-20240808.144430-srg.jar%23130!/:?]
	at TRANSFORMER/minecraft@1.21.1/net.minecraft.network.Connection.doSendPacket(Connection.java) ~[server-1.21.1-20240808.144430-srg.jar%23130!/:?]
	at TRANSFORMER/minecraft@1.21.1/net.minecraft.network.Connection.lambda$sendPacket$12(Connection.java:359) ~[server-1.21.1-20240808.144430-srg.jar%23130!/:?]
	at MC-BOOTSTRAP/io.netty.common@4.1.97.Final/io.netty.util.concurrent.AbstractEventExecutor.runTask(AbstractEventExecutor.java:174) ~[netty-common-4.1.97.Final.jar%23103!/:4.1.97.Final]
	at MC-BOOTSTRAP/io.netty.common@4.1.97.Final/io.netty.util.concurrent.AbstractEventExecutor.safeExecute(AbstractEventExecutor.java:167) ~[netty-common-4.1.97.Final.jar%23103!/:4.1.97.Final]
	at MC-BOOTSTRAP/io.netty.common@4.1.97.Final/io.netty.util.concurrent.SingleThreadEventExecutor.runAllTasks(SingleThreadEventExecutor.java:470) ~[netty-common-4.1.97.Final.jar%23103!/:4.1.97.Final]
	at MC-BOOTSTRAP/io.netty.transport.classes.epoll@4.1.97.Final/io.netty.channel.epoll.EpollEventLoop.run(EpollEventLoop.java:413) ~[netty-transport-classes-epoll-4.1.97.Final.jar%23107!/:4.1.97.Final]
	at MC-BOOTSTRAP/io.netty.common@4.1.97.Final/io.netty.util.concurrent.SingleThreadEventExecutor$4.run(SingleThreadEventExecutor.java:997) ~[netty-common-4.1.97.Final.jar%23103!/:4.1.97.Final]
	at MC-BOOTSTRAP/io.netty.common@4.1.97.Final/io.netty.util.internal.ThreadExecutorMap$2.run(ThreadExecutorMap.java:74) ~[netty-common-4.1.97.Final.jar%23103!/:4.1.97.Final]
	at java.base/java.lang.Thread.run(Unknown Source) [?:?]
Caused by: java.lang.RuntimeException: Failed encoding custom payload pixelmon:openraidpacket: java.lang.RuntimeException: Failed to encode packet: com.pixelmonmod.pixelmon.comm.packetHandlers.raids.OpenRaidPacket
	at TRANSFORMER/minecraft@1.21.1/net.minecraft.network.protocol.common.custom.CustomPacketPayload$1.writeCap(CustomPacketPayload.java:42) ~[server-1.21.1-20240808.144430-srg.jar%23130!/:?]
	at TRANSFORMER/minecraft@1.21.1/net.minecraft.network.protocol.common.custom.CustomPacketPayload$1.encode(CustomPacketPayload.java:47) ~[server-1.21.1-20240808.144430-srg.jar%23130!/:?]
	at TRANSFORMER/minecraft@1.21.1/net.minecraft.network.protocol.common.custom.CustomPacketPayload$1.encode(CustomPacketPayload.java:29) ~[server-1.21.1-20240808.144430-srg.jar%23130!/:?]
	at TRANSFORMER/minecraft@1.21.1/net.minecraft.network.codec.StreamCodec$4.encode(StreamCodec.java:81) ~[server-1.21.1-20240808.144430-srg.jar%23130!/:?]
	at TRANSFORMER/minecraft@1.21.1/net.minecraft.network.codec.StreamCodec$5.encode(StreamCodec.java:97) ~[server-1.21.1-20240808.144430-srg.jar%23130!/:?]
	at TRANSFORMER/minecraft@1.21.1/net.minecraft.network.codec.StreamCodec$5.encode(StreamCodec.java:87) ~[server-1.21.1-20240808.144430-srg.jar%23130!/:?]
	at TRANSFORMER/minecraft@1.21.1/net.minecraft.network.codec.IdDispatchCodec.encode(IdDispatchCodec.java:53) ~[server-1.21.1-20240808.144430-srg.jar%23130!/:?]
	... 39 more
Caused by: java.lang.RuntimeException: Failed to encode packet: com.pixelmonmod.pixelmon.comm.packetHandlers.raids.OpenRaidPacket
	at TRANSFORMER/pixelmon@9.3.9/com.pixelmonmod.pixelmon.comm.PacketRegistry.encode(PacketRegistry.java:705) ~[Pixelmon-1.21.1-9.3.9-universal.jar%23138!/:9.3.9-PIPE28826]
	at TRANSFORMER/minecraft@1.21.1/net.minecraft.network.codec.StreamCodec$1.encode(StreamCodec.java:25) ~[server-1.21.1-20240808.144430-srg.jar%23130!/:?]
	at TRANSFORMER/minecraft@1.21.1/net.minecraft.network.protocol.common.custom.CustomPacketPayload$1.writeCap(CustomPacketPayload.java:40) ~[server-1.21.1-20240808.144430-srg.jar%23130!/:?]
	at TRANSFORMER/minecraft@1.21.1/net.minecraft.network.protocol.common.custom.CustomPacketPayload$1.encode(CustomPacketPayload.java:47) ~[server-1.21.1-20240808.144430-srg.jar%23130!/:?]
	at TRANSFORMER/minecraft@1.21.1/net.minecraft.network.protocol.common.custom.CustomPacketPayload$1.encode(CustomPacketPayload.java:29) ~[server-1.21.1-20240808.144430-srg.jar%23130!/:?]
	at TRANSFORMER/minecraft@1.21.1/net.minecraft.network.codec.StreamCodec$4.encode(StreamCodec.java:81) ~[server-1.21.1-20240808.144430-srg.jar%23130!/:?]
	at TRANSFORMER/minecraft@1.21.1/net.minecraft.network.codec.StreamCodec$5.encode(StreamCodec.java:97) ~[server-1.21.1-20240808.144430-srg.jar%23130!/:?]
	at TRANSFORMER/minecraft@1.21.1/net.minecraft.network.codec.StreamCodec$5.encode(StreamCodec.java:87) ~[server-1.21.1-20240808.144430-srg.jar%23130!/:?]
	at TRANSFORMER/minecraft@1.21.1/net.minecraft.network.codec.IdDispatchCodec.encode(IdDispatchCodec.java:53) ~[server-1.21.1-20240808.144430-srg.jar%23130!/:?]
	... 39 more
Caused by: java.lang.NullPointerException: Cannot invoke "com.pixelmonmod.pixelmon.api.pokemon.species.Stats.getGenderProperties(com.pixelmonmod.pixelmon.api.pokemon.species.gender.Gender)" because the return value of "com.pixelmonmod.pixelmon.api.pokemon.PokemonBase.getForm()" is null
	at TRANSFORMER/pixelmon@9.3.9/com.pixelmonmod.pixelmon.api.pokemon.PokemonBase.getGenderProperties(PokemonBase.java:331) ~[Pixelmon-1.21.1-9.3.9-universal.jar%23138!/:9.3.9-PIPE28826]
	at TRANSFORMER/pixelmon@9.3.9/com.pixelmonmod.pixelmon.api.pokemon.PokemonBase.getPalette(PokemonBase.java:346) ~[Pixelmon-1.21.1-9.3.9-universal.jar%23138!/:9.3.9-PIPE28826]
	at TRANSFORMER/pixelmon@9.3.9/com.pixelmonmod.pixelmon.api.pokemon.Pokemon.getPalette(Pokemon.java:1929) ~[Pixelmon-1.21.1-9.3.9-universal.jar%23138!/:9.3.9-PIPE28826]
	at TRANSFORMER/pixelmon@9.3.9/com.pixelmonmod.pixelmon.api.pokemon.Pokemon.writeToByteBuffer(Pokemon.java:2017) ~[Pixelmon-1.21.1-9.3.9-universal.jar%23138!/:9.3.9-PIPE28826]
	at TRANSFORMER/pixelmon@9.3.9/com.pixelmonmod.pixelmon.battles.raids.RaidData$RaidPlayer.write(RaidData.java:867) ~[Pixelmon-1.21.1-9.3.9-universal.jar%23138!/:9.3.9-PIPE28826]
	at TRANSFORMER/pixelmon@9.3.9/com.pixelmonmod.pixelmon.battles.raids.RaidData.write(RaidData.java:697) ~[Pixelmon-1.21.1-9.3.9-universal.jar%23138!/:9.3.9-PIPE28826]
	at TRANSFORMER/pixelmon@9.3.9/com.pixelmonmod.pixelmon.comm.packetHandlers.raids.OpenRaidPacket.encode(OpenRaidPacket.java:34) ~[Pixelmon-1.21.1-9.3.9-universal.jar%23138!/:9.3.9-PIPE28826]
	at TRANSFORMER/pixelmon@9.3.9/com.pixelmonmod.pixelmon.comm.data.PixelmonPacket.encode(PixelmonPacket.java:23) ~[Pixelmon-1.21.1-9.3.9-universal.jar%23138!/:9.3.9-PIPE28826]
	at TRANSFORMER/pixelmon@9.3.9/com.pixelmonmod.pixelmon.comm.PacketRegistry.encode(PacketRegistry.java:702) ~[Pixelmon-1.21.1-9.3.9-universal.jar%23138!/:9.3.9-PIPE28826]
	at TRANSFORMER/minecraft@1.21.1/net.minecraft.network.codec.StreamCodec$1.encode(StreamCodec.java:25) ~[server-1.21.1-20240808.144430-srg.jar%23130!/:?]
	at TRANSFORMER/minecraft@1.21.1/net.minecraft.network.protocol.common.custom.CustomPacketPayload$1.writeCap(CustomPacketPayload.java:40) ~[server-1.21.1-20240808.144430-srg.jar%23130!/:?]
	at TRANSFORMER/minecraft@1.21.1/net.minecraft.network.protocol.common.custom.CustomPacketPayload$1.encode(CustomPacketPayload.java:47) ~[server-1.21.1-20240808.144430-srg.jar%23130!/:?]
	at TRANSFORMER/minecraft@1.21.1/net.minecraft.network.protocol.common.custom.CustomPacketPayload$1.encode(CustomPacketPayload.java:29) ~[server-1.21.1-20240808.144430-srg.jar%23130!/:?]
	at TRANSFORMER/minecraft@1.21.1/net.minecraft.network.codec.StreamCodec$4.encode(StreamCodec.java:81) ~[server-1.21.1-20240808.144430-srg.jar%23130!/:?]
	at TRANSFORMER/minecraft@1.21.1/net.minecraft.network.codec.StreamCodec$5.encode(StreamCodec.java:97) ~[server-1.21.1-20240808.144430-srg.jar%23130!/:?]
	at TRANSFORMER/minecraft@1.21.1/net.minecraft.network.codec.StreamCodec$5.encode(StreamCodec.java:87) ~[server-1.21.1-20240808.144430-srg.jar%23130!/:?]
	at TRANSFORMER/minecraft@1.21.1/net.minecraft.network.codec.IdDispatchCodec.encode(IdDispatchCodec.java:53) ~[server-1.21.1-20240808.144430-srg.jar%23130!/:?]
	... 39 more
[21Nov2025 11:57:27.939] [Server thread/INFO] [net.minecraft.server.network.ServerGamePacketListenerImpl/]: ___________12345 lost connection: Internal Exception: io.netty.handler.codec.EncoderException: Failed to encode packet 'clientbound/minecraft:custom_payload'
[21Nov2025 11:57:27.939] [Server thread/INFO] [net.minecraft.server.MinecraftServer/]: ___________12345 left the game
[21Nov2025 11:57:27.943] [Server thread/INFO] [voicechat/]: [voicechat] Disconnecting client ___________12345
[21Nov2025 11:57:36.657] [User Authenticator #138/INFO] [net.minecraft.server.network.ServerLoginPacketListenerImpl/]: UUID of player ___________12345 is 97610a1d-b4f7-4884-8782-bc4959586510
[21Nov2025 11:57:39.595] [Server thread/WARN] [net.minecraft.server.network.ServerGamePacketListenerImpl/]: Arceus (vehicle of Dulmin) moved too quickly! 8.980486879393538,4.6683972497455954,-5.349767410749337
[21Nov2025 11:57:39.612] [Server thread/WARN] [net.minecraft.server.network.ServerGamePacketListenerImpl/]: Arceus (vehicle of Dulmin) moved too quickly! 10.068315186364998,5.089924155645832,-6.098048460022255
[21Nov2025 11:57:39.613] [Server thread/WARN] [net.minecraft.server.network.ServerGamePacketListenerImpl/]: Arceus (vehicle of Dulmin) moved too quickly! 11.077851102573732,5.494758603951595,-6.794238691982173
[21Nov2025 11:57:39.614] [Server thread/WARN] [net.minecraft.server.network.ServerGamePacketListenerImpl/]: Arceus (vehicle of Dulmin) moved too quickly! 12.017565862687889,5.883561615671624,-7.443974331719801
[21Nov2025 11:57:39.615] [Server thread/WARN] [net.minecraft.server.network.ServerGamePacketListenerImpl/]: Arceus (vehicle of Dulmin) moved too quickly! 12.895014114002379,6.256968035395062,-8.052281764925283
[21Nov2025 11:57:39.621] [Server thread/WARN] [net.minecraft.server.network.ServerGamePacketListenerImpl/]: Arceus (vehicle of Dulmin) moved too quickly! 14.087476506427038,6.6155875678771565,-8.895112712365517
[21Nov2025 11:57:39.774] [Server thread/WARN] [net.minecraft.server.network.ServerGamePacketListenerImpl/]: Arceus (vehicle of Dulmin) moved too quickly! -8.40838896110131,-3.0612954152720704,5.857478919271671
[21Nov2025 11:57:39.774] [Server thread/WARN] [net.minecraft.server.network.ServerGamePacketListenerImpl/]: Arceus (vehicle of Dulmin) moved too quickly! -8.40838896110131,-3.0612954152720704,5.857478919271671
[21Nov2025 11:57:39.776] [Server thread/WARN] [net.minecraft.server.network.ServerGamePacketListenerImpl/]: Arceus (vehicle of Dulmin) moved too quickly! -8.40838896110131,-3.0612954152720704,5.857478919271671
[21Nov2025 11:57:39.777] [Server thread/WARN] [net.minecraft.server.network.ServerGamePacketListenerImpl/]: Arceus (vehicle of Dulmin) moved too quickly! -8.40838896110131,-3.0612954152720704,5.857478919271671
[21Nov2025 11:57:39.778] [Server thread/WARN] [net.minecraft.server.network.ServerGamePacketListenerImpl/]: Arceus (vehicle of Dulmin) moved too quickly! -8.40838896110131,-3.0612954152720704,5.857478919271671
[21Nov2025 11:57:39.778] [Server thread/WARN] [net.minecraft.server.network.ServerGamePacketListenerImpl/]: Arceus (vehicle of Dulmin) moved too quickly! -8.40838896110131,-3.0612954152720704,5.857478919271671
[21Nov2025 11:57:39.928] [Server thread/WARN] [net.minecraft.server.network.ServerGamePacketListenerImpl/]: Arceus (vehicle of Dulmin) moved too quickly! 8.88191109559034,3.0129478290651264,-6.212851033575134
[21Nov2025 11:57:41.530] [Server thread/INFO] [net.minecraft.server.players.PlayerList/]: ___________12345[/172.19.0.1:41170] logged in with entity id 179984 at (25669.43625762399, 95.0, 7042.668325313737)
[21Nov2025 11:57:41.533] [Server thread/INFO] [net.minecraft.server.MinecraftServer/]: ___________12345 joined the game
[21Nov2025 11:58:11.287] [Server thread/WARN] [net.minecraft.server.MinecraftServer/]: Can't keep up! Is the server overloaded? Running 29816ms or 596 ticks behind
[21Nov2025 11:58:11.330] [Server thread/INFO] [com.b1n_ry.yigd.Yigd/]: Priority overwritten for player ___________12345. Claiming: GRAVE / Robbing: INVENTORY
[21Nov2025 11:58:11.331] [Server thread/WARN] [net.minecraft.server.network.ServerGamePacketListenerImpl/]: Arceus (vehicle of Dulmin) moved too quickly! 8.230398409850523,0.5387014122539711,-5.709366337141546
[21Nov2025 11:58:11.332] [Server thread/WARN] [net.minecraft.server.network.ServerGamePacketListenerImpl/]: Arceus (vehicle of Dulmin) moved too quickly! 9.333245377068124,0.5946041777131654,-6.459541820440791
[21Nov2025 11:58:11.332] [Server thread/WARN] [net.minecraft.server.network.ServerGamePacketListenerImpl/]: Arceus (vehicle of Dulmin) moved too quickly! 10.358264032898433,0.6482931947051327,-7.154328768163396
[21Nov2025 11:58:11.333] [Server thread/WARN] [net.minecraft.server.network.ServerGamePacketListenerImpl/]: Arceus (vehicle of Dulmin) moved too quickly! 11.314027906542833,0.6998561276277542,-7.799473084691272
[21Nov2025 11:58:11.335] [Server thread/WARN] [net.minecraft.server.network.ServerGamePacketListenerImpl/]: Arceus (vehicle of Dulmin) moved too quickly! 12.208132840279859,0.7493771693704616,-8.40017817151238
[21Nov2025 11:58:11.336] [Server thread/WARN] [net.minecraft.server.network.ServerGamePacketListenerImpl/]: Arceus (vehicle of Dulmin) moved too quickly! 13.393602757232884,0.7969371787858108,-9.171656442907988
[21Nov2025 11:58:11.337] [Server thread/WARN] [net.minecraft.server.network.ServerGamePacketListenerImpl/]: Arceus (vehicle of Dulmin) moved too quickly! 14.492559546296206,0.8426138127173033,-9.885026153926447
[21Nov2025 11:58:11.337] [Server thread/WARN] [net.minecraft.server.network.ServerGamePacketListenerImpl/]: Arceus (vehicle of Dulmin) moved too quickly! 15.514363925684165,0.8864816527988921,-10.546574649306422
[21Nov2025 11:58:11.338] [Server thread/WARN] [net.minecraft.server.network.ServerGamePacketListenerImpl/]: Arceus (vehicle of Dulmin) moved too quickly! 16.46736378414039,0.9286123272332247,-11.161908983252943
[21Nov2025 11:58:11.338] [Server thread/WARN] [net.minecraft.server.network.ServerGamePacketListenerImpl/]: Arceus (vehicle of Dulmin) moved too quickly! 17.359156215818984,0.9690746277474602,-11.73577686608769
[21Nov2025 11:58:11.339] [Server thread/WARN] [net.minecraft.server.network.ServerGamePacketListenerImpl/]: Arceus (vehicle of Dulmin) moved too quickly! 18.541010849834038,1.0079346219176557,-12.473936358343053
[21Nov2025 11:58:11.339] [Server thread/WARN] [net.minecraft.server.network.ServerGamePacketListenerImpl/]: Arceus (vehicle of Dulmin) moved too quickly! 19.63714665099519,1.045255761045098,-13.156916587657179
[21Nov2025 11:58:11.340] [Server thread/WARN] [net.minecraft.server.network.ServerGamePacketListenerImpl/]: Arceus (vehicle of Dulmin) moved too quickly! 20.656838394813803,1.0810989837606826,-13.790687948858249
[21Nov2025 11:58:11.340] [Server thread/WARN] [net.minecraft.server.network.ServerGamePacketListenerImpl/]: Arceus (vehicle of Dulmin) moved too quickly! 21.60835732632995,1.115522815526731,-14.380574840215559
[21Nov2025 11:58:11.341] [Server thread/WARN] [net.minecraft.server.network.ServerGamePacketListenerImpl/]: Arceus (vehicle of Dulmin) moved too quickly! 22.49907974208236,1.148583464198282,-14.931325560231926
[21Nov2025 11:58:11.341] [Server thread/WARN] [net.minecraft.server.network.ServerGamePacketListenerImpl/]: Arceus (vehicle of Dulmin) moved too quickly! 23.679513282075504,1.1803349118004292,-15.648595742706675
[21Nov2025 11:58:11.342] [Server thread/WARN] [net.minecraft.server.network.ServerGamePacketListenerImpl/]: Arceus (vehicle of Dulmin) moved too quickly! 24.774381751551118,1.2108290026710051,-16.312946885016572
[21Nov2025 11:58:11.342] [Server thread/WARN] [net.minecraft.server.network.ServerGamePacketListenerImpl/]: Arceus (vehicle of Dulmin) moved too quickly! 25.793042364335633,1.2401155281131082,-16.929934869265708
[21Nov2025 11:58:11.343] [Server thread/WARN] [net.minecraft.server.network.ServerGamePacketListenerImpl/]: Arceus (vehicle of Dulmin) moved too quickly! 26.743340412693215,1.2682423076951466,-17.505361800627725
[21Nov2025 11:58:11.343] [Server thread/WARN] [net.minecraft.server.network.ServerGamePacketListenerImpl/]: Arceus (vehicle of Dulmin) moved too quickly! 27.63231593876344,1.29525526733147,-18.044307985241176
[21Nov2025 11:58:11.344] [Server thread/WARN] [net.minecraft.server.network.ServerGamePacketListenerImpl/]: Arceus (vehicle of Dulmin) moved too quickly! 28.858468332669418,1.3211985142711171,-18.79415446078201
[21Nov2025 11:58:11.344] [Server thread/WARN] [net.minecraft.server.network.ServerGamePacketListenerImpl/]: Arceus (vehicle of Dulmin) moved too quickly! 29.951951069068855,1.3461144091168933,-19.462867566937348
[21Nov2025 11:58:11.344] [Server thread/WARN] [net.minecraft.server.network.ServerGamePacketListenerImpl/]: Arceus (vehicle of Dulmin) moved too quickly! 30.92711900149402,1.3700436349924985,-20.05922593219293
[21Nov2025 11:58:11.345] [Server thread/WARN] [net.minecraft.server.network.ServerGamePacketListenerImpl/]: Arceus (vehicle of Dulmin) moved too quickly! 31.796773788694054,1.3930252639707135,-20.591058337660797
[21Nov2025 11:58:11.345] [Server thread/WARN] [net.minecraft.server.network.ServerGamePacketListenerImpl/]: Arceus (vehicle of Dulmin) moved too quickly! 32.57233195027061,1.4150968208709571,-21.06534649052628
[21Nov2025 11:58:11.346] [Server thread/WARN] [net.minecraft.server.network.ServerGamePacketListenerImpl/]: Arceus (vehicle of Dulmin) moved too quickly! 33.655839033485336,1.4362943445305234,-21.731750499246118
[21Nov2025 11:58:11.346] [Server thread/WARN] [net.minecraft.server.network.ServerGamePacketListenerImpl/]: Arceus (vehicle of Dulmin) moved too quickly! 34.622110678144054,1.4566524466494002,-22.326049611350754
[21Nov2025 11:58:11.347] [Server thread/WARN] [net.minecraft.server.network.ServerGamePacketListenerImpl/]: Arceus (vehicle of Dulmin) moved too quickly! 35.48383175568529,1.4762043683049058,-22.8560455748011
[21Nov2025 11:58:11.347] [Server thread/WARN] [net.minecraft.server.network.ServerGamePacketListenerImpl/]: Arceus (vehicle of Dulmin) moved too quickly! 36.25231463478417,1.4949820342283147,-23.328695988631807
[21Nov2025 11:58:11.348] [Server thread/WARN] [net.minecraft.server.network.ServerGamePacketListenerImpl/]: Arceus (vehicle of Dulmin) moved too quickly! 36.937647686115724,1.5130161049321487,-23.7502056398298
[21Nov2025 11:58:11.348] [Server thread/WARN] [net.minecraft.server.network.ServerGamePacketListenerImpl/]: Arceus (vehicle of Dulmin) moved too quickly! 37.94069201369507,1.530336026773199,-24.369541779415158
[21Nov2025 11:58:11.349] [Server thread/WARN] [net.minecraft.server.network.ServerGamePacketListenerImpl/]: Arceus (vehicle of Dulmin) moved too quickly! 38.83520697081008,1.546970080033077,-24.92186576461245
[21Nov2025 11:58:11.349] [Server thread/WARN] [net.minecraft.server.network.ServerGamePacketListenerImpl/]: Arceus (vehicle of Dulmin) moved too quickly! 39.63293543255554,1.5629454250947958,-25.414428308809875
[21Nov2025 11:58:11.350] [Server thread/WARN] [net.minecraft.server.network.ServerGamePacketListenerImpl/]: Arceus (vehicle of Dulmin) moved too quickly! 40.344349695242954,2.5582881467906873,-25.85369559838
[21Nov2025 11:58:11.350] [Server thread/WARN] [net.minecraft.server.network.ServerGamePacketListenerImpl/]: Arceus (vehicle of Dulmin) moved too quickly! 40.97878895299209,3.5142153153123843,-26.24543417851237
[21Nov2025 11:58:11.351] [Server thread/WARN] [net.minecraft.server.network.ServerGamePacketListenerImpl/]: Arceus (vehicle of Dulmin) moved too quickly! 41.9696466855778,4.432287785828834,-26.750426395854447
[21Nov2025 11:58:11.351] [Server thread/WARN] [net.minecraft.server.network.ServerGamePacketListenerImpl/]: Arceus (vehicle of Dulmin) moved too quickly! 42.85329363696428,5.314004603673453,-27.200778468264616
[21Nov2025 11:58:11.352] [Server thread/WARN] [net.minecraft.server.network.ServerGamePacketListenerImpl/]: Arceus (vehicle of Dulmin) moved too quickly! 43.68880214840692,6.160805452012482,-27.613945947879984
[21Nov2025 11:58:11.352] [Server thread/WARN] [net.minecraft.server.network.ServerGamePacketListenerImpl/]: Arceus (vehicle of Dulmin) moved too quickly! 44.48156055930349,6.974073002585698,-27.993186118124868
[21Nov2025 11:58:11.353] [Server thread/WARN] [net.minecraft.server.network.ServerGamePacketListenerImpl/]: Arceus (vehicle of Dulmin) moved too quickly! 45.23636087132286,7.755135173357843,-28.341405613871757
[21Nov2025 11:58:11.353] [Server thread/WARN] [net.minecraft.server.network.ServerGamePacketListenerImpl/]: Arceus (vehicle of Dulmin) moved too quickly! 46.39588906618383,8.505267296767045,-28.734569427550014
[21Nov2025 11:58:11.354] [Server thread/WARN] [net.minecraft.server.network.ServerGamePacketListenerImpl/]: Arceus (vehicle of Dulmin) moved too quickly! 47.478568210152616,9.225694202110702,-29.090065497184696
[21Nov2025 11:58:11.354] [Server thread/WARN] [net.minecraft.server.network.ServerGamePacketListenerImpl/]: Arceus (vehicle of Dulmin) moved too quickly! 48.49288118491904,9.917592215469,-29.409816873980162
[21Nov2025 11:58:11.355] [Server thread/WARN] [net.minecraft.server.network.ServerGamePacketListenerImpl/]: Arceus (vehicle of Dulmin) moved too quickly! 49.44624074673152,10.582091080431269,-29.69739645333175
[21Nov2025 11:58:11.355] [Server thread/WARN] [net.minecraft.server.network.ServerGamePacketListenerImpl/]: Arceus (vehicle of Dulmin) moved too quickly! 50.34524205330513,11.220275802761847,-29.95628522289917
[21Nov2025 11:58:11.356] [Server thread/WARN] [net.minecraft.server.network.ServerGamePacketListenerImpl/]: Arceus (vehicle of Dulmin) moved too quickly! 51.63299693681506,11.833188422017116,-30.211319401212677
[21Nov2025 11:58:11.356] [Server thread/WARN] [net.minecraft.server.network.ServerGamePacketListenerImpl/]: Arceus (vehicle of Dulmin) moved too quickly! 52.830211999872745,12.421829713006446,-30.441184181298013
[21Nov2025 11:58:11.357] [Server thread/WARN] [net.minecraft.server.network.ServerGamePacketListenerImpl/]: Arceus (vehicle of Dulmin) moved too quickly! 53.946683648724274,12.98716081987547,-30.64860289139324
[21Nov2025 11:58:11.357] [Server thread/WARN] [net.minecraft.server.network.ServerGamePacketListenerImpl/]: Arceus (vehicle of Dulmin) moved too quickly! 54.991148318711566,13.530104825479668,-30.83600419569848
[21Nov2025 11:58:11.358] [Server thread/WARN] [net.minecraft.server.network.ServerGamePacketListenerImpl/]: Arceus (vehicle of Dulmin) moved too quickly! 55.97139716309698,14.051548258610666,-31.00555397700373
[21Nov2025 11:58:11.358] [Server thread/WARN] [net.minecraft.server.network.ServerGamePacketListenerImpl/]: Arceus (vehicle of Dulmin) moved too quickly! 57.331608602915594,14.55234254153649,-31.180915643286426
[21Nov2025 11:58:11.359] [Server thread/WARN] [net.minecraft.server.network.ServerGamePacketListenerImpl/]: Arceus (vehicle of Dulmin) moved too quickly! 58.593440424751634,15.033305380219304,-31.33972847508994
[21Nov2025 11:58:11.359] [Server thread/WARN] [net.minecraft.server.network.ServerGamePacketListenerImpl/]: Arceus (vehicle of Dulmin) moved too quickly! 59.76753730074256,15.495222099480458,-31.483783055882668
[21Nov2025 11:58:11.359] [Server thread/WARN] [net.minecraft.server.network.ServerGamePacketListenerImpl/]: Arceus (vehicle of Dulmin) moved too quickly! 60.863392149773745,15.938846925293035,-31.614676228047756
[21Nov2025 11:58:11.360] [Server thread/WARN] [net.minecraft.server.network.ServerGamePacketListenerImpl/]: Arceus (vehicle of Dulmin) moved too quickly! 61.88947075715123,16.364904216295656,-31.73383205565915
[21Nov2025 11:58:11.360] [Server thread/WARN] [net.minecraft.server.network.ServerGamePacketListenerImpl/]: Arceus (vehicle of Dulmin) moved too quickly! 63.29055318078417,16.774089646538442,-31.864252392741037
[21Nov2025 11:58:11.361] [Server thread/WARN] [net.minecraft.server.network.ServerGamePacketListenerImpl/]: Arceus (vehicle of Dulmin) moved too quickly! 64.58883374703623,17.16707134139213,-31.9829865460124
[21Nov2025 11:58:11.361] [Server thread/WARN] [net.minecraft.server.network.ServerGamePacketListenerImpl/]: Arceus (vehicle of Dulmin) moved too quickly! 65.79543561423407,17.54449096847523,-32.09129896025843
[21Nov2025 11:58:11.362] [Server thread/WARN] [net.minecraft.server.network.ServerGamePacketListenerImpl/]: Arceus (vehicle of Dulmin) moved too quickly! 66.92027841525896,17.90696478538058,-32.190317267377395
[21Nov2025 11:58:11.362] [Server thread/WARN] [net.minecraft.server.network.ServerGamePacketListenerImpl/]: Arceus (vehicle of Dulmin) moved too quickly! 67.9722084789696,18.255084645911836,-32.28104708952014
[21Nov2025 11:58:11.363] [Server thread/WARN] [net.minecraft.server.network.ServerGamePacketListenerImpl/]: Arceus (vehicle of Dulmin) moved too quickly! 69.39634523202471,18.58941896647312,-32.38611711419799
[21Nov2025 11:58:11.363] [Server thread/WARN] [net.minecraft.server.network.ServerGamePacketListenerImpl/]: Arceus (vehicle of Dulmin) moved too quickly! 70.71518564984831,18.910513654189543,-32.482243858212314
[21Nov2025 11:58:11.364] [Server thread/WARN] [net.minecraft.server.network.ServerGamePacketListenerImpl/]: Arceus (vehicle of Dulmin) moved too quickly! 71.940122793206,19.218892998274328,-32.57039498430822
[21Nov2025 11:58:11.364] [Server thread/WARN] [net.minecraft.server.network.ServerGamePacketListenerImpl/]: Arceus (vehicle of Dulmin) moved too quickly! 73.08131699398155,19.515060526097585,-32.65143345413526
[21Nov2025 11:58:11.365] [Server thread/WARN] [net.minecraft.server.network.ServerGamePacketListenerImpl/]: Arceus (vehicle of Dulmin) moved too quickly! 74.14782923640996,19.799499825355014,-32.726128856920695
[21Nov2025 11:58:11.368] [Server thread/WARN] [net.minecraft.server.network.ServerGamePacketListenerImpl/]: Arceus (vehicle of Dulmin) moved too quickly! 75.58497037682037,20.072675333678575,-32.81689938600175
[21Nov2025 11:58:11.369] [Server thread/WARN] [net.minecraft.server.network.ServerGamePacketListenerImpl/]: Arceus (vehicle of Dulmin) moved too quickly! 76.91540810762149,20.33503309697872,-32.90027383947745
[21Nov2025 11:58:11.369] [Server thread/WARN] [net.minecraft.server.network.ServerGamePacketListenerImpl/]: Arceus (vehicle of Dulmin) moved too quickly! 78.1506877349907,20.587001497756177,-32.97705247253907
[21Nov2025 11:58:11.370] [Server thread/WARN] [net.minecraft.server.network.ServerGamePacketListenerImpl/]: Arceus (vehicle of Dulmin) moved too quickly! 79.30110536327356,20.828991954572643,-33.0479489527861
[21Nov2025 11:58:11.371] [Server thread/WARN] [net.minecraft.server.network.ServerGamePacketListenerImpl/]: Arceus (vehicle of Dulmin) moved too quickly! 80.37584305858991,21.061399593822472,-33.11359972900391
[21Nov2025 11:58:11.371] [Server thread/WARN] [net.minecraft.server.network.ServerGamePacketListenerImpl/]: Arceus (vehicle of Dulmin) moved too quickly! 81.82031965809733,21.284603894902176,-33.19630425987998
[21Nov2025 11:58:11.372] [Server thread/WARN] [net.minecraft.server.network.ServerGamePacketListenerImpl/]: Arceus (vehicle of Dulmin) moved too quickly! 83.15729915150973,21.498969309831267,-33.27248545594921
[21Nov2025 11:58:11.372] [Server thread/WARN] [net.minecraft.server.network.ServerGamePacketListenerImpl/]: Dulmin moved wrongly!
[21Nov2025 11:58:11.374] [Server thread/INFO] [voicechat/]: [voicechat] Received secret request of ___________12345 (20)
[21Nov2025 11:58:11.375] [Server thread/INFO] [voicechat/]: [voicechat] Sent secret to ___________12345
[21Nov2025 11:58:11.375] [Server thread/INFO] [net.minecraft.server.MinecraftServer/]: <Dulmin> 아..
[21Nov2025 11:58:12.491] [Server thread/ERROR] [com.pixelmonmod.pixelmon.Pixelmon/]: Invalid NPC preset provided: `pixelmon:trainers/malescientist`
[21Nov2025 11:58:16.232] [Server thread/INFO] [net.minecraft.server.MinecraftServer/]: <___________12345> 휴
[21Nov2025 11:58:42.081] [Server thread/WARN] [net.minecraft.server.network.ServerGamePacketListenerImpl/]: Arceus (vehicle of Dulmin) moved too quickly! 4.702978792091471,10.409425687954752,2.9787504490159336
[21Nov2025 11:58:42.082] [Server thread/WARN] [net.minecraft.server.network.ServerGamePacketListenerImpl/]: Arceus (vehicle of Dulmin) moved too quickly! 5.491503825617201,11.911960697135811,3.364474304813484
[21Nov2025 11:58:42.082] [Server thread/WARN] [net.minecraft.server.network.ServerGamePacketListenerImpl/]: Arceus (vehicle of Dulmin) moved too quickly! 6.194710470781729,13.354995348038713,3.70846284932486
[21Nov2025 11:58:42.083] [Server thread/WARN] [net.minecraft.server.network.ServerGamePacketListenerImpl/]: Arceus (vehicle of Dulmin) moved too quickly! 6.8218301750130195,14.740885853739087,4.015231842160574
[21Nov2025 11:58:42.083] [Server thread/WARN] [net.minecraft.server.network.ServerGamePacketListenerImpl/]: Arceus (vehicle of Dulmin) moved too quickly! 7.8611777909382,16.071895121318818,4.344612717621203
[21Nov2025 11:58:42.084] [Server thread/WARN] [net.minecraft.server.network.ServerGamePacketListenerImpl/]: Arceus (vehicle of Dulmin) moved too quickly! 8.788068021533036,17.350196446781638,4.638354590824747
[21Nov2025 11:58:42.084] [Server thread/WARN] [net.minecraft.server.network.ServerGamePacketListenerImpl/]: Arceus (vehicle of Dulmin) moved too quickly! 9.614668752999933,18.57787706365015,4.900313600897789
[21Nov2025 11:58:42.085] [Server thread/WARN] [net.minecraft.server.network.ServerGamePacketListenerImpl/]: Arceus (vehicle of Dulmin) moved too quickly! 10.351831306566964,19.756941551038494,5.133928652809118
[21Nov2025 11:58:42.113] [Server thread/WARN] [net.minecraft.server.network.ServerGamePacketListenerImpl/]: Arceus (vehicle of Dulmin) moved too quickly! 11.009232890784233,20.889315106765352,5.3422665621110355
[21Nov2025 11:58:42.164] [Server thread/WARN] [net.minecraft.server.network.ServerGamePacketListenerImpl/]: Arceus (vehicle of Dulmin) moved too quickly! 8.256801994824627,13.131909736692947,3.0376389587763697
[21Nov2025 11:58:42.214] [Server thread/WARN] [net.minecraft.server.network.ServerGamePacketListenerImpl/]: Arceus (vehicle of Dulmin) moved too quickly! 9.207775625201293,14.176375090377704,3.2530978740905994
[21Nov2025 11:58:42.264] [Server thread/WARN] [net.minecraft.server.network.ServerGamePacketListenerImpl/]: Arceus (vehicle of Dulmin) moved too quickly! 10.055853933212802,15.17947963557971,3.445244140304567
[21Nov2025 11:58:42.316] [Server thread/WARN] [net.minecraft.server.network.ServerGamePacketListenerImpl/]: Arceus (vehicle of Dulmin) moved too quickly! 10.81217019009432,16.14286125954176,3.6166001854508067
[21Nov2025 11:58:42.366] [Server thread/WARN] [net.minecraft.server.network.ServerGamePacketListenerImpl/]: Arceus (vehicle of Dulmin) moved too quickly! 11.486653047419622,17.06809298920247,3.7694155109202256
[21Nov2025 11:58:42.416] [Server thread/WARN] [net.minecraft.server.network.ServerGamePacketListenerImpl/]: Arceus (vehicle of Dulmin) moved too quickly! 12.569336050356924,17.956685559663057,3.9665432806650642
[21Nov2025 11:58:43.163] [Worker-Main-46/ERROR] [net.minecraft.world.entity.decoration.BlockAttachedEntity/]: Block-attached entity at invalid position: BlockPos{x=605, y=21, z=-676}
[21Nov2025 11:58:45.017] [Worker-Main-45/ERROR] [net.minecraft.world.entity.decoration.BlockAttachedEntity/]: Block-attached entity at invalid position: BlockPos{x=605, y=21, z=-676}
[21Nov2025 11:58:57.124] [Worker-Main-47/ERROR] [net.minecraft.world.entity.decoration.BlockAttachedEntity/]: Block-attached entity at invalid position: BlockPos{x=605, y=21, z=-676}
[21Nov2025 11:59:03.280] [Server thread/INFO] [net.minecraft.server.MinecraftServer/]: [___________12345: Teleported ___________12345 to lame1202]
[21Nov2025 11:59:03.572] [Worker-Main-46/ERROR] [net.minecraft.world.entity.decoration.BlockAttachedEntity/]: Block-attached entity at invalid position: BlockPos{x=605, y=21, z=-676}
[21Nov2025 11:59:14.778] [Server thread/ERROR] [com.pixelmonmod.pixelmon.Pixelmon/]: Invalid NPC preset provided: `pixelmon:old_fisherman`
[21Nov2025 11:59:26.493] [Server thread/INFO] [net.minecraft.server.MinecraftServer/]: [tydf62: Teleported tydf62 to -24443.500000, 81.500000, 32292.500000]
[21Nov2025 11:59:30.159] [Server thread/INFO] [net.minecraft.server.MinecraftServer/]: [tydf62: Teleported tydf62 to -24506.500000, 63.500000, 34065.500000]
[21Nov2025 11:59:35.690] [Server thread/INFO] [net.minecraft.server.MinecraftServer/]: [tydf62: Teleported tydf62 to -24458.500000, 108.500000, 35915.500000]
[21Nov2025 11:59:36.667] [Server thread/INFO] [net.minecraft.server.MinecraftServer/]: [Pixelmon] Articuno has appeared in a den in a Snowy Plains biome!
[21Nov2025 11:59:36.668] [Server thread/INFO] [net.minecraft.server.MinecraftServer/]: Spawned Articuno at: minecraft:overworld x:-24459, y:108, z:35916
[21Nov2025 11:59:45.160] [Server thread/INFO] [net.minecraft.server.MinecraftServer/]: <Dulmin> ㄴㄱ?
[21Nov2025 11:59:47.678] [Server thread/INFO] [net.minecraft.server.MinecraftServer/]: [Dulmin: Teleported Dulmin to lame1202]
[21Nov2025 11:59:48.677] [Server thread/INFO] [net.minecraft.server.MinecraftServer/]: [___________12345: Teleported ___________12345 to 11817.500000, 71.500000, -12104.500000]
[21Nov2025 11:59:48.715] [Server thread/INFO] [net.minecraft.server.MinecraftServer/]: <tydf62> 나
[21Nov2025 11:59:54.795] [Server thread/INFO] [net.minecraft.server.MinecraftServer/]: [___________12345: Teleported ___________12345 to tydf62]
[21Nov2025 11:59:58.410] [Server thread/INFO] [net.minecraft.server.MinecraftServer/]: [Dulmin: Teleported Dulmin to tydf62]
[21Nov2025 11:59:58.923] [Server thread/INFO] [net.minecraft.server.MinecraftServer/]: [___________12345: Teleported ___________12345 to tydf62]
[21Nov2025 12:00:04.298] [Server thread/INFO] [net.minecraft.server.MinecraftServer/]: [Dulmin: Teleported Dulmin to tydf62]
[21Nov2025 12:00:05.332] [Server thread/INFO] [net.minecraft.server.MinecraftServer/]: [tydf62: Teleported tydf62 to Dulmin]
[21Nov2025 12:00:08.813] [Server thread/INFO] [net.minecraft.server.MinecraftServer/]: [tydf62: Teleported tydf62 to ___________12345]
[21Nov2025 12:00:21.424] [Server thread/INFO] [net.minecraft.server.MinecraftServer/]: [Dulmin: Teleported Dulmin to tydf62]
[21Nov2025 12:01:34.097] [Server thread/INFO] [net.minecraft.server.MinecraftServer/]: [tydf62: Teleported tydf62 to -24394.500000, 109.500000, 36603.500000]
[21Nov2025 12:01:42.542] [Server thread/INFO] [net.minecraft.server.MinecraftServer/]: [___________12345: Teleported ___________12345 to -24426.500000, 92.500000, 38284.500000]
[21Nov2025 12:02:17.902] [Server thread/INFO] [net.minecraft.server.MinecraftServer/]: [lame1202: Teleported lame1202 to 25668.500000, 95.000000, 7043.500000]
[21Nov2025 12:02:19.512] [Server thread/INFO] [net.minecraft.server.MinecraftServer/]: [tydf62: Teleported tydf62 to -24427.500000, 92.500000, 38285.500000]
[21Nov2025 12:02:20.078] [Server thread/ERROR] [com.pixelmonmod.pixelmon.Pixelmon/]: Invalid NPC preset provided: `pixelmon:trainers/femalescientist`
[21Nov2025 12:02:22.639] [Server thread/INFO] [net.minecraft.server.MinecraftServer/]: [lame1202: Teleported lame1202 to 32379.500000, 78.000000, -24315.500000]
[21Nov2025 12:02:23.327] [Server thread/INFO] [net.minecraft.server.MinecraftServer/]: <___________12345> ㄴㄴㄴ
[21Nov2025 12:02:26.637] [Server thread/INFO] [net.minecraft.server.MinecraftServer/]: [lame1202: Teleported lame1202 to 6884.500000, 67.000000, -12524.500000]
[21Nov2025 12:02:26.651] [Server thread/WARN] [net.minecraft.server.network.ServerGamePacketListenerImpl/]: lame1202 moved too quickly! -25495.0,-11.0,11791.0
[21Nov2025 12:02:26.730] [Server thread/INFO] [net.minecraft.server.MinecraftServer/]: <___________12345> 드래곤
[21Nov2025 12:02:29.357] [Server thread/INFO] [net.minecraft.server.MinecraftServer/]: [tydf62: Teleported tydf62 to -24403.500000, 73.500000, 40732.500000]
[21Nov2025 12:02:30.603] [Server thread/INFO] [net.minecraft.server.MinecraftServer/]: [lame1202: Teleported lame1202 to -26923.500000, 70.000000, 18043.500000]
[21Nov2025 12:02:32.241] [Server thread/INFO] [net.minecraft.server.MinecraftServer/]: <Dulmin> 뭔데
[21Nov2025 12:02:33.874] [Server thread/INFO] [net.minecraft.server.MinecraftServer/]: <___________12345> 걸러야돼요
[21Nov2025 12:02:34.530] [Server thread/INFO] [net.minecraft.server.MinecraftServer/]: [lame1202: Teleported lame1202 to -26162.500000, 97.000000, -5659.500000]
[21Nov2025 12:02:36.207] [Server thread/INFO] [net.minecraft.server.MinecraftServer/]: [tydf62: Teleported tydf62 to -24411.500000, 47.500000, 41779.500000]
[21Nov2025 12:02:38.496] [Server thread/INFO] [net.minecraft.server.MinecraftServer/]: [lame1202: Teleported lame1202 to 13709.500000, 70.000000, -10779.500000]
[21Nov2025 12:02:39.884] [Server thread/INFO] [net.minecraft.server.MinecraftServer/]: [Dulmin: Teleported Dulmin to tydf62]
[21Nov2025 12:02:40.475] [Server thread/INFO] [net.minecraft.server.MinecraftServer/]: [tydf62: Teleported tydf62 to -24485.500000, 63.500000, 45229.500000]
[21Nov2025 12:02:41.293] [Server thread/INFO] [net.minecraft.server.MinecraftServer/]: [lame1202: Teleported lame1202 to -6667.500000, 88.000000, -32083.500000]
[21Nov2025 12:02:44.253] [Server thread/INFO] [net.minecraft.server.MinecraftServer/]: [Dulmin: Teleported Dulmin to lame1202]
[21Nov2025 12:02:44.333] [Server thread/INFO] [net.minecraft.server.MinecraftServer/]: [lame1202: Teleported lame1202 to -38876.500000, 74.000000, 2588.500000]
[21Nov2025 12:02:45.983] [Server thread/INFO] [net.minecraft.server.MinecraftServer/]: <___________12345> 견고랏
[21Nov2025 12:02:47.169] [Server thread/INFO] [net.minecraft.server.MinecraftServer/]: [lame1202: Teleported lame1202 to 403676.500000, 80.000000, 7732.500000]
[21Nov2025 12:02:50.723] [Server thread/INFO] [net.minecraft.server.MinecraftServer/]: [___________12345: Teleported ___________12345 to lame1202]
[21Nov2025 12:02:50.755] [Server thread/WARN] [net.minecraft.server.network.ServerGamePacketListenerImpl/]: ___________12345 moved too quickly! 428101.3432425099,-12.0,-30549.89186936865
[21Nov2025 12:02:51.106] [Server thread/INFO] [net.minecraft.server.MinecraftServer/]: [lame1202: Teleported lame1202 to 35867.500000, 94.000000, -24484.500000]
[21Nov2025 12:03:14.380] [Server thread/INFO] [net.minecraft.server.MinecraftServer/]: [tydf62: Teleported tydf62 to -24406.500000, 68.500000, 47699.500000]
[21Nov2025 12:03:14.393] [Server thread/WARN] [net.minecraft.server.network.ServerGamePacketListenerImpl/]: tydf62 moved too quickly! 79.0,16.5,2470.481243715316
[21Nov2025 12:03:25.660] [Server thread/INFO] [net.minecraft.server.MinecraftServer/]: [tydf62: Teleported tydf62 to -24401.500000, 121.500000, 48636.500000]
[21Nov2025 12:03:32.945] [Server thread/WARN] [net.minecraft.server.MinecraftServer/]: Can't keep up! Is the server overloaded? Running 2840ms or 56 ticks behind
[21Nov2025 12:03:34.558] [Server thread/WARN] [net.minecraft.world.level.chunk.LevelChunk/]: Tried to load a block entity for block Block{pixelmon:orange_chair}[facing=west] but failed at location BlockPos{x=-6676, y=78, z=-32033}
[21Nov2025 12:03:34.822] [Server thread/WARN] [net.minecraft.world.level.chunk.LevelChunk/]: Tried to load a block entity for block Block{pixelmon:orange_chair}[facing=east] but failed at location BlockPos{x=-6675, y=72, z=-31970}
[21Nov2025 12:03:36.627] [Server thread/WARN] [net.minecraft.world.level.chunk.LevelChunk/]: Tried to load a block entity for block Block{pixelmon:orange_chair}[facing=east] but failed at location BlockPos{x=-6625, y=68, z=-32078}
[21Nov2025 12:03:37.682] [Server thread/WARN] [net.minecraft.world.level.chunk.LevelChunk/]: Tried to load a block entity for block Block{pixelmon:orange_chair}[facing=south] but failed at location BlockPos{x=-6745, y=35, z=-32083}
[21Nov2025 12:03:38.677] [Server thread/WARN] [net.minecraft.world.level.chunk.LevelChunk/]: Tried to load a block entity for block Block{pixelmon:orange_chair}[facing=north] but failed at location BlockPos{x=-6767, y=35, z=-32073}
[21Nov2025 12:03:39.643] [Server thread/WARN] [net.minecraft.world.level.chunk.LevelChunk/]: Tried to load a block entity for block Block{pixelmon:orange_chair}[facing=south] but failed at location BlockPos{x=-6777, y=50, z=-31993}
[21Nov2025 12:03:40.217] [Server thread/WARN] [net.minecraft.world.level.chunk.LevelChunk/]: Tried to load a block entity for block Block{pixelmon:orange_chair}[facing=north] but failed at location BlockPos{x=-6781, y=58, z=-31922}
[21Nov2025 12:03:41.674] [Server thread/WARN] [net.minecraft.world.level.chunk.LevelChunk/]: Tried to load a block entity for block Block{pixelmon:orange_chair}[facing=south] but failed at location BlockPos{x=-6713, y=65, z=-31898}
[21Nov2025 12:03:41.969] [Server thread/WARN] [net.minecraft.world.level.chunk.LevelChunk/]: Tried to load a block entity for block Block{pixelmon:orange_chair}[facing=east] but failed at location BlockPos{x=-6803, y=52, z=-32072}
[21Nov2025 12:03:42.120] [Worker-Main-47/ERROR] [net.minecraft.world.item.ItemStack/]: Tried to load invalid item: 'Unknown registry key in ResourceKey[minecraft:root / minecraft:item]: pixelmon:beast_ball'
[21Nov2025 12:03:43.239] [Server thread/WARN] [net.minecraft.world.level.chunk.LevelChunk/]: Tried to load a block entity for block Block{pixelmon:orange_chair}[facing=west] but failed at location BlockPos{x=-6711, y=47, z=-31864}
[21Nov2025 12:03:43.253] [Server thread/WARN] [net.minecraft.world.level.chunk.LevelChunk/]: Tried to load a block entity for block Block{pixelmon:orange_chair}[facing=east] but failed at location BlockPos{x=-6533, y=55, z=-31889}
[21Nov2025 12:03:43.722] [Server thread/WARN] [net.minecraft.world.level.chunk.LevelChunk/]: Tried to load a block entity for block Block{pixelmon:orange_chair}[facing=west] but failed at location BlockPos{x=-6622, y=28, z=-32160}
[21Nov2025 12:03:48.021] [Worker-Main-45/ERROR] [net.minecraft.world.item.ItemStack/]: Tried to load invalid item: 'Unknown registry key in ResourceKey[minecraft:root / minecraft:item]: pixelmon:beast_ball'
[21Nov2025 12:03:50.626] [Worker-Main-45/ERROR] [net.minecraft.world.item.ItemStack/]: Tried to load invalid item: 'Unknown registry key in ResourceKey[minecraft:root / minecraft:item]: pixelmon:beast_ball'
[21Nov2025 12:03:51.275] [Server thread/WARN] [net.minecraft.world.level.chunk.LevelChunk/]: Tried to load a block entity for block Block{pixelmon:orange_chair}[facing=west] but failed at location BlockPos{x=-6838, y=53, z=-32194}
[21Nov2025 12:03:52.526] [Worker-Main-46/ERROR] [net.minecraft.world.item.ItemStack/]: Tried to load invalid item: 'Unknown registry key in ResourceKey[minecraft:root / minecraft:item]: pixelmon:beast_ball'
[21Nov2025 12:03:52.674] [Server thread/WARN] [net.minecraft.world.level.chunk.LevelChunk/]: Tried to load a block entity for block Block{pixelmon:orange_chair}[facing=west] but failed at location BlockPos{x=-6871, y=52, z=-32120}
[21Nov2025 12:03:53.083] [Server thread/WARN] [net.minecraft.world.level.chunk.LevelChunk/]: Tried to load a block entity for block Block{pixelmon:orange_chair}[facing=south] but failed at location BlockPos{x=-6889, y=40, z=-31976}
[21Nov2025 12:03:53.174] [Server thread/WARN] [net.minecraft.world.level.chunk.LevelChunk/]: Tried to load a block entity for block Block{pixelmon:orange_chair}[facing=east] but failed at location BlockPos{x=-6883, y=56, z=-32056}
[21Nov2025 12:04:03.476] [Server thread/WARN] [net.minecraft.world.level.chunk.LevelChunk/]: Tried to load a block entity for block Block{pixelmon:orange_chair}[facing=east] but failed at location BlockPos{x=-6548, y=41, z=-32243}
[21Nov2025 12:04:03.616] [Server thread/WARN] [net.minecraft.world.level.chunk.LevelChunk/]: Tried to load a block entity for block Block{pixelmon:orange_chair}[facing=east] but failed at location BlockPos{x=-6883, y=35, z=-32247}
[21Nov2025 12:04:08.576] [Server thread/INFO] [net.minecraft.server.MinecraftServer/]: [tydf62: Teleported tydf62 to -24434.500000, 63.500000, 57849.500000]
[21Nov2025 12:04:08.594] [Server thread/WARN] [net.minecraft.server.network.ServerGamePacketListenerImpl/]: tydf62 moved too quickly! -32.194774516650796,-58.0,9212.550172860269
[21Nov2025 12:04:29.265] [Server thread/INFO] [net.minecraft.server.MinecraftServer/]: <___________12345> 다이맥스
[21Nov2025 12:04:31.025] [Server thread/INFO] [net.minecraft.server.MinecraftServer/]: <___________12345> 어캐해요?
[21Nov2025 12:04:34.225] [Server thread/WARN] [net.minecraft.world.level.chunk.LevelChunk/]: Tried to load a block entity for block Block{pixelmon:orange_chair}[facing=south] but failed at location BlockPos{x=-6909, y=13, z=-32216}
[21Nov2025 12:04:34.268] [Server thread/WARN] [net.minecraft.world.level.chunk.LevelChunk/]: Tried to load a block entity for block Block{pixelmon:orange_chair}[facing=north] but failed at location BlockPos{x=-6903, y=47, z=-32144}
[21Nov2025 12:04:35.459] [Server thread/INFO] [net.minecraft.world.entity.LivingEntity/]: Named entity NPC['Albert'/183374, l='ServerLevel[world]', x=-24463.50, y=49.00, z=57835.50] died: Albert drowned
[21Nov2025 12:04:35.460] [Server thread/INFO] [net.minecraft.world.entity.LivingEntity/]: Named entity NPC['Carlos'/183375, l='ServerLevel[world]', x=-24460.50, y=48.49, z=57830.50] died: Carlos drowned
[21Nov2025 12:04:41.005] [Worker-Main-46/ERROR] [net.minecraft.world.item.ItemStack/]: Tried to load invalid item: 'Unknown registry key in ResourceKey[minecraft:root / minecraft:item]: pixelmon:beast_ball'
[21Nov2025 12:04:43.791] [Worker-Main-47/ERROR] [net.minecraft.world.item.ItemStack/]: Tried to load invalid item: 'Unknown registry key in ResourceKey[minecraft:root / minecraft:item]: pixelmon:beast_ball'
[21Nov2025 12:04:48.514] [Server thread/WARN] [net.minecraft.world.level.chunk.LevelChunk/]: Tried to load a block entity for block Block{pixelmon:orange_chair}[facing=east] but failed at location BlockPos{x=-6969, y=49, z=-32093}
[21Nov2025 12:04:51.610] [Server thread/INFO] [net.minecraft.world.entity.LivingEntity/]: Named entity NPC['Martin'/183461, l='ServerLevel[world]', x=-24441.24, y=49.00, z=57843.49] died: Martin drowned
[21Nov2025 12:04:51.611] [Server thread/INFO] [net.minecraft.world.entity.LivingEntity/]: Named entity NPC['Sophie'/183462, l='ServerLevel[world]', x=-24443.68, y=49.00, z=57837.32] died: Sophie drowned
[21Nov2025 12:04:51.611] [Server thread/INFO] [net.minecraft.world.entity.LivingEntity/]: Named entity NPC['Martin'/183463, l='ServerLevel[world]', x=-24441.50, y=49.00, z=57836.50] died: Martin drowned
[21Nov2025 12:04:55.223] [Server thread/WARN] [net.minecraft.world.level.chunk.LevelChunk/]: Tried to load a block entity for block Block{pixelmon:orange_chair}[facing=west] but failed at location BlockPos{x=-6994, y=48, z=-32210}
[21Nov2025 12:04:55.225] [Server thread/WARN] [net.minecraft.world.level.chunk.LevelChunk/]: Tried to load a block entity for block Block{pixelmon:orange_chair}[facing=east] but failed at location BlockPos{x=-7004, y=48, z=-32239}
[21Nov2025 12:05:04.205] [Worker-Main-46/ERROR] [net.minecraft.world.item.ItemStack/]: Tried to load invalid item: 'Unknown registry key in ResourceKey[minecraft:root / minecraft:item]: pixelmon:beast_ball'
[21Nov2025 12:05:07.521] [Server thread/INFO] [net.minecraft.server.MinecraftServer/]: [tydf62: Teleported tydf62 to -24501.500000, 63.500000, 58765.500000]
[21Nov2025 12:05:07.544] [Server thread/WARN] [net.minecraft.server.network.ServerGamePacketListenerImpl/]: tydf62 moved too quickly! -61.6661944662701,13.5,928.7190650355187
[21Nov2025 12:05:16.557] [Worker-Main-45/ERROR] [net.minecraft.world.item.ItemStack/]: Tried to load invalid item: 'Unknown registry key in ResourceKey[minecraft:root / minecraft:item]: pixelmon:beast_ball'
[21Nov2025 12:05:16.905] [Worker-Main-45/ERROR] [net.minecraft.world.item.ItemStack/]: Tried to load invalid item: 'Unknown registry key in ResourceKey[minecraft:root / minecraft:item]: pixelmon:beast_ball'
[21Nov2025 12:05:21.703] [Worker-Main-45/ERROR] [net.minecraft.world.item.ItemStack/]: Tried to load invalid item: 'Unknown registry key in ResourceKey[minecraft:root / minecraft:item]: pixelmon:beast_ball'
[21Nov2025 12:05:30.383] [Worker-Main-47/ERROR] [net.minecraft.world.item.ItemStack/]: Tried to load invalid item: 'Unknown registry key in ResourceKey[minecraft:root / minecraft:item]: pixelmon:beast_ball'
[21Nov2025 12:05:31.374] [Worker-Main-47/ERROR] [net.minecraft.world.item.ItemStack/]: Tried to load invalid item: 'Unknown registry key in ResourceKey[minecraft:root / minecraft:item]: pixelmon:beast_ball'
[21Nov2025 12:05:35.552] [Worker-Main-47/ERROR] [net.minecraft.world.item.ItemStack/]: Tried to load invalid item: 'Unknown registry key in ResourceKey[minecraft:root / minecraft:item]: pixelmon:beast_ball'
[21Nov2025 12:05:35.759] [Worker-Main-46/ERROR] [net.minecraft.world.item.ItemStack/]: Tried to load invalid item: 'Unknown registry key in ResourceKey[minecraft:root / minecraft:item]: pixelmon:beast_ball'
[21Nov2025 12:05:46.149] [Server thread/INFO] [net.minecraft.server.MinecraftServer/]: [tydf62: Teleported tydf62 to -24420.500000, 64.500000, 59548.500000]
[21Nov2025 12:05:46.601] [Worker-Main-45/ERROR] [net.minecraft.world.item.ItemStack/]: Tried to load invalid item: 'Unknown registry key in ResourceKey[minecraft:root / minecraft:item]: pixelmon:beast_ball'
[21Nov2025 12:05:50.880] [Worker-Main-46/ERROR] [net.minecraft.world.item.ItemStack/]: Tried to load invalid item: 'Unknown registry key in ResourceKey[minecraft:root / minecraft:item]: pixelmon:beast_ball'
[21Nov2025 12:05:52.451] [Worker-Main-47/ERROR] [net.minecraft.world.item.ItemStack/]: Tried to load invalid item: 'Unknown registry key in ResourceKey[minecraft:root / minecraft:item]: pixelmon:beast_ball'
[21Nov2025 12:05:54.483] [Worker-Main-46/ERROR] [net.minecraft.world.item.ItemStack/]: Tried to load invalid item: 'Unknown registry key in ResourceKey[minecraft:root / minecraft:item]: pixelmon:beast_ball'
[21Nov2025 12:05:55.359] [Worker-Main-45/ERROR] [net.minecraft.world.item.ItemStack/]: Tried to load invalid item: 'Unknown registry key in ResourceKey[minecraft:root / minecraft:item]: pixelmon:beast_ball'
[21Nov2025 12:06:08.353] [Worker-Main-47/ERROR] [net.minecraft.world.item.ItemStack/]: Tried to load invalid item: 'Unknown registry key in ResourceKey[minecraft:root / minecraft:item]: pixelmon:beast_ball'
[21Nov2025 12:06:08.762] [Worker-Main-47/ERROR] [net.minecraft.world.item.ItemStack/]: Tried to load invalid item: 'Unknown registry key in ResourceKey[minecraft:root / minecraft:item]: pixelmon:beast_ball'
[21Nov2025 12:06:09.145] [Worker-Main-46/ERROR] [net.minecraft.world.item.ItemStack/]: Tried to load invalid item: 'Unknown registry key in ResourceKey[minecraft:root / minecraft:item]: pixelmon:beast_ball'
[21Nov2025 12:06:11.082] [Worker-Main-47/ERROR] [net.minecraft.world.item.ItemStack/]: Tried to load invalid item: 'Unknown registry key in ResourceKey[minecraft:root / minecraft:item]: pixelmon:beast_ball'
[21Nov2025 12:06:11.572] [Worker-Main-46/ERROR] [net.minecraft.world.item.ItemStack/]: Tried to load invalid item: 'Unknown registry key in ResourceKey[minecraft:root / minecraft:item]: pixelmon:beast_ball'
[21Nov2025 12:06:11.594] [Worker-Main-46/ERROR] [net.minecraft.world.item.ItemStack/]: Tried to load invalid item: 'Unknown registry key in ResourceKey[minecraft:root / minecraft:item]: pixelmon:beast_ball'
[21Nov2025 12:06:12.142] [Worker-Main-46/ERROR] [net.minecraft.world.item.ItemStack/]: Tried to load invalid item: 'Unknown registry key in ResourceKey[minecraft:root / minecraft:item]: pixelmon:beast_ball'
[21Nov2025 12:06:14.660] [Server thread/INFO] [net.minecraft.world.entity.LivingEntity/]: Named entity NPC['Glen'/185232, l='ServerLevel[world]', x=-24349.50, y=48.49, z=59597.50] died: Glen drowned
[21Nov2025 12:06:16.078] [Server thread/INFO] [net.minecraft.world.entity.LivingEntity/]: Named entity NPC['Byron'/185264, l='ServerLevel[world]', x=-24425.50, y=52.00, z=59540.50] died: Byron drowned
[21Nov2025 12:06:37.532] [Server thread/INFO] [net.minecraft.server.MinecraftServer/]: [tydf62: Teleported tydf62 to -24385.500000, 63.500000, 62026.500000]
[21Nov2025 12:06:41.555] [Server thread/INFO] [net.minecraft.server.MinecraftServer/]: [tydf62: Teleported tydf62 to -24341.500000, 63.500000, 62759.500000]
[21Nov2025 12:06:45.390] [Worker-Main-45/ERROR] [net.minecraft.world.item.ItemStack/]: Tried to load invalid item: 'Unknown registry key in ResourceKey[minecraft:root / minecraft:item]: pixelmon:beast_ball'
[21Nov2025 12:06:46.761] [Server thread/ERROR] [com.pixelmonmod.pixelmon.Pixelmon/]: Invalid NPC preset provided: `pixelmon:trainers/maleskullgrunt`
[21Nov2025 12:06:47.861] [Server thread/INFO] [net.minecraft.server.MinecraftServer/]: [tydf62: Teleported tydf62 to -24369.500000, 63.500000, 64570.500000]
[21Nov2025 12:06:50.740] [Worker-Main-46/ERROR] [net.minecraft.world.item.ItemStack/]: Tried to load invalid item: 'Unknown registry key in ResourceKey[minecraft:root / minecraft:item]: pixelmon:beast_ball'
[21Nov2025 12:06:51.216] [Worker-Main-45/ERROR] [net.minecraft.world.item.ItemStack/]: Tried to load invalid item: 'Unknown registry key in ResourceKey[minecraft:root / minecraft:item]: pixelmon:beast_ball'
[21Nov2025 12:06:54.850] [Server thread/INFO] [net.minecraft.server.MinecraftServer/]: [tydf62: Teleported tydf62 to 1783.500000, 123.500000, 43444.500000]
[21Nov2025 12:06:56.820] [Worker-Main-47/ERROR] [net.minecraft.world.item.ItemStack/]: Tried to load invalid item: 'Unknown registry key in ResourceKey[minecraft:root / minecraft:item]: pixelmon:beast_ball'
[21Nov2025 12:06:58.145] [Worker-Main-45/ERROR] [net.minecraft.world.item.ItemStack/]: Tried to load invalid item: 'Unknown registry key in ResourceKey[minecraft:root / minecraft:item]: pixelmon:beast_ball'
[21Nov2025 12:06:58.229] [Worker-Main-46/ERROR] [net.minecraft.world.item.ItemStack/]: Tried to load invalid item: 'Unknown registry key in ResourceKey[minecraft:root / minecraft:item]: pixelmon:beast_ball'
[21Nov2025 12:06:59.244] [Worker-Main-47/ERROR] [net.minecraft.world.item.ItemStack/]: Tried to load invalid item: 'Unknown registry key in ResourceKey[minecraft:root / minecraft:item]: pixelmon:beast_ball'
[21Nov2025 12:06:59.326] [Server thread/WARN] [net.minecraft.world.level.chunk.LevelChunk/]: Tried to load a block entity for block Block{pixelmon:orange_chair}[facing=west] but failed at location BlockPos{x=-7045, y=43, z=-32280}
[21Nov2025 12:07:00.776] [Server thread/INFO] [net.minecraft.server.MinecraftServer/]: [tydf62: Teleported tydf62 to -9067.500000, 77.500000, 37341.500000]
[21Nov2025 12:07:03.432] [Worker-Main-47/ERROR] [net.minecraft.world.item.ItemStack/]: Tried to load invalid item: 'Unknown registry key in ResourceKey[minecraft:root / minecraft:item]: pixelmon:beast_ball'
[21Nov2025 12:07:03.530] [Worker-Main-47/ERROR] [net.minecraft.world.item.ItemStack/]: Tried to load invalid item: 'Unknown registry key in ResourceKey[minecraft:root / minecraft:item]: pixelmon:beast_ball'
[21Nov2025 12:07:04.510] [Worker-Main-46/ERROR] [net.minecraft.world.item.ItemStack/]: Tried to load invalid item: 'Unknown registry key in ResourceKey[minecraft:root / minecraft:item]: pixelmon:beast_ball'
[21Nov2025 12:07:08.976] [Server thread/INFO] [net.minecraft.server.MinecraftServer/]: [tydf62: Teleported tydf62 to -21026.500000, 105.500000, 23907.500000]
[21Nov2025 12:07:13.441] [Server thread/INFO] [net.minecraft.server.MinecraftServer/]: [tydf62: Teleported tydf62 to -24435.500000, 74.500000, 16220.500000]
[21Nov2025 12:07:21.124] [Server thread/WARN] [net.minecraft.world.level.chunk.LevelChunk/]: Tried to load a block entity for block Block{pixelmon:orange_chair}[facing=west] but failed at location BlockPos{x=-7039, y=43, z=-32315}
[21Nov2025 12:07:21.921] [Worker-Main-45/ERROR] [net.minecraft.world.item.ItemStack/]: Tried to load invalid item: 'Unknown registry key in ResourceKey[minecraft:root / minecraft:item]: pixelmon:beast_ball'
[21Nov2025 12:07:22.254] [Worker-Main-45/ERROR] [net.minecraft.world.item.ItemStack/]: Tried to load invalid item: 'Unknown registry key in ResourceKey[minecraft:root / minecraft:item]: pixelmon:beast_ball'
[21Nov2025 12:08:17.505] [Server thread/INFO] [net.minecraft.server.network.ServerGamePacketListenerImpl/]: tydf62 lost connection: Disconnected
[21Nov2025 12:08:17.506] [Server thread/INFO] [net.minecraft.server.MinecraftServer/]: tydf62 left the game
[21Nov2025 12:08:17.506] [Server thread/INFO] [voicechat/]: [voicechat] Disconnecting client tydf62
[21Nov2025 12:09:04.717] [Worker-Main-47/ERROR] [net.minecraft.world.item.ItemStack/]: Tried to load invalid item: 'Unknown registry key in ResourceKey[minecraft:root / minecraft:item]: pixelmon:beast_ball'
[21Nov2025 12:09:04.964] [Worker-Main-45/ERROR] [net.minecraft.world.item.ItemStack/]: Tried to load invalid item: 'Unknown registry key in ResourceKey[minecraft:root / minecraft:item]: pixelmon:beast_ball'
[21Nov2025 12:09:06.549] [Server thread/INFO] [net.minecraft.server.MinecraftServer/]: ___________12345 has made the advancement [Well um technically it’s Mythical...]
[21Nov2025 12:09:11.294] [Worker-Main-46/ERROR] [net.minecraft.world.item.ItemStack/]: Tried to load invalid item: 'Unknown registry key in ResourceKey[minecraft:root / minecraft:item]: pixelmon:beast_ball'
[21Nov2025 12:09:11.365] [Worker-Main-46/ERROR] [net.minecraft.world.item.ItemStack/]: Tried to load invalid item: 'Unknown registry key in ResourceKey[minecraft:root / minecraft:item]: pixelmon:beast_ball'
[21Nov2025 12:09:13.015] [Worker-Main-46/ERROR] [net.minecraft.world.item.ItemStack/]: Tried to load invalid item: 'Unknown registry key in ResourceKey[minecraft:root / minecraft:item]: pixelmon:beast_ball'
[21Nov2025 12:09:16.539] [Server thread/INFO] [net.minecraft.server.MinecraftServer/]: <Dulmin> 뮤 레이드였음?
[21Nov2025 12:09:19.835] [Server thread/WARN] [net.minecraft.server.network.ServerGamePacketListenerImpl/]: Dulmin moved wrongly!
[21Nov2025 12:09:49.008] [Worker-Main-46/ERROR] [net.minecraft.world.item.ItemStack/]: Tried to load invalid item: 'Unknown registry key in ResourceKey[minecraft:root / minecraft:item]: pixelmon:beast_ball'
[21Nov2025 12:09:52.044] [Worker-Main-46/ERROR] [net.minecraft.world.item.ItemStack/]: Tried to load invalid item: 'Unknown registry key in ResourceKey[minecraft:root / minecraft:item]: pixelmon:beast_ball'
[21Nov2025 12:09:57.455] [Worker-Main-47/ERROR] [net.minecraft.world.item.ItemStack/]: Tried to load invalid item: 'Unknown registry key in ResourceKey[minecraft:root / minecraft:item]: pixelmon:beast_ball'
[21Nov2025 12:10:02.440] [Worker-Main-47/ERROR] [net.minecraft.world.item.ItemStack/]: Tried to load invalid item: 'Unknown registry key in ResourceKey[minecraft:root / minecraft:item]: pixelmon:beast_ball'
[21Nov2025 12:10:02.995] [Worker-Main-45/ERROR] [net.minecraft.world.item.ItemStack/]: Tried to load invalid item: 'Unknown registry key in ResourceKey[minecraft:root / minecraft:item]: pixelmon:beast_ball'
[21Nov2025 12:10:07.086] [Server thread/INFO] [net.minecraft.server.MinecraftServer/]: <___________12345> ㄴㄴ
[21Nov2025 12:10:10.136] [Server thread/INFO] [net.minecraft.server.MinecraftServer/]: <___________12345> 뮤 퀘스트
[21Nov2025 12:10:12.728] [Server thread/INFO] [net.minecraft.server.MinecraftServer/]: <___________12345> 다깼ㅇ요
[21Nov2025 12:10:15.074] [Worker-Main-45/ERROR] [net.minecraft.world.item.ItemStack/]: Tried to load invalid item: 'Unknown registry key in ResourceKey[minecraft:root / minecraft:item]: pixelmon:beast_ball'
[21Nov2025 12:10:17.557] [Worker-Main-46/ERROR] [net.minecraft.world.item.ItemStack/]: Tried to load invalid item: 'Unknown registry key in ResourceKey[minecraft:root / minecraft:item]: pixelmon:beast_ball'
[21Nov2025 12:10:17.666] [Worker-Main-45/ERROR] [net.minecraft.world.item.ItemStack/]: Tried to load invalid item: 'Unknown registry key in ResourceKey[minecraft:root / minecraft:item]: pixelmon:beast_ball'
[21Nov2025 12:10:20.203] [Worker-Main-45/ERROR] [net.minecraft.world.item.ItemStack/]: Tried to load invalid item: 'Unknown registry key in ResourceKey[minecraft:root / minecraft:item]: pixelmon:beast_ball'
[21Nov2025 12:10:20.413] [Worker-Main-45/ERROR] [net.minecraft.world.item.ItemStack/]: Tried to load invalid item: 'Unknown registry key in ResourceKey[minecraft:root / minecraft:item]: pixelmon:beast_ball'
[21Nov2025 12:10:20.979] [Server thread/INFO] [net.minecraft.server.MinecraftServer/]: [Pixelmon] Necrozma has appeared in a den in a Ultra Jungle biome!
[21Nov2025 12:10:20.979] [Server thread/INFO] [net.minecraft.server.MinecraftServer/]: Spawned Necrozma at: pixelmon:ultra_space x:-7348, y:90, z:-31668
[21Nov2025 12:10:22.000] [Worker-Main-46/ERROR] [net.minecraft.world.item.ItemStack/]: Tried to load invalid item: 'Unknown registry key in ResourceKey[minecraft:root / minecraft:item]: pixelmon:beast_ball'
[21Nov2025 12:10:26.629] [Worker-Main-46/ERROR] [net.minecraft.world.item.ItemStack/]: Tried to load invalid item: 'Unknown registry key in ResourceKey[minecraft:root / minecraft:item]: pixelmon:beast_ball'
[21Nov2025 12:11:39.192] [RCON Listener #1/INFO] [net.minecraft.server.rcon.thread.GenericThread/]: Thread RCON Client /0:0:0:0:0:0:0:1 started
[21Nov2025 12:11:39.194] [Server thread/INFO] [net.minecraft.server.MinecraftServer/]: [Rcon: Stopping the server]
[21Nov2025 12:11:39.195] [RCON Client /0:0:0:0:0:0:0:1 #2/INFO] [net.minecraft.server.rcon.thread.RconClient/]: Thread RCON Client /0:0:0:0:0:0:0:1 shutting down
